=== bootstrap member 0 on ip-172-31-4-67 ===
mp-spdz-clang21 already applied or does not apply cleanly; continuing
mp-spdz-bmr-phase-timing already applied or does not apply cleanly; continuing
g++ -o Processor/BaseMachine.o Processor/BaseMachine.cpp -DNO_AVX_OT -I./local/include -march=armv8.2-a+crypto  -g -Wextra -Wall -O3 -I. -I./deps -pthread    -DUSE_GF2N_LONG '-DPREP_DIR="Player-Data/"' '-DSSL_DIR="Player-Data/"'  -std=c++20 -Wno-overloaded-virtual  -fPIC -MMD -MP -c
g++ -o Processor/DataPositions.o Processor/DataPositions.cpp -DNO_AVX_OT -I./local/include -march=armv8.2-a+crypto  -g -Wextra -Wall -O3 -I. -I./deps -pthread    -DUSE_GF2N_LONG '-DPREP_DIR="Player-Data/"' '-DSSL_DIR="Player-Data/"'  -std=c++20 -Wno-overloaded-virtual  -fPIC -MMD -MP -c
g++ -o Processor/ExternalClients.o Processor/ExternalClients.cpp -DNO_AVX_OT -I./local/include -march=armv8.2-a+crypto  -g -Wextra -Wall -O3 -I. -I./deps -pthread    -DUSE_GF2N_LONG '-DPREP_DIR="Player-Data/"' '-DSSL_DIR="Player-Data/"'  -std=c++20 -Wno-overloaded-virtual  -fPIC -MMD -MP -c
g++ -o Processor/FixInput.o Processor/FixInput.cpp -DNO_AVX_OT -I./local/include -march=armv8.2-a+crypto  -g -Wextra -Wall -O3 -I. -I./deps -pthread    -DUSE_GF2N_LONG '-DPREP_DIR="Player-Data/"' '-DSSL_DIR="Player-Data/"'  -std=c++20 -Wno-overloaded-virtual  -fPIC -MMD -MP -c
g++ -o Processor/FloatInput.o Processor/FloatInput.cpp -DNO_AVX_OT -I./local/include -march=armv8.2-a+crypto  -g -Wextra -Wall -O3 -I. -I./deps -pthread    -DUSE_GF2N_LONG '-DPREP_DIR="Player-Data/"' '-DSSL_DIR="Player-Data/"'  -std=c++20 -Wno-overloaded-virtual  -fPIC -MMD -MP -c
g++ -o Processor/FunctionArgument.o Processor/FunctionArgument.cpp -DNO_AVX_OT -I./local/include -march=armv8.2-a+crypto  -g -Wextra -Wall -O3 -I. -I./deps -pthread    -DUSE_GF2N_LONG '-DPREP_DIR="Player-Data/"' '-DSSL_DIR="Player-Data/"'  -std=c++20 -Wno-overloaded-virtual  -fPIC -MMD -MP -c
g++ -o Processor/HonestMajorityMachine.o Processor/HonestMajorityMachine.cpp -DNO_AVX_OT -I./local/include -march=armv8.2-a+crypto  -g -Wextra -Wall -O3 -I. -I./deps -pthread    -DUSE_GF2N_LONG '-DPREP_DIR="Player-Data/"' '-DSSL_DIR="Player-Data/"'  -std=c++20 -Wno-overloaded-virtual  -fPIC -MMD -MP -c
g++ -o Processor/Instruction.o Processor/Instruction.cpp -DNO_AVX_OT -I./local/include -march=armv8.2-a+crypto  -g -Wextra -Wall -O3 -I. -I./deps -pthread    -DUSE_GF2N_LONG '-DPREP_DIR="Player-Data/"' '-DSSL_DIR="Player-Data/"'  -std=c++20 -Wno-overloaded-virtual  -fPIC -MMD -MP -c
g++ -o Processor/OnlineOptions.o Processor/OnlineOptions.cpp -DNO_AVX_OT -I./local/include -march=armv8.2-a+crypto  -g -Wextra -Wall -O3 -I. -I./deps -pthread    -DUSE_GF2N_LONG '-DPREP_DIR="Player-Data/"' '-DSSL_DIR="Player-Data/"'  -std=c++20 -Wno-overloaded-virtual  -fPIC -MMD -MP -c
g++ -o Processor/PrepBase.o Processor/PrepBase.cpp -DNO_AVX_OT -I./local/include -march=armv8.2-a+crypto  -g -Wextra -Wall -O3 -I. -I./deps -pthread    -DUSE_GF2N_LONG '-DPREP_DIR="Player-Data/"' '-DSSL_DIR="Player-Data/"'  -std=c++20 -Wno-overloaded-virtual  -fPIC -MMD -MP -c
g++ -o Processor/ProcessorBase.o Processor/ProcessorBase.cpp -DNO_AVX_OT -I./local/include -march=armv8.2-a+crypto  -g -Wextra -Wall -O3 -I. -I./deps -pthread    -DUSE_GF2N_LONG '-DPREP_DIR="Player-Data/"' '-DSSL_DIR="Player-Data/"'  -std=c++20 -Wno-overloaded-virtual  -fPIC -MMD -MP -c
g++ -o Processor/Program.o Processor/Program.cpp -DNO_AVX_OT -I./local/include -march=armv8.2-a+crypto  -g -Wextra -Wall -O3 -I. -I./deps -pthread    -DUSE_GF2N_LONG '-DPREP_DIR="Player-Data/"' '-DSSL_DIR="Player-Data/"'  -std=c++20 -Wno-overloaded-virtual  -fPIC -MMD -MP -c
g++ -o Processor/RingOptions.o Processor/RingOptions.cpp -DNO_AVX_OT -I./local/include -march=armv8.2-a+crypto  -g -Wextra -Wall -O3 -I. -I./deps -pthread    -DUSE_GF2N_LONG '-DPREP_DIR="Player-Data/"' '-DSSL_DIR="Player-Data/"'  -std=c++20 -Wno-overloaded-virtual  -fPIC -MMD -MP -c
g++ -o Processor/ThreadQueue.o Processor/ThreadQueue.cpp -DNO_AVX_OT -I./local/include -march=armv8.2-a+crypto  -g -Wextra -Wall -O3 -I. -I./deps -pthread    -DUSE_GF2N_LONG '-DPREP_DIR="Player-Data/"' '-DSSL_DIR="Player-Data/"'  -std=c++20 -Wno-overloaded-virtual  -fPIC -MMD -MP -c
g++ -o Processor/ThreadQueues.o Processor/ThreadQueues.cpp -DNO_AVX_OT -I./local/include -march=armv8.2-a+crypto  -g -Wextra -Wall -O3 -I. -I./deps -pthread    -DUSE_GF2N_LONG '-DPREP_DIR="Player-Data/"' '-DSSL_DIR="Player-Data/"'  -std=c++20 -Wno-overloaded-virtual  -fPIC -MMD -MP -c
g++ -o Processor/ThreadStats.o Processor/ThreadStats.cpp -DNO_AVX_OT -I./local/include -march=armv8.2-a+crypto  -g -Wextra -Wall -O3 -I. -I./deps -pthread    -DUSE_GF2N_LONG '-DPREP_DIR="Player-Data/"' '-DSSL_DIR="Player-Data/"'  -std=c++20 -Wno-overloaded-virtual  -fPIC -MMD -MP -c
g++ -o Processor/TruncPrTuple.o Processor/TruncPrTuple.cpp -DNO_AVX_OT -I./local/include -march=armv8.2-a+crypto  -g -Wextra -Wall -O3 -I. -I./deps -pthread    -DUSE_GF2N_LONG '-DPREP_DIR="Player-Data/"' '-DSSL_DIR="Player-Data/"'  -std=c++20 -Wno-overloaded-virtual  -fPIC -MMD -MP -c
g++ -o Protocols/ShamirOptions.o Protocols/ShamirOptions.cpp -DNO_AVX_OT -I./local/include -march=armv8.2-a+crypto  -g -Wextra -Wall -O3 -I. -I./deps -pthread    -DUSE_GF2N_LONG '-DPREP_DIR="Player-Data/"' '-DSSL_DIR="Player-Data/"'  -std=c++20 -Wno-overloaded-virtual  -fPIC -MMD -MP -c
g++ -o Protocols/ShareInterface.o Protocols/ShareInterface.cpp -DNO_AVX_OT -I./local/include -march=armv8.2-a+crypto  -g -Wextra -Wall -O3 -I. -I./deps -pthread    -DUSE_GF2N_LONG '-DPREP_DIR="Player-Data/"' '-DSSL_DIR="Player-Data/"'  -std=c++20 -Wno-overloaded-virtual  -fPIC -MMD -MP -c
g++ -o Math/Bit.o Math/Bit.cpp -DNO_AVX_OT -I./local/include -march=armv8.2-a+crypto  -g -Wextra -Wall -O3 -I. -I./deps -pthread    -DUSE_GF2N_LONG '-DPREP_DIR="Player-Data/"' '-DSSL_DIR="Player-Data/"'  -std=c++20 -Wno-overloaded-virtual  -fPIC -MMD -MP -c
g++ -o Math/Setup.o Math/Setup.cpp -DNO_AVX_OT -I./local/include -march=armv8.2-a+crypto  -g -Wextra -Wall -O3 -I. -I./deps -pthread    -DUSE_GF2N_LONG '-DPREP_DIR="Player-Data/"' '-DSSL_DIR="Player-Data/"'  -std=c++20 -Wno-overloaded-virtual  -fPIC -MMD -MP -c
g++ -o Math/Square.o Math/Square.cpp -DNO_AVX_OT -I./local/include -march=armv8.2-a+crypto  -g -Wextra -Wall -O3 -I. -I./deps -pthread    -DUSE_GF2N_LONG '-DPREP_DIR="Player-Data/"' '-DSSL_DIR="Player-Data/"'  -std=c++20 -Wno-overloaded-virtual  -fPIC -MMD -MP -c
g++ -o Math/ValueInterface.o Math/ValueInterface.cpp -DNO_AVX_OT -I./local/include -march=armv8.2-a+crypto  -g -Wextra -Wall -O3 -I. -I./deps -pthread    -DUSE_GF2N_LONG '-DPREP_DIR="Player-Data/"' '-DSSL_DIR="Player-Data/"'  -std=c++20 -Wno-overloaded-virtual  -fPIC -MMD -MP -c
g++ -o Math/Zp_Data.o Math/Zp_Data.cpp -DNO_AVX_OT -I./local/include -march=armv8.2-a+crypto  -g -Wextra -Wall -O3 -I. -I./deps -pthread    -DUSE_GF2N_LONG '-DPREP_DIR="Player-Data/"' '-DSSL_DIR="Player-Data/"'  -std=c++20 -Wno-overloaded-virtual  -fPIC -MMD -MP -c
g++ -o Math/bigint.o Math/bigint.cpp -DNO_AVX_OT -I./local/include -march=armv8.2-a+crypto  -g -Wextra -Wall -O3 -I. -I./deps -pthread    -DUSE_GF2N_LONG '-DPREP_DIR="Player-Data/"' '-DSSL_DIR="Player-Data/"'  -std=c++20 -Wno-overloaded-virtual  -fPIC -MMD -MP -c
g++ -o Math/gf2n.o Math/gf2n.cpp -DNO_AVX_OT -I./local/include -march=armv8.2-a+crypto  -g -Wextra -Wall -O3 -I. -I./deps -pthread    -DUSE_GF2N_LONG '-DPREP_DIR="Player-Data/"' '-DSSL_DIR="Player-Data/"'  -std=c++20 -Wno-overloaded-virtual  -fPIC -MMD -MP -c
g++ -o Math/gf2nlong.o Math/gf2nlong.cpp -DNO_AVX_OT -I./local/include -march=armv8.2-a+crypto  -g -Wextra -Wall -O3 -I. -I./deps -pthread    -DUSE_GF2N_LONG '-DPREP_DIR="Player-Data/"' '-DSSL_DIR="Player-Data/"'  -std=c++20 -Wno-overloaded-virtual  -fPIC -MMD -MP -c
g++ -o Math/gfpvar.o Math/gfpvar.cpp -DNO_AVX_OT -I./local/include -march=armv8.2-a+crypto  -g -Wextra -Wall -O3 -I. -I./deps -pthread    -DUSE_GF2N_LONG '-DPREP_DIR="Player-Data/"' '-DSSL_DIR="Player-Data/"'  -std=c++20 -Wno-overloaded-virtual  -fPIC -MMD -MP -c
g++ -o Math/square128.o Math/square128.cpp -DNO_AVX_OT -I./local/include -march=armv8.2-a+crypto  -g -Wextra -Wall -O3 -I. -I./deps -pthread    -DUSE_GF2N_LONG '-DPREP_DIR="Player-Data/"' '-DSSL_DIR="Player-Data/"'  -std=c++20 -Wno-overloaded-virtual  -fPIC -MMD -MP -c
g++ -o Tools/BitVector.o Tools/BitVector.cpp -DNO_AVX_OT -I./local/include -march=armv8.2-a+crypto  -g -Wextra -Wall -O3 -I. -I./deps -pthread    -DUSE_GF2N_LONG '-DPREP_DIR="Player-Data/"' '-DSSL_DIR="Player-Data/"'  -std=c++20 -Wno-overloaded-virtual  -fPIC -MMD -MP -c
g++ -o Tools/Buffer.o Tools/Buffer.cpp -DNO_AVX_OT -I./local/include -march=armv8.2-a+crypto  -g -Wextra -Wall -O3 -I. -I./deps -pthread    -DUSE_GF2N_LONG '-DPREP_DIR="Player-Data/"' '-DSSL_DIR="Player-Data/"'  -std=c++20 -Wno-overloaded-virtual  -fPIC -MMD -MP -c
g++ -o Tools/CodeLocations.o Tools/CodeLocations.cpp -DNO_AVX_OT -I./local/include -march=armv8.2-a+crypto  -g -Wextra -Wall -O3 -I. -I./deps -pthread    -DUSE_GF2N_LONG '-DPREP_DIR="Player-Data/"' '-DSSL_DIR="Player-Data/"'  -std=c++20 -Wno-overloaded-virtual  -fPIC -MMD -MP -c
g++ -o Tools/Commit.o Tools/Commit.cpp -DNO_AVX_OT -I./local/include -march=armv8.2-a+crypto  -g -Wextra -Wall -O3 -I. -I./deps -pthread    -DUSE_GF2N_LONG '-DPREP_DIR="Player-Data/"' '-DSSL_DIR="Player-Data/"'  -std=c++20 -Wno-overloaded-virtual  -fPIC -MMD -MP -c
g++ -o Tools/Coordinator.o Tools/Coordinator.cpp -DNO_AVX_OT -I./local/include -march=armv8.2-a+crypto  -g -Wextra -Wall -O3 -I. -I./deps -pthread    -DUSE_GF2N_LONG '-DPREP_DIR="Player-Data/"' '-DSSL_DIR="Player-Data/"'  -std=c++20 -Wno-overloaded-virtual  -fPIC -MMD -MP -c
g++ -o Tools/DiskVector.o Tools/DiskVector.cpp -DNO_AVX_OT -I./local/include -march=armv8.2-a+crypto  -g -Wextra -Wall -O3 -I. -I./deps -pthread    -DUSE_GF2N_LONG '-DPREP_DIR="Player-Data/"' '-DSSL_DIR="Player-Data/"'  -std=c++20 -Wno-overloaded-virtual  -fPIC -MMD -MP -c
g++ -o Tools/Exceptions.o Tools/Exceptions.cpp -DNO_AVX_OT -I./local/include -march=armv8.2-a+crypto  -g -Wextra -Wall -O3 -I. -I./deps -pthread    -DUSE_GF2N_LONG '-DPREP_DIR="Player-Data/"' '-DSSL_DIR="Player-Data/"'  -std=c++20 -Wno-overloaded-virtual  -fPIC -MMD -MP -c
g++ -o Tools/ExecutionStats.o Tools/ExecutionStats.cpp -DNO_AVX_OT -I./local/include -march=armv8.2-a+crypto  -g -Wextra -Wall -O3 -I. -I./deps -pthread    -DUSE_GF2N_LONG '-DPREP_DIR="Player-Data/"' '-DSSL_DIR="Player-Data/"'  -std=c++20 -Wno-overloaded-virtual  -fPIC -MMD -MP -c
g++ -o Tools/FlexBuffer.o Tools/FlexBuffer.cpp -DNO_AVX_OT -I./local/include -march=armv8.2-a+crypto  -g -Wextra -Wall -O3 -I. -I./deps -pthread    -DUSE_GF2N_LONG '-DPREP_DIR="Player-Data/"' '-DSSL_DIR="Player-Data/"'  -std=c++20 -Wno-overloaded-virtual  -fPIC -MMD -MP -c
g++ -o Tools/Hash.o Tools/Hash.cpp -DNO_AVX_OT -I./local/include -march=armv8.2-a+crypto  -g -Wextra -Wall -O3 -I. -I./deps -pthread    -DUSE_GF2N_LONG '-DPREP_DIR="Player-Data/"' '-DSSL_DIR="Player-Data/"'  -std=c++20 -Wno-overloaded-virtual  -fPIC -MMD -MP -c
g++ -o Tools/Lock.o Tools/Lock.cpp -DNO_AVX_OT -I./local/include -march=armv8.2-a+crypto  -g -Wextra -Wall -O3 -I. -I./deps -pthread    -DUSE_GF2N_LONG '-DPREP_DIR="Player-Data/"' '-DSSL_DIR="Player-Data/"'  -std=c++20 -Wno-overloaded-virtual  -fPIC -MMD -MP -c
g++ -o Tools/NamedStats.o Tools/NamedStats.cpp -DNO_AVX_OT -I./local/include -march=armv8.2-a+crypto  -g -Wextra -Wall -O3 -I. -I./deps -pthread    -DUSE_GF2N_LONG '-DPREP_DIR="Player-Data/"' '-DSSL_DIR="Player-Data/"'  -std=c++20 -Wno-overloaded-virtual  -fPIC -MMD -MP -c
g++ -o Tools/NetworkOptions.o Tools/NetworkOptions.cpp -DNO_AVX_OT -I./local/include -march=armv8.2-a+crypto  -g -Wextra -Wall -O3 -I. -I./deps -pthread    -DUSE_GF2N_LONG '-DPREP_DIR="Player-Data/"' '-DSSL_DIR="Player-Data/"'  -std=c++20 -Wno-overloaded-virtual  -fPIC -MMD -MP -c
g++ -o Tools/OfflineMachineBase.o Tools/OfflineMachineBase.cpp -DNO_AVX_OT -I./local/include -march=armv8.2-a+crypto  -g -Wextra -Wall -O3 -I. -I./deps -pthread    -DUSE_GF2N_LONG '-DPREP_DIR="Player-Data/"' '-DSSL_DIR="Player-Data/"'  -std=c++20 -Wno-overloaded-virtual  -fPIC -MMD -MP -c
g++ -o Tools/Signal.o Tools/Signal.cpp -DNO_AVX_OT -I./local/include -march=armv8.2-a+crypto  -g -Wextra -Wall -O3 -I. -I./deps -pthread    -DUSE_GF2N_LONG '-DPREP_DIR="Player-Data/"' '-DSSL_DIR="Player-Data/"'  -std=c++20 -Wno-overloaded-virtual  -fPIC -MMD -MP -c
g++ -o Tools/Subroutines.o Tools/Subroutines.cpp -DNO_AVX_OT -I./local/include -march=armv8.2-a+crypto  -g -Wextra -Wall -O3 -I. -I./deps -pthread    -DUSE_GF2N_LONG '-DPREP_DIR="Player-Data/"' '-DSSL_DIR="Player-Data/"'  -std=c++20 -Wno-overloaded-virtual  -fPIC -MMD -MP -c
g++ -o Tools/TimerWithComm.o Tools/TimerWithComm.cpp -DNO_AVX_OT -I./local/include -march=armv8.2-a+crypto  -g -Wextra -Wall -O3 -I. -I./deps -pthread    -DUSE_GF2N_LONG '-DPREP_DIR="Player-Data/"' '-DSSL_DIR="Player-Data/"'  -std=c++20 -Wno-overloaded-virtual  -fPIC -MMD -MP -c
g++ -o Tools/Waksman.o Tools/Waksman.cpp -DNO_AVX_OT -I./local/include -march=armv8.2-a+crypto  -g -Wextra -Wall -O3 -I. -I./deps -pthread    -DUSE_GF2N_LONG '-DPREP_DIR="Player-Data/"' '-DSSL_DIR="Player-Data/"'  -std=c++20 -Wno-overloaded-virtual  -fPIC -MMD -MP -c
g++ -o Tools/aes-ni.o Tools/aes-ni.cpp -DNO_AVX_OT -I./local/include -march=armv8.2-a+crypto  -g -Wextra -Wall -O3 -I. -I./deps -pthread    -DUSE_GF2N_LONG '-DPREP_DIR="Player-Data/"' '-DSSL_DIR="Player-Data/"'  -std=c++20 -Wno-overloaded-virtual  -fPIC -MMD -MP -c
g++ -o Tools/aes.o Tools/aes.cpp -DNO_AVX_OT -I./local/include -march=armv8.2-a+crypto  -g -Wextra -Wall -O3 -I. -I./deps -pthread    -DUSE_GF2N_LONG '-DPREP_DIR="Player-Data/"' '-DSSL_DIR="Player-Data/"'  -std=c++20 -Wno-overloaded-virtual  -fPIC -MMD -MP -c
g++ -o Tools/benchmarking.o Tools/benchmarking.cpp -DNO_AVX_OT -I./local/include -march=armv8.2-a+crypto  -g -Wextra -Wall -O3 -I. -I./deps -pthread    -DUSE_GF2N_LONG '-DPREP_DIR="Player-Data/"' '-DSSL_DIR="Player-Data/"'  -std=c++20 -Wno-overloaded-virtual  -fPIC -MMD -MP -c
g++ -o Tools/mkpath.o Tools/mkpath.cpp -DNO_AVX_OT -I./local/include -march=armv8.2-a+crypto  -g -Wextra -Wall -O3 -I. -I./deps -pthread    -DUSE_GF2N_LONG '-DPREP_DIR="Player-Data/"' '-DSSL_DIR="Player-Data/"'  -std=c++20 -Wno-overloaded-virtual  -fPIC -MMD -MP -c
g++ -o Tools/names.o Tools/names.cpp -DNO_AVX_OT -I./local/include -march=armv8.2-a+crypto  -g -Wextra -Wall -O3 -I. -I./deps -pthread    -DUSE_GF2N_LONG '-DPREP_DIR="Player-Data/"' '-DSSL_DIR="Player-Data/"'  -std=c++20 -Wno-overloaded-virtual  -fPIC -MMD -MP -c
g++ -o Tools/octetStream.o Tools/octetStream.cpp -DNO_AVX_OT -I./local/include -march=armv8.2-a+crypto  -g -Wextra -Wall -O3 -I. -I./deps -pthread    -DUSE_GF2N_LONG '-DPREP_DIR="Player-Data/"' '-DSSL_DIR="Player-Data/"'  -std=c++20 -Wno-overloaded-virtual  -fPIC -MMD -MP -c
g++ -o Tools/random.o Tools/random.cpp -DNO_AVX_OT -I./local/include -march=armv8.2-a+crypto  -g -Wextra -Wall -O3 -I. -I./deps -pthread    -DUSE_GF2N_LONG '-DPREP_DIR="Player-Data/"' '-DSSL_DIR="Player-Data/"'  -std=c++20 -Wno-overloaded-virtual  -fPIC -MMD -MP -c
g++ -o Tools/time-func.o Tools/time-func.cpp -DNO_AVX_OT -I./local/include -march=armv8.2-a+crypto  -g -Wextra -Wall -O3 -I. -I./deps -pthread    -DUSE_GF2N_LONG '-DPREP_DIR="Player-Data/"' '-DSSL_DIR="Player-Data/"'  -std=c++20 -Wno-overloaded-virtual  -fPIC -MMD -MP -c
g++ -o Networking/CryptoPlayer.o Networking/CryptoPlayer.cpp -DNO_AVX_OT -I./local/include -march=armv8.2-a+crypto  -g -Wextra -Wall -O3 -I. -I./deps -pthread    -DUSE_GF2N_LONG '-DPREP_DIR="Player-Data/"' '-DSSL_DIR="Player-Data/"'  -std=c++20 -Wno-overloaded-virtual  -fPIC -MMD -MP -c
g++ -o Networking/Player.o Networking/Player.cpp -DNO_AVX_OT -I./local/include -march=armv8.2-a+crypto  -g -Wextra -Wall -O3 -I. -I./deps -pthread    -DUSE_GF2N_LONG '-DPREP_DIR="Player-Data/"' '-DSSL_DIR="Player-Data/"'  -std=c++20 -Wno-overloaded-virtual  -fPIC -MMD -MP -c
g++ -o Networking/Receiver.o Networking/Receiver.cpp -DNO_AVX_OT -I./local/include -march=armv8.2-a+crypto  -g -Wextra -Wall -O3 -I. -I./deps -pthread    -DUSE_GF2N_LONG '-DPREP_DIR="Player-Data/"' '-DSSL_DIR="Player-Data/"'  -std=c++20 -Wno-overloaded-virtual  -fPIC -MMD -MP -c
g++ -o Networking/Sender.o Networking/Sender.cpp -DNO_AVX_OT -I./local/include -march=armv8.2-a+crypto  -g -Wextra -Wall -O3 -I. -I./deps -pthread    -DUSE_GF2N_LONG '-DPREP_DIR="Player-Data/"' '-DSSL_DIR="Player-Data/"'  -std=c++20 -Wno-overloaded-virtual  -fPIC -MMD -MP -c
g++ -o Networking/Server.o Networking/Server.cpp -DNO_AVX_OT -I./local/include -march=armv8.2-a+crypto  -g -Wextra -Wall -O3 -I. -I./deps -pthread    -DUSE_GF2N_LONG '-DPREP_DIR="Player-Data/"' '-DSSL_DIR="Player-Data/"'  -std=c++20 -Wno-overloaded-virtual  -fPIC -MMD -MP -c
g++ -o Networking/ServerSocket.o Networking/ServerSocket.cpp -DNO_AVX_OT -I./local/include -march=armv8.2-a+crypto  -g -Wextra -Wall -O3 -I. -I./deps -pthread    -DUSE_GF2N_LONG '-DPREP_DIR="Player-Data/"' '-DSSL_DIR="Player-Data/"'  -std=c++20 -Wno-overloaded-virtual  -fPIC -MMD -MP -c
g++ -o Networking/sockets.o Networking/sockets.cpp -DNO_AVX_OT -I./local/include -march=armv8.2-a+crypto  -g -Wextra -Wall -O3 -I. -I./deps -pthread    -DUSE_GF2N_LONG '-DPREP_DIR="Player-Data/"' '-DSSL_DIR="Player-Data/"'  -std=c++20 -Wno-overloaded-virtual  -fPIC -MMD -MP -c
g++ -o GC/square64.o GC/square64.cpp -DNO_AVX_OT -I./local/include -march=armv8.2-a+crypto  -g -Wextra -Wall -O3 -I. -I./deps -pthread    -DUSE_GF2N_LONG '-DPREP_DIR="Player-Data/"' '-DSSL_DIR="Player-Data/"'  -std=c++20 -Wno-overloaded-virtual  -fPIC -MMD -MP -c
g++ -o GC/Instruction.o GC/Instruction.cpp -DNO_AVX_OT -I./local/include -march=armv8.2-a+crypto  -g -Wextra -Wall -O3 -I. -I./deps -pthread    -DUSE_GF2N_LONG '-DPREP_DIR="Player-Data/"' '-DSSL_DIR="Player-Data/"'  -std=c++20 -Wno-overloaded-virtual  -fPIC -MMD -MP -c
g++ -o Machines/replicated-bin-party.o Machines/replicated-bin-party.cpp -DNO_AVX_OT -I./local/include -march=armv8.2-a+crypto  -g -Wextra -Wall -O3 -I. -I./deps -pthread    -DUSE_GF2N_LONG '-DPREP_DIR="Player-Data/"' '-DSSL_DIR="Player-Data/"'  -std=c++20 -Wno-overloaded-virtual  -fPIC -MMD -MP -c
g++ -o Machines/malicious-rep-bin-party.o Machines/malicious-rep-bin-party.cpp -DNO_AVX_OT -I./local/include -march=armv8.2-a+crypto  -g -Wextra -Wall -O3 -I. -I./deps -pthread    -DUSE_GF2N_LONG '-DPREP_DIR="Player-Data/"' '-DSSL_DIR="Player-Data/"'  -std=c++20 -Wno-overloaded-virtual  -fPIC -MMD -MP -c
g++ -o Machines/replicated-field-party.o Machines/replicated-field-party.cpp -DNO_AVX_OT -I./local/include -march=armv8.2-a+crypto  -g -Wextra -Wall -O3 -I. -I./deps -pthread    -DUSE_GF2N_LONG '-DPREP_DIR="Player-Data/"' '-DSSL_DIR="Player-Data/"'  -std=c++20 -Wno-overloaded-virtual  -fPIC -MMD -MP -c
g++ -o Machines/malicious-rep-field-party.o Machines/malicious-rep-field-party.cpp -DNO_AVX_OT -I./local/include -march=armv8.2-a+crypto  -g -Wextra -Wall -O3 -I. -I./deps -pthread    -DUSE_GF2N_LONG '-DPREP_DIR="Player-Data/"' '-DSSL_DIR="Player-Data/"'  -std=c++20 -Wno-overloaded-virtual  -fPIC -MMD -MP -c
g++ -o Machines/BMR/rep-bmr-party.o Machines/BMR/rep-bmr-party.cpp -DNO_AVX_OT -I./local/include -march=armv8.2-a+crypto  -g -Wextra -Wall -O3 -I. -I./deps -pthread    -DUSE_GF2N_LONG '-DPREP_DIR="Player-Data/"' '-DSSL_DIR="Player-Data/"'  -std=c++20 -Wno-overloaded-virtual  -fPIC -MMD -MP -c
g++ -o BMR/AndJob.o BMR/AndJob.cpp -DNO_AVX_OT -I./local/include -march=armv8.2-a+crypto  -g -Wextra -Wall -O3 -I. -I./deps -pthread    -DUSE_GF2N_LONG '-DPREP_DIR="Player-Data/"' '-DSSL_DIR="Player-Data/"'  -std=c++20 -Wno-overloaded-virtual  -fPIC -MMD -MP -c
g++ -o BMR/CommonParty.o BMR/CommonParty.cpp -DNO_AVX_OT -I./local/include -march=armv8.2-a+crypto  -g -Wextra -Wall -O3 -I. -I./deps -pthread    -DUSE_GF2N_LONG '-DPREP_DIR="Player-Data/"' '-DSSL_DIR="Player-Data/"'  -std=c++20 -Wno-overloaded-virtual  -fPIC -MMD -MP -c
g++ -o BMR/GarbledGate.o BMR/GarbledGate.cpp -DNO_AVX_OT -I./local/include -march=armv8.2-a+crypto  -g -Wextra -Wall -O3 -I. -I./deps -pthread    -DUSE_GF2N_LONG '-DPREP_DIR="Player-Data/"' '-DSSL_DIR="Player-Data/"'  -std=c++20 -Wno-overloaded-virtual  -fPIC -MMD -MP -c
In file included from ./Protocols/ReplicatedInput.hpp:12,
                 from ./Protocols/ShamirInput.hpp:11,
                 from ./Protocols/fake-stuff.hpp:12,
                 from ./BMR/RealProgramParty.hpp:24,
                 from Machines/BMR/rep-bmr-party.cpp:6:
./Processor/Input.hpp: In instantiation of ‘T InputBase<T>::finalize(int, int) [with T = Rep3Share<gf2n_long>]’:
./BMR/RealProgramParty.hpp:136:37:   required from ‘RealProgramParty<T>::RealProgramParty(int, const char**) [with T = Rep3Share<gf2n_long>]’
Machines/BMR/rep-bmr-party.cpp:11:54:   required from here
./Processor/Input.hpp:216:3: note: parameter passing for argument of type ‘Rep3Share<gf2n_long>’ when C++17 is enabled changed to match C++14 in GCC 10.1
  216 | T InputBase<T>::finalize(int player, int n_bits)
      |   ^~~~~~~~~~~~
In file included from ./Protocols/Rep3Share2k.h:9,
                 from ./Protocols/Replicated.hpp:18,
                 from ./Protocols/Beaver.hpp:11,
                 from ./Machines/Rep.hpp:14,
                 from Machines/BMR/rep-bmr-party.cpp:7:
./Protocols/Rep3Share.h: In instantiation of ‘RepShare<T, L> RepShare<T, L>::operator*(const U&) const [with U = int; T = gf2n_long; int L = 2]’:
./BMR/RealGarbleWire.hpp:60:28:   required from ‘void GarbleJob<T>::middle_round(RealProgramParty<T>&, Protocol&) [with T = Rep3Share<gf2n_long>; Protocol = Replicated<Rep3Share<gf2n_long> >]’
./BMR/RealProgramParty.hpp:243:20:   required from ‘void RealProgramParty<T>::garble() [with T = Rep3Share<gf2n_long>]’
./BMR/RealProgramParty.hpp:168:3:   required from ‘RealProgramParty<T>::RealProgramParty(int, const char**) [with T = Rep3Share<gf2n_long>]’
Machines/BMR/rep-bmr-party.cpp:11:54:   required from here
./Protocols/Rep3Share.h:58:14: note: parameter passing for argument of type ‘RepShare<gf2n_long, 2>’ when C++17 is enabled changed to match C++14 in GCC 10.1
   58 |     RepShare operator*(const U& other) const
      |              ^~~~~~~~
In file included from ./Protocols/Replicated.h:19,
                 from ./Protocols/Beaver.h:13,
                 from ./Protocols/SemiShare.h:9,
                 from ./Protocols/Share.h:12,
                 from ./BMR/SpdzWire.h:9,
                 from ./BMR/Party.h:13,
                 from ./BMR/RealProgramParty.h:9,
                 from ./BMR/RealProgramParty.hpp:6:
./Math/FixedVec.h: In instantiation of ‘FixedVec<T, L> FixedVec<T, L>::operator+(const FixedVec<T, L>&) const [with T = gf2n_long; int L = 2]’:
./BMR/RealGarbleWire.hpp:60:17:   required from ‘void GarbleJob<T>::middle_round(RealProgramParty<T>&, Protocol&) [with T = Rep3Share<gf2n_long>; Protocol = Replicated<Rep3Share<gf2n_long> >]’
./BMR/RealProgramParty.hpp:243:20:   required from ‘void RealProgramParty<T>::garble() [with T = Rep3Share<gf2n_long>]’
./BMR/RealProgramParty.hpp:168:3:   required from ‘RealProgramParty<T>::RealProgramParty(int, const char**) [with T = Rep3Share<gf2n_long>]’
Machines/BMR/rep-bmr-party.cpp:11:54:   required from here
./Math/FixedVec.h:170:19: note: parameter passing for argument of type ‘FixedVec<gf2n_long, 2>’ when C++17 is enabled changed to match C++14 in GCC 10.1
  170 |     FixedVec<T, L>operator+(const FixedVec<T, L>& other) const
      |                   ^~~~~~~~
./Protocols/Rep3Share.h: In instantiation of ‘static Rep3Share<T> Rep3Share<T>::constant(T, int, typename super::mac_key_type) [with T = gf2n_long; typename super::mac_key_type = GC::NoValue; super = RepShare<gf2n_long, 2>]’:
./BMR/RealGarbleWire.hpp:61:22:   required from ‘void GarbleJob<T>::middle_round(RealProgramParty<T>&, Protocol&) [with T = Rep3Share<gf2n_long>; Protocol = Replicated<Rep3Share<gf2n_long> >]’
./BMR/RealProgramParty.hpp:243:20:   required from ‘void RealProgramParty<T>::garble() [with T = Rep3Share<gf2n_long>]’
./BMR/RealProgramParty.hpp:168:3:   required from ‘RealProgramParty<T>::RealProgramParty(int, const char**) [with T = Rep3Share<gf2n_long>]’
Machines/BMR/rep-bmr-party.cpp:11:54:   required from here
./Protocols/Rep3Share.h:160:22: note: parameter passing for argument of type ‘Rep3Share<gf2n_long>’ when C++17 is enabled changed to match C++14 in GCC 10.1
  160 |     static Rep3Share constant(T value, int my_num,
      |                      ^~~~~~~~
In file included from ./Protocols/Rep3Share2k.h:9,
                 from ./Protocols/Replicated.hpp:18,
                 from ./Processor/OnlineMachine.hpp:15,
                 from ./Processor/FieldMachine.hpp:12,
                 from Machines/replicated-field-party.cpp:7:
./Protocols/Rep3Share.h: In instantiation of ‘static Rep3Share<T> Rep3Share<T>::constant(T, int, typename super::mac_key_type) [with T = gf2n_long; typename super::mac_key_type = GC::NoValue; super = RepShare<gf2n_long, 2>]’:
./Processor/Instruction.hpp:1563:9:   required from ‘void Program::execute_with_errors(Processor<sint, sgf2n>&) const [with sint = Rep3Share<gfp_<0, 1> >; sgf2n = Rep3Share<gf2n_long>]’
./Processor/Instruction.hpp:1496:24:   required from ‘void Program::execute(Processor<sint, sgf2n>&) const [with sint = Rep3Share<gfp_<0, 1> >; sgf2n = Rep3Share<gf2n_long>]’
./Processor/Online-Thread.hpp:289:33:   required from ‘void thread_info<sint, sgf2n>::Sub_Main_Func() [with sint = Rep3Share<gfp_<0, 1> >; sgf2n = Rep3Share<gf2n_long>]’
./Processor/Online-Thread.hpp:449:21:   required from ‘void thread_info<sint, sgf2n>::Main_Func_With_Purge() [with sint = Rep3Share<gfp_<0, 1> >; sgf2n = Rep3Share<gf2n_long>]’
./Processor/Online-Thread.hpp:425:28:   required from ‘static void* thread_info<sint, sgf2n>::Main_Func(void*) [with sint = Rep3Share<gfp_<0, 1> >; sgf2n = Rep3Share<gf2n_long>]’
./Processor/Machine.hpp:208:31:   [ skipping 2 instantiation contexts, use -ftemplate-backtrace-limit=0 to disable ]
./Processor/OnlineMachine.hpp:192:68:   required from ‘int OnlineMachine::run_with_error() [with T = Rep3Share<gfp_<0, 1> >; U = Rep3Share<gf2n_long>]’
./Processor/OnlineMachine.hpp:170:36:   required from ‘int OnlineMachine::run() [with T = Rep3Share<gfp_<0, 1> >; U = Rep3Share<gf2n_long>]’
./Processor/FieldMachine.hpp:50:5:   required from ‘FieldMachine<U, V, W, X>::FieldMachine(int, const char**, ez::ezOptionParser&, OnlineOptions&, int) [with U = Rep3Share; V = Rep3Share; W = HonestMajorityMachine; X = gf2n_long]’
./Processor/FieldMachine.hpp:28:5:   required from ‘HonestMajorityFieldMachine<U, V>::HonestMajorityFieldMachine(int, const char**, ez::ezOptionParser&, int) [with U = Rep3Share; V = HonestMajorityMachine]’
./Processor/FieldMachine.hpp:20:5:   required from ‘HonestMajorityFieldMachine<U, V>::HonestMajorityFieldMachine(int, const char**) [with U = Rep3Share; V = HonestMajorityMachine]’
Machines/replicated-field-party.cpp:12:53:   required from here
./Protocols/Rep3Share.h:160:22: note: parameter passing for argument of type ‘Rep3Share<gf2n_long>’ when C++17 is enabled changed to match C++14 in GCC 10.1
  160 |     static Rep3Share constant(T value, int my_num,
      |                      ^~~~~~~~
In file included from ./Tools/BitVector.h:16,
                 from ./Math/Square.h:9,
                 from ./Math/gfpvar.h:12,
                 from ./Math/modp.hpp:7,
                 from ./Math/gfp.h:16,
                 from ./Math/gfp.hpp:4,
                 from Machines/replicated-field-party.cpp:6:
./Math/FixedVec.h: In instantiation of ‘FixedVec<T, L> FixedVec<T, L>::operator+(const FixedVec<T, L>&) const [with T = gf2n_long; int L = 2]’:
./Processor/Instruction.hpp:1563:9:   required from ‘void Program::execute_with_errors(Processor<sint, sgf2n>&) const [with sint = Rep3Share<gfp_<0, 1> >; sgf2n = Rep3Share<gf2n_long>]’
./Processor/Instruction.hpp:1496:24:   required from ‘void Program::execute(Processor<sint, sgf2n>&) const [with sint = Rep3Share<gfp_<0, 1> >; sgf2n = Rep3Share<gf2n_long>]’
./Processor/Online-Thread.hpp:289:33:   required from ‘void thread_info<sint, sgf2n>::Sub_Main_Func() [with sint = Rep3Share<gfp_<0, 1> >; sgf2n = Rep3Share<gf2n_long>]’
./Processor/Online-Thread.hpp:449:21:   required from ‘void thread_info<sint, sgf2n>::Main_Func_With_Purge() [with sint = Rep3Share<gfp_<0, 1> >; sgf2n = Rep3Share<gf2n_long>]’
./Processor/Online-Thread.hpp:425:28:   required from ‘static void* thread_info<sint, sgf2n>::Main_Func(void*) [with sint = Rep3Share<gfp_<0, 1> >; sgf2n = Rep3Share<gf2n_long>]’
./Processor/Machine.hpp:208:31:   [ skipping 2 instantiation contexts, use -ftemplate-backtrace-limit=0 to disable ]
./Processor/OnlineMachine.hpp:192:68:   required from ‘int OnlineMachine::run_with_error() [with T = Rep3Share<gfp_<0, 1> >; U = Rep3Share<gf2n_long>]’
./Processor/OnlineMachine.hpp:170:36:   required from ‘int OnlineMachine::run() [with T = Rep3Share<gfp_<0, 1> >; U = Rep3Share<gf2n_long>]’
./Processor/FieldMachine.hpp:50:5:   required from ‘FieldMachine<U, V, W, X>::FieldMachine(int, const char**, ez::ezOptionParser&, OnlineOptions&, int) [with U = Rep3Share; V = Rep3Share; W = HonestMajorityMachine; X = gf2n_long]’
./Processor/FieldMachine.hpp:28:5:   required from ‘HonestMajorityFieldMachine<U, V>::HonestMajorityFieldMachine(int, const char**, ez::ezOptionParser&, int) [with U = Rep3Share; V = HonestMajorityMachine]’
./Processor/FieldMachine.hpp:20:5:   required from ‘HonestMajorityFieldMachine<U, V>::HonestMajorityFieldMachine(int, const char**) [with U = Rep3Share; V = HonestMajorityMachine]’
Machines/replicated-field-party.cpp:12:53:   required from here
./Math/FixedVec.h:170:19: note: parameter passing for argument of type ‘FixedVec<gf2n_long, 2>’ when C++17 is enabled changed to match C++14 in GCC 10.1
  170 |     FixedVec<T, L>operator+(const FixedVec<T, L>& other) const
      |                   ^~~~~~~~
./Protocols/Rep3Share.h: In instantiation of ‘RepShare<T, L> RepShare<T, L>::operator*(const U&) const [with U = gf2n_long; T = gf2n_long; int L = 2]’:
./Processor/Instruction.hpp:1563:9:   required from ‘void Program::execute_with_errors(Processor<sint, sgf2n>&) const [with sint = Rep3Share<gfp_<0, 1> >; sgf2n = Rep3Share<gf2n_long>]’
./Processor/Instruction.hpp:1496:24:   required from ‘void Program::execute(Processor<sint, sgf2n>&) const [with sint = Rep3Share<gfp_<0, 1> >; sgf2n = Rep3Share<gf2n_long>]’
./Processor/Online-Thread.hpp:289:33:   required from ‘void thread_info<sint, sgf2n>::Sub_Main_Func() [with sint = Rep3Share<gfp_<0, 1> >; sgf2n = Rep3Share<gf2n_long>]’
./Processor/Online-Thread.hpp:449:21:   required from ‘void thread_info<sint, sgf2n>::Main_Func_With_Purge() [with sint = Rep3Share<gfp_<0, 1> >; sgf2n = Rep3Share<gf2n_long>]’
./Processor/Online-Thread.hpp:425:28:   required from ‘static void* thread_info<sint, sgf2n>::Main_Func(void*) [with sint = Rep3Share<gfp_<0, 1> >; sgf2n = Rep3Share<gf2n_long>]’
./Processor/Machine.hpp:208:31:   [ skipping 2 instantiation contexts, use -ftemplate-backtrace-limit=0 to disable ]
./Processor/OnlineMachine.hpp:192:68:   required from ‘int OnlineMachine::run_with_error() [with T = Rep3Share<gfp_<0, 1> >; U = Rep3Share<gf2n_long>]’
./Processor/OnlineMachine.hpp:170:36:   required from ‘int OnlineMachine::run() [with T = Rep3Share<gfp_<0, 1> >; U = Rep3Share<gf2n_long>]’
./Processor/FieldMachine.hpp:50:5:   required from ‘FieldMachine<U, V, W, X>::FieldMachine(int, const char**, ez::ezOptionParser&, OnlineOptions&, int) [with U = Rep3Share; V = Rep3Share; W = HonestMajorityMachine; X = gf2n_long]’
./Processor/FieldMachine.hpp:28:5:   required from ‘HonestMajorityFieldMachine<U, V>::HonestMajorityFieldMachine(int, const char**, ez::ezOptionParser&, int) [with U = Rep3Share; V = HonestMajorityMachine]’
./Processor/FieldMachine.hpp:20:5:   required from ‘HonestMajorityFieldMachine<U, V>::HonestMajorityFieldMachine(int, const char**) [with U = Rep3Share; V = HonestMajorityMachine]’
Machines/replicated-field-party.cpp:12:53:   required from here
./Protocols/Rep3Share.h:58:14: note: parameter passing for argument of type ‘RepShare<gf2n_long, 2>’ when C++17 is enabled changed to match C++14 in GCC 10.1
   58 |     RepShare operator*(const U& other) const
      |              ^~~~~~~~
g++ -o BMR/Key.o BMR/Key.cpp -DNO_AVX_OT -I./local/include -march=armv8.2-a+crypto  -g -Wextra -Wall -O3 -I. -I./deps -pthread    -DUSE_GF2N_LONG '-DPREP_DIR="Player-Data/"' '-DSSL_DIR="Player-Data/"'  -std=c++20 -Wno-overloaded-virtual  -fPIC -MMD -MP -c
./Protocols/Rep3Share.h: In instantiation of ‘RepShare<T, L> RepShare<T, L>::operator*=(const U&) [with U = int; T = gf2n_long; int L = 2]’:
./Protocols/Rep3Share.h:61:13:   required from ‘RepShare<T, L> RepShare<T, L>::operator*(const U&) const [with U = int; T = gf2n_long; int L = 2]’
./BMR/RealGarbleWire.hpp:60:28:   required from ‘void GarbleJob<T>::middle_round(RealProgramParty<T>&, Protocol&) [with T = Rep3Share<gf2n_long>; Protocol = Replicated<Rep3Share<gf2n_long> >]’
./BMR/RealProgramParty.hpp:243:20:   required from ‘void RealProgramParty<T>::garble() [with T = Rep3Share<gf2n_long>]’
./BMR/RealProgramParty.hpp:168:3:   required from ‘RealProgramParty<T>::RealProgramParty(int, const char**) [with T = Rep3Share<gf2n_long>]’
Machines/BMR/rep-bmr-party.cpp:11:54:   required from here
./Protocols/Rep3Share.h:66:14: note: parameter passing for argument of type ‘RepShare<gf2n_long, 2>’ when C++17 is enabled changed to match C++14 in GCC 10.1
   66 |     RepShare operator*=(const U& other)
      |              ^~~~~~~~
In file included from ./Processor/Online-Thread.hpp:15,
                 from ./Processor/Machine.hpp:7,
                 from ./Machines/Rep.hpp:12,
                 from Machines/replicated-field-party.cpp:8:
./Processor/Input.hpp: In instantiation of ‘T InputBase<T>::finalize(int, int) [with T = Rep3Share<gf2n_long>]’:
./Processor/Input.hpp:195:48:   required from ‘void InputBase<T>::raw_input(SubProcessor<T>&, const ArgVector&, int) [with T = Rep3Share<gf2n_long>; ArgVector = std::vector<unsigned int>]’
./Processor/Instruction.hpp:1137:35:   required from ‘void Instruction::execute(Processor<sint, sgf2n>&) const [with sint = Rep3Share<gfp_<0, 1> >; sgf2n = Rep3Share<gf2n_long>]’
./Processor/Instruction.hpp:1577:30:   required from ‘void Program::execute_with_errors(Processor<sint, sgf2n>&) const [with sint = Rep3Share<gfp_<0, 1> >; sgf2n = Rep3Share<gf2n_long>]’
./Processor/Instruction.hpp:1496:24:   required from ‘void Program::execute(Processor<sint, sgf2n>&) const [with sint = Rep3Share<gfp_<0, 1> >; sgf2n = Rep3Share<gf2n_long>]’
./Processor/Online-Thread.hpp:289:33:   required from ‘void thread_info<sint, sgf2n>::Sub_Main_Func() [with sint = Rep3Share<gfp_<0, 1> >; sgf2n = Rep3Share<gf2n_long>]’
./Processor/Online-Thread.hpp:449:21:   [ skipping 4 instantiation contexts, use -ftemplate-backtrace-limit=0 to disable ]
./Processor/OnlineMachine.hpp:192:68:   required from ‘int OnlineMachine::run_with_error() [with T = Rep3Share<gfp_<0, 1> >; U = Rep3Share<gf2n_long>]’
./Processor/OnlineMachine.hpp:170:36:   required from ‘int OnlineMachine::run() [with T = Rep3Share<gfp_<0, 1> >; U = Rep3Share<gf2n_long>]’
./Processor/FieldMachine.hpp:50:5:   required from ‘FieldMachine<U, V, W, X>::FieldMachine(int, const char**, ez::ezOptionParser&, OnlineOptions&, int) [with U = Rep3Share; V = Rep3Share; W = HonestMajorityMachine; X = gf2n_long]’
./Processor/FieldMachine.hpp:28:5:   required from ‘HonestMajorityFieldMachine<U, V>::HonestMajorityFieldMachine(int, const char**, ez::ezOptionParser&, int) [with U = Rep3Share; V = HonestMajorityMachine]’
./Processor/FieldMachine.hpp:20:5:   required from ‘HonestMajorityFieldMachine<U, V>::HonestMajorityFieldMachine(int, const char**) [with U = Rep3Share; V = HonestMajorityMachine]’
Machines/replicated-field-party.cpp:12:53:   required from here
./Processor/Input.hpp:216:3: note: parameter passing for argument of type ‘Rep3Share<gf2n_long>’ when C++17 is enabled changed to match C++14 in GCC 10.1
  216 | T InputBase<T>::finalize(int player, int n_bits)
      |   ^~~~~~~~~~~~
./Math/FixedVec.h: In instantiation of ‘FixedVec<T, L> FixedVec<T, L>::operator<<(int) const [with T = gf2n_long; int L = 2]’:
./BMR/Register.hpp:189:35:   required from ‘static void EvalRegister::load(std::vector<GC::ReadAccess<T> >&, const GC::Memory<U>&) [with T = GC::Secret<EvalRegister>; U = Rep3Share<gf2n_long>]’
./GC/Secret.hpp:176:12:   required from ‘static void GC::Secret<T>::load(std::vector<GC::ReadAccess<V> >&, const U&) [with U = GC::Memory<Rep3Share<gf2n_long> >; V = GC::Secret<EvalRegister>; T = EvalRegister]’
./GC/Processor.hpp:148:12:   required from ‘void GC::Processor<T>::load_dynamic_direct(const ArgVector&, U&) [with U = GC::Memory<Rep3Share<gf2n_long> >; T = GC::Secret<EvalRegister>; ArgVector = std::vector<unsigned int>]’
./GC/Program.hpp:145:9:   required from ‘GC::BreakType GC::Program::execute_with_errors(GC::Processor<T>&, U&, int) const [with T = GC::Secret<EvalRegister>; U = GC::Memory<Rep3Share<gf2n_long> >]’
./GC/Program.hpp:91:35:   required from ‘GC::BreakType GC::Program::execute(GC::Processor<T>&, U&, int) const [with T = GC::Secret<EvalRegister>; U = GC::Memory<Rep3Share<gf2n_long> >]’
./BMR/CommonParty.hpp:58:25:   required from ‘GC::BreakType CommonParty::second_phase(GC::Program&, GC::Processor<T>&, GC::Machine<T>&, U&) [with T = GC::Secret<EvalRegister>; U = GC::Memory<Rep3Share<gf2n_long> >]’
./BMR/RealProgramParty.hpp:190:30:   required from ‘RealProgramParty<T>::RealProgramParty(int, const char**) [with T = Rep3Share<gf2n_long>]’
Machines/BMR/rep-bmr-party.cpp:11:54:   required from here
./Math/FixedVec.h:270:20: note: parameter passing for argument of type ‘FixedVec<gf2n_long, 2>’ when C++17 is enabled changed to match C++14 in GCC 10.1
  270 |     FixedVec<T, L> operator<<(int i) const
      |                    ^~~~~~~~
In file included from ./Protocols/MaliciousRep3Share.h:9,
                 from Machines/malicious-rep-field-party.cpp:6:
./Protocols/Rep3Share.h: In instantiation of ‘static Rep3Share<T> Rep3Share<T>::constant(T, int, typename super::mac_key_type) [with T = gf2n_long; typename super::mac_key_type = GC::NoValue; super = RepShare<gf2n_long, 2>]’:
./Processor/Instruction.hpp:1563:9:   required from ‘void Program::execute_with_errors(Processor<sint, sgf2n>&) const [with sint = MaliciousRep3Share<gfp_<0, 1> >; sgf2n = MaliciousRep3Share<gf2n_long>]’
./Processor/Instruction.hpp:1496:24:   required from ‘void Program::execute(Processor<sint, sgf2n>&) const [with sint = MaliciousRep3Share<gfp_<0, 1> >; sgf2n = MaliciousRep3Share<gf2n_long>]’
./Processor/Online-Thread.hpp:289:33:   required from ‘void thread_info<sint, sgf2n>::Sub_Main_Func() [with sint = MaliciousRep3Share<gfp_<0, 1> >; sgf2n = MaliciousRep3Share<gf2n_long>]’
./Processor/Online-Thread.hpp:449:21:   required from ‘void thread_info<sint, sgf2n>::Main_Func_With_Purge() [with sint = MaliciousRep3Share<gfp_<0, 1> >; sgf2n = MaliciousRep3Share<gf2n_long>]’
./Processor/Online-Thread.hpp:425:28:   required from ‘static void* thread_info<sint, sgf2n>::Main_Func(void*) [with sint = MaliciousRep3Share<gfp_<0, 1> >; sgf2n = MaliciousRep3Share<gf2n_long>]’
./Processor/Machine.hpp:208:31:   [ skipping 2 instantiation contexts, use -ftemplate-backtrace-limit=0 to disable ]
./Processor/OnlineMachine.hpp:192:68:   required from ‘int OnlineMachine::run_with_error() [with T = MaliciousRep3Share<gfp_<0, 1> >; U = MaliciousRep3Share<gf2n_long>]’
./Processor/OnlineMachine.hpp:170:36:   required from ‘int OnlineMachine::run() [with T = MaliciousRep3Share<gfp_<0, 1> >; U = MaliciousRep3Share<gf2n_long>]’
./Processor/FieldMachine.hpp:50:5:   required from ‘FieldMachine<U, V, W, X>::FieldMachine(int, const char**, ez::ezOptionParser&, OnlineOptions&, int) [with U = MaliciousRep3Share; V = MaliciousRep3Share; W = HonestMajorityMachine; X = gf2n_long]’
./Processor/FieldMachine.hpp:28:5:   required from ‘HonestMajorityFieldMachine<U, V>::HonestMajorityFieldMachine(int, const char**, ez::ezOptionParser&, int) [with U = MaliciousRep3Share; V = HonestMajorityMachine]’
./Processor/FieldMachine.hpp:20:5:   required from ‘HonestMajorityFieldMachine<U, V>::HonestMajorityFieldMachine(int, const char**) [with U = MaliciousRep3Share; V = HonestMajorityMachine]’
Machines/malicious-rep-field-party.cpp:14:62:   required from here
./Protocols/Rep3Share.h:160:22: note: parameter passing for argument of type ‘Rep3Share<gf2n_long>’ when C++17 is enabled changed to match C++14 in GCC 10.1
  160 |     static Rep3Share constant(T value, int my_num,
      |                      ^~~~~~~~
In file included from ./Protocols/Rep3Share.h:9:
./Math/FixedVec.h: In instantiation of ‘FixedVec<T, L> FixedVec<T, L>::operator+(const FixedVec<T, L>&) const [with T = gf2n_long; int L = 2]’:
./Processor/Instruction.hpp:1563:9:   required from ‘void Program::execute_with_errors(Processor<sint, sgf2n>&) const [with sint = MaliciousRep3Share<gfp_<0, 1> >; sgf2n = MaliciousRep3Share<gf2n_long>]’
./Processor/Instruction.hpp:1496:24:   required from ‘void Program::execute(Processor<sint, sgf2n>&) const [with sint = MaliciousRep3Share<gfp_<0, 1> >; sgf2n = MaliciousRep3Share<gf2n_long>]’
./Processor/Online-Thread.hpp:289:33:   required from ‘void thread_info<sint, sgf2n>::Sub_Main_Func() [with sint = MaliciousRep3Share<gfp_<0, 1> >; sgf2n = MaliciousRep3Share<gf2n_long>]’
./Processor/Online-Thread.hpp:449:21:   required from ‘void thread_info<sint, sgf2n>::Main_Func_With_Purge() [with sint = MaliciousRep3Share<gfp_<0, 1> >; sgf2n = MaliciousRep3Share<gf2n_long>]’
./Processor/Online-Thread.hpp:425:28:   required from ‘static void* thread_info<sint, sgf2n>::Main_Func(void*) [with sint = MaliciousRep3Share<gfp_<0, 1> >; sgf2n = MaliciousRep3Share<gf2n_long>]’
./Processor/Machine.hpp:208:31:   [ skipping 2 instantiation contexts, use -ftemplate-backtrace-limit=0 to disable ]
./Processor/OnlineMachine.hpp:192:68:   required from ‘int OnlineMachine::run_with_error() [with T = MaliciousRep3Share<gfp_<0, 1> >; U = MaliciousRep3Share<gf2n_long>]’
./Processor/OnlineMachine.hpp:170:36:   required from ‘int OnlineMachine::run() [with T = MaliciousRep3Share<gfp_<0, 1> >; U = MaliciousRep3Share<gf2n_long>]’
./Processor/FieldMachine.hpp:50:5:   required from ‘FieldMachine<U, V, W, X>::FieldMachine(int, const char**, ez::ezOptionParser&, OnlineOptions&, int) [with U = MaliciousRep3Share; V = MaliciousRep3Share; W = HonestMajorityMachine; X = gf2n_long]’
./Processor/FieldMachine.hpp:28:5:   required from ‘HonestMajorityFieldMachine<U, V>::HonestMajorityFieldMachine(int, const char**, ez::ezOptionParser&, int) [with U = MaliciousRep3Share; V = HonestMajorityMachine]’
./Processor/FieldMachine.hpp:20:5:   required from ‘HonestMajorityFieldMachine<U, V>::HonestMajorityFieldMachine(int, const char**) [with U = MaliciousRep3Share; V = HonestMajorityMachine]’
Machines/malicious-rep-field-party.cpp:14:62:   required from here
./Math/FixedVec.h:170:19: note: parameter passing for argument of type ‘FixedVec<gf2n_long, 2>’ when C++17 is enabled changed to match C++14 in GCC 10.1
  170 |     FixedVec<T, L>operator+(const FixedVec<T, L>& other) const
      |                   ^~~~~~~~
./Protocols/Rep3Share.h: In instantiation of ‘RepShare<T, L> RepShare<T, L>::operator*(const U&) const [with U = gf2n_long; T = gf2n_long; int L = 2]’:
./Processor/Instruction.hpp:1563:9:   required from ‘void Program::execute_with_errors(Processor<sint, sgf2n>&) const [with sint = MaliciousRep3Share<gfp_<0, 1> >; sgf2n = MaliciousRep3Share<gf2n_long>]’
./Processor/Instruction.hpp:1496:24:   required from ‘void Program::execute(Processor<sint, sgf2n>&) const [with sint = MaliciousRep3Share<gfp_<0, 1> >; sgf2n = MaliciousRep3Share<gf2n_long>]’
./Processor/Online-Thread.hpp:289:33:   required from ‘void thread_info<sint, sgf2n>::Sub_Main_Func() [with sint = MaliciousRep3Share<gfp_<0, 1> >; sgf2n = MaliciousRep3Share<gf2n_long>]’
./Processor/Online-Thread.hpp:449:21:   required from ‘void thread_info<sint, sgf2n>::Main_Func_With_Purge() [with sint = MaliciousRep3Share<gfp_<0, 1> >; sgf2n = MaliciousRep3Share<gf2n_long>]’
./Processor/Online-Thread.hpp:425:28:   required from ‘static void* thread_info<sint, sgf2n>::Main_Func(void*) [with sint = MaliciousRep3Share<gfp_<0, 1> >; sgf2n = MaliciousRep3Share<gf2n_long>]’
./Processor/Machine.hpp:208:31:   [ skipping 2 instantiation contexts, use -ftemplate-backtrace-limit=0 to disable ]
./Processor/OnlineMachine.hpp:192:68:   required from ‘int OnlineMachine::run_with_error() [with T = MaliciousRep3Share<gfp_<0, 1> >; U = MaliciousRep3Share<gf2n_long>]’
./Processor/OnlineMachine.hpp:170:36:   required from ‘int OnlineMachine::run() [with T = MaliciousRep3Share<gfp_<0, 1> >; U = MaliciousRep3Share<gf2n_long>]’
./Processor/FieldMachine.hpp:50:5:   required from ‘FieldMachine<U, V, W, X>::FieldMachine(int, const char**, ez::ezOptionParser&, OnlineOptions&, int) [with U = MaliciousRep3Share; V = MaliciousRep3Share; W = HonestMajorityMachine; X = gf2n_long]’
./Processor/FieldMachine.hpp:28:5:   required from ‘HonestMajorityFieldMachine<U, V>::HonestMajorityFieldMachine(int, const char**, ez::ezOptionParser&, int) [with U = MaliciousRep3Share; V = HonestMajorityMachine]’
./Processor/FieldMachine.hpp:20:5:   required from ‘HonestMajorityFieldMachine<U, V>::HonestMajorityFieldMachine(int, const char**) [with U = MaliciousRep3Share; V = HonestMajorityMachine]’
Machines/malicious-rep-field-party.cpp:14:62:   required from here
./Protocols/Rep3Share.h:58:14: note: parameter passing for argument of type ‘RepShare<gf2n_long, 2>’ when C++17 is enabled changed to match C++14 in GCC 10.1
   58 |     RepShare operator*(const U& other) const
      |              ^~~~~~~~
./Math/FixedVec.h: In instantiation of ‘FixedVec<T, L> FixedVec<T, L>::operator>>(int) const [with T = gf2n_long; int L = 2]’:
./Protocols/Rep3Share.h:111:27:   required from ‘static void RepShare<T, L>::shrsi(SubProcessor<U>&, const Instruction&, std::false_type) [with U = Rep3Share<gf2n_long>; T = gf2n_long; int L = 2; std::false_type = std::integral_constant<bool, false>]’
./Protocols/Rep3Share.h:93:14:   required from ‘static void RepShare<T, L>::shrsi(SubProcessor<U>&, const Instruction&) [with U = Rep3Share<gf2n_long>; T = gf2n_long; int L = 2]’
./Processor/Instruction.hpp:1163:21:   required from ‘void Instruction::execute(Processor<sint, sgf2n>&) const [with sint = Rep3Share<gfp_<0, 1> >; sgf2n = Rep3Share<gf2n_long>]’
./Processor/Instruction.hpp:1577:30:   required from ‘void Program::execute_with_errors(Processor<sint, sgf2n>&) const [with sint = Rep3Share<gfp_<0, 1> >; sgf2n = Rep3Share<gf2n_long>]’
./Processor/Instruction.hpp:1496:24:   required from ‘void Program::execute(Processor<sint, sgf2n>&) const [with sint = Rep3Share<gfp_<0, 1> >; sgf2n = Rep3Share<gf2n_long>]’
./Processor/Online-Thread.hpp:289:33:   [ skipping 5 instantiation contexts, use -ftemplate-backtrace-limit=0 to disable ]
./Processor/OnlineMachine.hpp:192:68:   required from ‘int OnlineMachine::run_with_error() [with T = Rep3Share<gfp_<0, 1> >; U = Rep3Share<gf2n_long>]’
./Processor/OnlineMachine.hpp:170:36:   required from ‘int OnlineMachine::run() [with T = Rep3Share<gfp_<0, 1> >; U = Rep3Share<gf2n_long>]’
./Processor/FieldMachine.hpp:50:5:   required from ‘FieldMachine<U, V, W, X>::FieldMachine(int, const char**, ez::ezOptionParser&, OnlineOptions&, int) [with U = Rep3Share; V = Rep3Share; W = HonestMajorityMachine; X = gf2n_long]’
./Processor/FieldMachine.hpp:28:5:   required from ‘HonestMajorityFieldMachine<U, V>::HonestMajorityFieldMachine(int, const char**, ez::ezOptionParser&, int) [with U = Rep3Share; V = HonestMajorityMachine]’
./Processor/FieldMachine.hpp:20:5:   required from ‘HonestMajorityFieldMachine<U, V>::HonestMajorityFieldMachine(int, const char**) [with U = Rep3Share; V = HonestMajorityMachine]’
Machines/replicated-field-party.cpp:12:53:   required from here
./Math/FixedVec.h:278:20: note: parameter passing for argument of type ‘FixedVec<gf2n_long, 2>’ when C++17 is enabled changed to match C++14 in GCC 10.1
  278 |     FixedVec<T, L> operator>>(int i) const
      |                    ^~~~~~~~
./Protocols/ReplicatedInput.hpp: In instantiation of ‘T PrepLessInput<T>::finalize_mine() [with T = Rep3Share<gf2n_long>]’:
./Protocols/ReplicatedInput.hpp:208:3:   required from here
./Protocols/ReplicatedInput.hpp:208:3: note: parameter passing for argument of type ‘Rep3Share<gf2n_long>’ when C++17 is enabled changed to match C++14 in GCC 10.1
  208 | T PrepLessInput<T>::finalize_mine()
      |   ^~~~~~~~~~~~~~~~
./Protocols/Replicated.hpp: In instantiation of ‘FixedVec<T, 2> ReplicatedBase::get_random() [with T = gf2n_long]’:
./Protocols/Replicated.hpp:374:61:   required from ‘T Replicated<T>::get_random() [with T = Rep3Share<gf2n_long>]’
./Protocols/Replicated.hpp:372:3:   required from here
./Protocols/Replicated.hpp:378:16: note: parameter passing for argument of type ‘FixedVec<gf2n_long, 2>’ when C++17 is enabled changed to match C++14 in GCC 10.1
  378 | FixedVec<T, 2> ReplicatedBase::get_random()
      |                ^~~~~~~~~~~~~~
In file included from ./GC/ShareThread.hpp:15,
                 from ./GC/ShareSecret.hpp:18,
                 from ./BMR/ProgramParty.hpp:11,
                 from ./BMR/RealProgramParty.hpp:16:
./Processor/Data_Files.hpp: In instantiation of ‘T Preprocessing<T>::get_random_from_inputs(int) [with T = Rep3Share<gf2n_long>]’:
./Processor/Data_Files.h:477:10:   required from ‘T Preprocessing<T>::get_random_no_count() [with T = Rep3Share<gf2n_long>]’
./Processor/Data_Files.h:474:3:   required from here
./Processor/Data_Files.hpp:47:3: note: parameter passing for argument of type ‘Rep3Share<gf2n_long>’ when C++17 is enabled changed to match C++14 in GCC 10.1
   47 | T Preprocessing<T>::get_random_from_inputs(int nplayers)
      |   ^~~~~~~~~~~~~~~~
./Protocols/Rep3Share.h: In instantiation of ‘RepShare<T, L> RepShare<T, L>::operator*(const U&) const [with U = gf2n_long; T = gf2n_long; int L = 2]’:
./Protocols/ReplicatedPrep.hpp:265:48:   required from ‘void BitPrep<T>::buffer_squares() [with T = Rep3Share<gf2n_long>]’
./Protocols/ReplicatedPrep.hpp:247:6:   required from here
./Protocols/Rep3Share.h:58:14: note: parameter passing for argument of type ‘RepShare<gf2n_long, 2>’ when C++17 is enabled changed to match C++14 in GCC 10.1
   58 |     RepShare operator*(const U& other) const
      |              ^~~~~~~~
In file included from ./Protocols/edabit.h:9,
                 from ./Processor/Data_Files.h:13,
                 from ./Processor/Program.h:5,
                 from ./GC/Program.h:10,
                 from ./BMR/CommonParty.h:19,
                 from ./BMR/Party.h:12:
./Tools/FixedVector.h: In instantiation of ‘T FixedVector<T, L>::pop() [with T = Rep3Share<gf2n_long>; long unsigned int L = 64]’:
./Protocols/edabit.h:80:26:   required from ‘edabit<T> edabitvec<T>::next() [with T = Rep3Share<gf2n_long>; edabit<T> = std::pair<Rep3Share<gf2n_long>, FixedVector<GC::SmallRepSecret, 5> >]’
./Protocols/ReplicatedPrep.hpp:1314:23:   required from ‘void Sub_Data_Files<T>::get_edabit_no_count(bool, int, edabit<T>&) [with T = Rep3Share<gf2n_long>; edabit<T> = std::pair<Rep3Share<gf2n_long>, FixedVector<GC::SmallRepSecret, 5> >]’
./Protocols/ReplicatedPrep.hpp:1306:6:   required from here
./Tools/FixedVector.h:52:7: note: parameter passing for argument of type ‘Rep3Share<gf2n_long>’ when C++17 is enabled changed to match C++14 in GCC 10.1
   52 |     T pop()
      |       ^~~
./Math/FixedVec.h: In instantiation of ‘FixedVec<T, L> FixedVec<T, L>::operator/(const FixedVec<T, L>&) const [with T = gf2n_long; int L = 2]’:
./Protocols/ReplicatedPrep.hpp:327:63:   required from ‘void BufferPrep<T>::buffer_inverses(std::true_type) [with int <anonymous> = 0; T = Rep3Share<gf2n_long>; std::true_type = std::integral_constant<bool, true>]’
./Protocols/ReplicatedPrep.hpp:301:23:   required from ‘void BufferPrep<T>::buffer_inverses() [with T = Rep3Share<gf2n_long>]’
./Protocols/ReplicatedPrep.hpp:299:6:   required from here
./Math/FixedVec.h:191:19: note: parameter passing for argument of type ‘FixedVec<gf2n_long, 2>’ when C++17 is enabled changed to match C++14 in GCC 10.1
  191 |     FixedVec<T, L>operator/(const FixedVec<T, L>& other) const
      |                   ^~~~~~~~
./Protocols/Rep3Share.h: In instantiation of ‘RepShare<T, L> RepShare<T, L>::operator*=(const U&) [with U = gf2n_long; T = gf2n_long; int L = 2]’:
./Protocols/Rep3Share.h:61:13:   required from ‘RepShare<T, L> RepShare<T, L>::operator*(const U&) const [with U = gf2n_long; T = gf2n_long; int L = 2]’
./Protocols/ReplicatedPrep.hpp:265:48:   required from ‘void BitPrep<T>::buffer_squares() [with T = Rep3Share<gf2n_long>]’
./Protocols/ReplicatedPrep.hpp:247:6:   required from here
./Protocols/Rep3Share.h:66:14: note: parameter passing for argument of type ‘RepShare<gf2n_long, 2>’ when C++17 is enabled changed to match C++14 in GCC 10.1
   66 |     RepShare operator*=(const U& other)
      |              ^~~~~~~~
./Math/FixedVec.h: In instantiation of ‘FixedVec<T, L> FixedVec<T, L>::operator&(const U&) const [with U = int; T = gf2n_long; int L = 2]’:
./Protocols/ReplicatedPrep.hpp:1188:44:   required from ‘void SemiHonestRingPrep<T>::buffer_bits(std::false_type, std::true_type) [with int <anonymous> = 0; T = Rep3Share<gf2n_long>; std::false_type = std::integral_constant<bool, false>; std::true_type = std::integral_constant<bool, true>]’
./Protocols/ReplicatedPrep.hpp:1205:16:   required from ‘void SemiHonestRingPrep<T>::buffer_bits() [with T = Rep3Share<gf2n_long>]’
./Protocols/ReplicatedPrep.hpp:1202:6:   required from here
./Math/FixedVec.h:216:19: note: parameter passing for argument of type ‘FixedVec<gf2n_long, 2>’ when C++17 is enabled changed to match C++14 in GCC 10.1
  216 |     FixedVec<T, L>operator&(const U& other) const
      |                   ^~~~~~~~
In file included from ./Protocols/ShamirInput.hpp:11,
                 from ./Protocols/fake-stuff.hpp:12,
                 from ./Processor/Machine.hpp:9:
./Protocols/ReplicatedInput.hpp: In instantiation of ‘T PrepLessInput<T>::finalize_mine() [with T = Rep3Share<gf2n_long>]’:
./Protocols/ReplicatedInput.hpp:208:3:   required from here
./Protocols/ReplicatedInput.hpp:208:3: note: parameter passing for argument of type ‘Rep3Share<gf2n_long>’ when C++17 is enabled changed to match C++14 in GCC 10.1
  208 | T PrepLessInput<T>::finalize_mine()
      |   ^~~~~~~~~~~~~~~~
In file included from ./Processor/Online-Thread.hpp:15,
                 from ./Processor/Machine.hpp:7,
                 from ./Machines/Rep.hpp:12,
                 from Machines/malicious-rep-field-party.cpp:8:
./Processor/Input.hpp: In instantiation of ‘T InputBase<T>::finalize(int, int) [with T = MaliciousRep3Share<gf2n_long>]’:
./Processor/Input.hpp:195:48:   required from ‘void InputBase<T>::raw_input(SubProcessor<T>&, const ArgVector&, int) [with T = MaliciousRep3Share<gf2n_long>; ArgVector = std::vector<unsigned int>]’
./Processor/Instruction.hpp:1137:35:   required from ‘void Instruction::execute(Processor<sint, sgf2n>&) const [with sint = MaliciousRep3Share<gfp_<0, 1> >; sgf2n = MaliciousRep3Share<gf2n_long>]’
./Processor/Instruction.hpp:1577:30:   required from ‘void Program::execute_with_errors(Processor<sint, sgf2n>&) const [with sint = MaliciousRep3Share<gfp_<0, 1> >; sgf2n = MaliciousRep3Share<gf2n_long>]’
./Processor/Instruction.hpp:1496:24:   required from ‘void Program::execute(Processor<sint, sgf2n>&) const [with sint = MaliciousRep3Share<gfp_<0, 1> >; sgf2n = MaliciousRep3Share<gf2n_long>]’
./Processor/Online-Thread.hpp:289:33:   required from ‘void thread_info<sint, sgf2n>::Sub_Main_Func() [with sint = MaliciousRep3Share<gfp_<0, 1> >; sgf2n = MaliciousRep3Share<gf2n_long>]’
./Processor/Online-Thread.hpp:449:21:   [ skipping 4 instantiation contexts, use -ftemplate-backtrace-limit=0 to disable ]
./Processor/OnlineMachine.hpp:192:68:   required from ‘int OnlineMachine::run_with_error() [with T = MaliciousRep3Share<gfp_<0, 1> >; U = MaliciousRep3Share<gf2n_long>]’
./Processor/OnlineMachine.hpp:170:36:   required from ‘int OnlineMachine::run() [with T = MaliciousRep3Share<gfp_<0, 1> >; U = MaliciousRep3Share<gf2n_long>]’
./Processor/FieldMachine.hpp:50:5:   required from ‘FieldMachine<U, V, W, X>::FieldMachine(int, const char**, ez::ezOptionParser&, OnlineOptions&, int) [with U = MaliciousRep3Share; V = MaliciousRep3Share; W = HonestMajorityMachine; X = gf2n_long]’
./Processor/FieldMachine.hpp:28:5:   required from ‘HonestMajorityFieldMachine<U, V>::HonestMajorityFieldMachine(int, const char**, ez::ezOptionParser&, int) [with U = MaliciousRep3Share; V = HonestMajorityMachine]’
./Processor/FieldMachine.hpp:20:5:   required from ‘HonestMajorityFieldMachine<U, V>::HonestMajorityFieldMachine(int, const char**) [with U = MaliciousRep3Share; V = HonestMajorityMachine]’
Machines/malicious-rep-field-party.cpp:14:62:   required from here
./Processor/Input.hpp:216:3: note: parameter passing for argument of type ‘MaliciousRep3Share<gf2n_long>’ when C++17 is enabled changed to match C++14 in GCC 10.1
  216 | T InputBase<T>::finalize(int player, int n_bits)
      |   ^~~~~~~~~~~~
g++ -o BMR/Party.o BMR/Party.cpp -DNO_AVX_OT -I./local/include -march=armv8.2-a+crypto  -g -Wextra -Wall -O3 -I. -I./deps -pthread    -DUSE_GF2N_LONG '-DPREP_DIR="Player-Data/"' '-DSSL_DIR="Player-Data/"'  -std=c++20 -Wno-overloaded-virtual  -fPIC -MMD -MP -c
./BMR/RealProgramParty.hpp: In constructor ‘RealProgramParty<T>::RealProgramParty(int, const char**) [with T = Rep3Share<gf2n_long>]’:
./BMR/RealProgramParty.hpp:136:51: note: parameter passing for argument of type ‘Rep3Share<gf2n_long>’ when C++17 is enabled changed to match C++14 in GCC 10.1
  136 |                 deltas.push_back(inputter.finalize(i));
      |                                  ~~~~~~~~~~~~~~~~~^~~
./Protocols/Replicated.hpp: In instantiation of ‘FixedVec<T, 2> ReplicatedBase::get_random() [with T = gf2n_long]’:
./Protocols/Replicated.hpp:374:61:   required from ‘T Replicated<T>::get_random() [with T = Rep3Share<gf2n_long>]’
./Protocols/Replicated.hpp:372:3:   required from here
./Protocols/Replicated.hpp:378:16: note: parameter passing for argument of type ‘FixedVec<gf2n_long, 2>’ when C++17 is enabled changed to match C++14 in GCC 10.1
  378 | FixedVec<T, 2> ReplicatedBase::get_random()
      |                ^~~~~~~~~~~~~~
In file included from ./GC/RepPrep.hpp:14,
                 from ./Machines/Rep.hpp:20:
./Protocols/ReplicatedPrep.hpp: In function ‘void XOR(std::vector<T>&, std::vector<T>&, std::vector<T>&, typename T::Protocol&) [with T = Rep3Share<gf2n_long>]’:
./Protocols/ReplicatedPrep.hpp:381:27: note: parameter passing for argument of type ‘FixedVec<gf2n_long, 2>’ when C++17 is enabled changed to match C++14 in GCC 10.1
  381 |             res[i] = x[i] + y[i];
      |                      ~~~~~^~~~
./Protocols/ReplicatedPrep.hpp:391:52: note: parameter passing for argument of type ‘RepShare<gf2n_long, 2>’ when C++17 is enabled changed to match C++14 in GCC 10.1
  391 |         res[i] = x[i] + y[i] - prot.finalize_mul() * two;
      |                                ~~~~~~~~~~~~~~~~~~~~^~~~~
./Protocols/ReplicatedPrep.hpp:391:49: note: parameter passing for argument of type ‘Rep3Share<gf2n_long>’ when C++17 is enabled changed to match C++14 in GCC 10.1
  391 |         res[i] = x[i] + y[i] - prot.finalize_mul() * two;
      |                                ~~~~~~~~~~~~~~~~~^~
./Protocols/ReplicatedPrep.hpp:391:52: note: parameter passing for argument of type ‘RepShare<gf2n_long, 2>’ when C++17 is enabled changed to match C++14 in GCC 10.1
  391 |         res[i] = x[i] + y[i] - prot.finalize_mul() * two;
      |                                ~~~~~~~~~~~~~~~~~~~~^~~~~
./Protocols/ReplicatedPrep.hpp:391:30: note: parameter passing for argument of type ‘FixedVec<gf2n_long, 2>’ when C++17 is enabled changed to match C++14 in GCC 10.1
  391 |         res[i] = x[i] + y[i] - prot.finalize_mul() * two;
      |                  ~~~~~~~~~~~~^~~~~~~~~~~~~~~~~~~~~~~~~~~
./Protocols/Replicated.hpp: In member function ‘T Replicated<T>::finalize_mul(int) [with T = Rep3Share<gf2n_long>]’:
./Protocols/Replicated.hpp:320:10: note: parameter passing for argument of type ‘Rep3Share<gf2n_long>’ when C++17 is enabled changed to match C++14 in GCC 10.1
  320 | inline T Replicated<T>::finalize_mul(int n)
      |          ^~~~~~~~~~~~~
./Protocols/Rep3Share.h: In member function ‘RepShare<T, L> RepShare<T, L>::operator*(const U&) const [with U = gf2n_long; T = gf2n_long; int L = 2]’:
./Protocols/Rep3Share.h:58:14: note: parameter passing for argument of type ‘RepShare<gf2n_long, 2>’ when C++17 is enabled changed to match C++14 in GCC 10.1
   58 |     RepShare operator*(const U& other) const
      |              ^~~~~~~~
./Math/FixedVec.h: In member function ‘FixedVec<T, L> FixedVec<T, L>::operator-(const FixedVec<T, L>&) const [with T = gf2n_long; int L = 2]’:
./Math/FixedVec.h:177:19: note: parameter passing for argument of type ‘FixedVec<gf2n_long, 2>’ when C++17 is enabled changed to match C++14 in GCC 10.1
  177 |     FixedVec<T, L>operator-(const FixedVec<T, L>& other) const
      |                   ^~~~~~~~
./Protocols/ReplicatedPrep.hpp: In member function ‘void SemiHonestRingPrep<T>::buffer_bits(std::false_type, std::true_type) [with int <anonymous> = 0; T = Rep3Share<gf2n_long>]’:
./Protocols/ReplicatedPrep.hpp:1185:18: note: parameter passing for argument of type ‘Rep3Share<gf2n_long>’ when C++17 is enabled changed to match C++14 in GCC 10.1
 1185 |             auto share = this->get_random();
      |                  ^~~~~
./Protocols/ReplicatedPrep.hpp:1188:44: note: parameter passing for argument of type ‘FixedVec<gf2n_long, 2>’ when C++17 is enabled changed to match C++14 in GCC 10.1
 1188 |                 this->bits.push_back(share & 1);
      |                                      ~~~~~~^~~
./Protocols/ReplicatedPrep.hpp: In member function ‘T BufferPrep<T>::get_random() [with T = Rep3Share<gf2n_long>]’:
./Protocols/ReplicatedPrep.hpp:1437:3: note: parameter passing for argument of type ‘Rep3Share<gf2n_long>’ when C++17 is enabled changed to match C++14 in GCC 10.1
 1437 | T BufferPrep<T>::get_random()
      |   ^~~~~~~~~~~~~
In file included from ./GC/ShareThread.hpp:15,
                 from ./Protocols/ReplicatedPrep.hpp:21,
                 from ./Processor/OnlineMachine.hpp:16:
./Processor/Data_Files.hpp: In instantiation of ‘T Preprocessing<T>::get_random_from_inputs(int) [with T = Rep3Share<gf2n_long>]’:
./Processor/Data_Files.h:477:10:   required from ‘T Preprocessing<T>::get_random_no_count() [with T = Rep3Share<gf2n_long>]’
./Processor/Data_Files.h:474:3:   required from here
./Processor/Data_Files.hpp:47:3: note: parameter passing for argument of type ‘Rep3Share<gf2n_long>’ when C++17 is enabled changed to match C++14 in GCC 10.1
   47 | T Preprocessing<T>::get_random_from_inputs(int nplayers)
      |   ^~~~~~~~~~~~~~~~
./Protocols/Replicated.hpp: In member function ‘T Replicated<T>::get_random() [with T = Rep3Share<gf2n_long>]’:
./Protocols/Replicated.hpp:374:61: note: parameter passing for argument of type ‘FixedVec<gf2n_long, 2>’ when C++17 is enabled changed to match C++14 in GCC 10.1
  374 |     return ReplicatedBase::get_random<typename T::open_type>();
      |            ~~~~~~~~~~~~~~~~~~~~~~~~~~~~~~~~~~~~~~~~~~~~~~~~~^~
./Processor/Data_Files.h: In member function ‘T Preprocessing<T>::get_random() [with T = Rep3Share<gf2n_long>]’:
./Processor/Data_Files.h:459:3: note: parameter passing for argument of type ‘Rep3Share<gf2n_long>’ when C++17 is enabled changed to match C++14 in GCC 10.1
  459 | T Preprocessing<T>::get_random()
      |   ^~~~~~~~~~~~~~~~
./Math/FixedVec.h: In member function ‘FixedVec<T, L> FixedVec<T, L>::operator&(const U&) const [with U = int; T = gf2n_long; int L = 2]’:
./Math/FixedVec.h:216:19: note: parameter passing for argument of type ‘FixedVec<gf2n_long, 2>’ when C++17 is enabled changed to match C++14 in GCC 10.1
  216 |     FixedVec<T, L>operator&(const U& other) const
      |                   ^~~~~~~~
In file included from ./BMR/RealProgramParty.hpp:13:
./BMR/RealGarbleWire.hpp: In constructor ‘GarbleJob<T>::GarbleJob(T, T, T) [with T = Rep3Share<gf2n_long>]’:
./BMR/RealGarbleWire.hpp:34:1: note: parameter passing for argument of type ‘Rep3Share<gf2n_long>’ when C++17 is enabled changed to match C++14 in GCC 10.1
   34 | GarbleJob<T>::GarbleJob(T lambda_u, T lambda_v, T lambda_w) :
      | ^~~~~~~~~~~~
./Protocols/ReplicatedPrep.hpp: In member function ‘void BufferPrep<T>::buffer_inverses(std::true_type) [with int <anonymous> = 0; T = Rep3Share<gf2n_long>]’:
./Protocols/ReplicatedPrep.hpp:327:63: note: parameter passing for argument of type ‘FixedVec<gf2n_long, 2>’ when C++17 is enabled changed to match C++14 in GCC 10.1
  327 |             inverses.push_back({{triples[i][0], triples[i][1] / c_open[i]}});
      |                                                 ~~~~~~~~~~~~~~^~~~~~~~~
./Protocols/edabit.h: In member function ‘edabit<T> edabitvec<T>::next() [with T = Rep3Share<gf2n_long>]’:
./Protocols/edabit.h:80:9: note: parameter passing for argument of type ‘Rep3Share<gf2n_long>’ when C++17 is enabled changed to match C++14 in GCC 10.1
   80 |         res.first = a.pop();
      |         ^~~
./Protocols/ReplicatedPrep.hpp: In member function ‘void BitPrep<T>::buffer_squares() [with T = Rep3Share<gf2n_long>]’:
./Protocols/ReplicatedPrep.hpp:260:29: note: parameter passing for argument of type ‘FixedVec<gf2n_long, 2>’ when C++17 is enabled changed to match C++14 in GCC 10.1
  260 |         a_plus_b[i] = as[i] + b;
      |                       ~~~~~~^~~
./Protocols/ReplicatedPrep.hpp:265:48: note: parameter passing for argument of type ‘RepShare<gf2n_long, 2>’ when C++17 is enabled changed to match C++14 in GCC 10.1
  265 |         this->squares.push_back({{as[i], as[i] * opened[i] - cs[i]}});
      |                                          ~~~~~~^~~~~~~~~
./Protocols/ReplicatedPrep.hpp:265:60: note: parameter passing for argument of type ‘FixedVec<gf2n_long, 2>’ when C++17 is enabled changed to match C++14 in GCC 10.1
  265 |         this->squares.push_back({{as[i], as[i] * opened[i] - cs[i]}});
      |                                          ~~~~~~~~~~~~~~~~~~^~~~~
./Protocols/Replicated.hpp: In member function ‘void ProtocolBase<T>::finalize_mult(T&, int) [with T = Rep3Share<gf2n_long>]’:
./Protocols/Replicated.hpp:167:5: note: parameter passing for argument of type ‘Rep3Share<gf2n_long>’ when C++17 is enabled changed to match C++14 in GCC 10.1
  167 |     res = finalize_mul(n);
      |     ^~~
./BMR/RealGarbleWire.hpp: In member function ‘void RealGarbleWire<T>::XOR(const RealGarbleWire<T>&, const RealGarbleWire<T>&) [with T = Rep3Share<gf2n_long>]’:
./BMR/RealGarbleWire.hpp:93:26: note: parameter passing for argument of type ‘FixedVec<gf2n_long, 2>’ when C++17 is enabled changed to match C++14 in GCC 10.1
   93 |         mask = left.mask + right.mask;
      |                ~~~~~~~~~~^~~~~~~~~~~~
./BMR/RealGarbleWire.hpp: In member function ‘void GarbleInputter<T>::exchange() [with T = Rep3Share<gf2n_long>]’:
./BMR/RealGarbleWire.hpp:165:17: note: parameter passing for argument of type ‘Rep3Share<gf2n_long>’ when C++17 is enabled changed to match C++14 in GCC 10.1
  165 |                 tuple.first->mask = (inputter.finalize(tuple.second));
      |                 ^~~~~
./BMR/RealGarbleWire.hpp:182:57: note: parameter passing for argument of type ‘FixedVec<gf2n_long, 2>’ when C++17 is enabled changed to match C++14 in GCC 10.1
  181 |                                         T::constant(1, party.P->my_num(), party.mac_key)
      |                                         ~~~~~~~~~~~~~~~~~~~~~~~~~~~~~~~~~~~~~~~~~~~~~~~~
  182 |                                                         - tuple.first->mask);
      |                                                         ^~~~~~~~~~~~~~~~~~~
./BMR/RealGarbleWire.hpp:181:52: note: parameter passing for argument of type ‘Rep3Share<gf2n_long>’ when C++17 is enabled changed to match C++14 in GCC 10.1
  181 |                                         T::constant(1, party.P->my_num(), party.mac_key)
      |                                         ~~~~~~~~~~~^~~~~~~~~~~~~~~~~~~~~~~~~~~~~~~~~~~~~
./BMR/RealGarbleWire.hpp:182:57: note: parameter passing for argument of type ‘FixedVec<gf2n_long, 2>’ when C++17 is enabled changed to match C++14 in GCC 10.1
  181 |                                         T::constant(1, party.P->my_num(), party.mac_key)
      |                                         ~~~~~~~~~~~~~~~~~~~~~~~~~~~~~~~~~~~~~~~~~~~~~~~~
  182 |                                                         - tuple.first->mask);
      |                                                         ^~~~~~~~~~~~~~~~~~~
./BMR/RealGarbleWire.hpp:188:65: note: parameter passing for argument of type ‘Rep3Share<gf2n_long>’ when C++17 is enabled changed to match C++14 in GCC 10.1
  188 |                         to_check.push_back(protocol.finalize_mul());
      |                                            ~~~~~~~~~~~~~~~~~~~~~^~
./BMR/RealGarbleWire.hpp: In member function ‘void GarbleJob<T>::middle_round(RealProgramParty<T>&, Protocol&) [with T = Rep3Share<gf2n_long>]’:
./BMR/RealGarbleWire.hpp:62:65: note: parameter passing for argument of type ‘FixedVec<gf2n_long, 2>’ when C++17 is enabled changed to match C++14 in GCC 10.1
   60 |                                                 lambda_uv + lambda_v * alpha + lambda_u * beta
      |                                                 ~~~~~~~~~~~~~~~~~~~~~~~~~~~~~~~~~~~~~~~~~~~~~~
   61 |                                                                 + T::constant(alpha * beta, me, party.MC->get_alphai())
      |                                                                 ~~~~~~~~~~~~~~~~~~~~~~~~~~~~~~~~~~~~~~~~~~~~~~~~~~~~~~~
   62 |                                                                 + lambda_w);
      |                                                                 ^~~~~~~~~~
./BMR/RealGarbleWire.hpp:60:70: note: parameter passing for argument of type ‘RepShare<gf2n_long, 2>’ when C++17 is enabled changed to match C++14 in GCC 10.1
   60 |                                                 lambda_uv + lambda_v * alpha + lambda_u * beta
      |                                                             ~~~~~~~~~^~~~~~~
./BMR/RealGarbleWire.hpp:60:59: note: parameter passing for argument of type ‘FixedVec<gf2n_long, 2>’ when C++17 is enabled changed to match C++14 in GCC 10.1
   60 |                                                 lambda_uv + lambda_v * alpha + lambda_u * beta
      |                                                 ~~~~~~~~~~^~~~~~~~~~~~~~~~~~
./BMR/RealGarbleWire.hpp:60:89: note: parameter passing for argument of type ‘RepShare<gf2n_long, 2>’ when C++17 is enabled changed to match C++14 in GCC 10.1
   60 |                                                 lambda_uv + lambda_v * alpha + lambda_u * beta
      |                                                                                ~~~~~~~~~^~~~~~
./BMR/RealGarbleWire.hpp:60:78: note: parameter passing for argument of type ‘FixedVec<gf2n_long, 2>’ when C++17 is enabled changed to match C++14 in GCC 10.1
   60 |                                                 lambda_uv + lambda_v * alpha + lambda_u * beta
      |                                                 ~~~~~~~~~~~~~~~~~~~~~~~~~~~~~^~~~~~~~~~~~~~~~~
./BMR/RealGarbleWire.hpp:61:78: note: parameter passing for argument of type ‘Rep3Share<gf2n_long>’ when C++17 is enabled changed to match C++14 in GCC 10.1
   61 |                                                                 + T::constant(alpha * beta, me, party.MC->get_alphai())
      |                                                                   ~~~~~~~~~~~^~~~~~~~~~~~~~~~~~~~~~~~~~~~~~~~~~~~~~~~~~
./BMR/RealGarbleWire.hpp:61:65: note: parameter passing for argument of type ‘FixedVec<gf2n_long, 2>’ when C++17 is enabled changed to match C++14 in GCC 10.1
   60 |                                                 lambda_uv + lambda_v * alpha + lambda_u * beta
      |                                                 ~~~~~~~~~~~~~~~~~~~~~~~~~~~~~~~~~~~~~~~~~~~~~~
   61 |                                                                 + T::constant(alpha * beta, me, party.MC->get_alphai())
      |                                                                 ^~~~~~~~~~~~~~~~~~~~~~~~~~~~~~~~~~~~~~~~~~~~~~~~~~~~~~~
./BMR/RealProgramParty.h: In member function ‘T RealProgramParty<T>::shared_delta(int) [with T = Rep3Share<gf2n_long>]’:
./BMR/RealProgramParty.h:71:11: note: parameter passing for argument of type ‘Rep3Share<gf2n_long>’ when C++17 is enabled changed to match C++14 in GCC 10.1
   71 |         T shared_delta(int i) { return deltas[i]; }
      |           ^~~~~~~~~~~~
./Protocols/Rep3Share.h: In member function ‘RepShare<T, L> RepShare<T, L>::operator*(const U&) const [with U = int; T = gf2n_long; int L = 2]’:
./Protocols/Rep3Share.h:58:14: note: parameter passing for argument of type ‘RepShare<gf2n_long, 2>’ when C++17 is enabled changed to match C++14 in GCC 10.1
   58 |     RepShare operator*(const U& other) const
      |              ^~~~~~~~
./BMR/RealGarbleWire.hpp: In member function ‘void GarbleJob<T>::last_round(RealProgramParty<T>&, Inputter&, Protocol&, std::vector<T>&) [with T = Rep3Share<gf2n_long>]’:
./BMR/RealGarbleWire.hpp:75:54: note: parameter passing for argument of type ‘Rep3Share<gf2n_long>’ when C++17 is enabled changed to match C++14 in GCC 10.1
   75 |                 base_keys.push_back(inputter.finalize(i));
      |                                     ~~~~~~~~~~~~~~~~~^~~
In file included from ./BMR/RealProgramParty.hpp:15:
./BMR/Register.hpp: In static member function ‘static void EvalRegister::load(std::vector<GC::ReadAccess<T> >&, const GC::Memory<U>&) [with T = GC::Secret<EvalRegister>; U = Rep3Share<gf2n_long>]’:
./BMR/Register.hpp:189:56: note: parameter passing for argument of type ‘FixedVec<gf2n_long, 2>’ when C++17 is enabled changed to match C++14 in GCC 10.1
  189 |                         mask += spdz_wires.back().mask << i;
      |                                 ~~~~~~~~~~~~~~~~~~~~~~~^~~~
./BMR/Register.hpp: In static member function ‘static void EvalRegister::store(GC::Memory<U>&, const std::vector<GC::WriteAccess<T> >&) [with T = GC::Secret<EvalRegister>; U = Rep3Share<gf2n_long>]’:
./BMR/Register.hpp:100:59: note: parameter passing for argument of type ‘Rep3Share<gf2n_long>’ when C++17 is enabled changed to match C++14 in GCC 10.1
  100 |                         tmp = spdz_wire.mask + U::constant(ext, (int)party.get_id() - 1, party.get_mac_key());
      |                                                ~~~~~~~~~~~^~~~~~~~~~~~~~~~~~~~~~~~~~~~~~~~~~~~~~~~~~~~~~~~~~~
./BMR/Register.hpp:100:46: note: parameter passing for argument of type ‘FixedVec<gf2n_long, 2>’ when C++17 is enabled changed to match C++14 in GCC 10.1
  100 |                         tmp = spdz_wire.mask + U::constant(ext, (int)party.get_id() - 1, party.get_mac_key());
      |                               ~~~~~~~~~~~~~~~^~~~~~~~~~~~~~~~~~~~~~~~~~~~~~~~~~~~~~~~~~~~~~~~~~~~~~~~~~~~~~~~
./BMR/Register.hpp: In static member function ‘static void EvalRegister::store_clear_in_dynamic(GC::Memory<T>&, const std::vector<GC::ClearWriteAccess>&) [with T = Rep3Share<gf2n_long>]’:
./BMR/Register.hpp:51:17: note: parameter passing for argument of type ‘Rep3Share<gf2n_long>’ when C++17 is enabled changed to match C++14 in GCC 10.1
   51 |                 dest = T::constant(value.get(), party.get_id() - 1, party.get_mac_key().get());
      |                 ^~~~
./Math/FixedVec.h: In instantiation of ‘FixedVec<T, L> FixedVec<T, L>::operator>>(int) const [with T = gf2n_long; int L = 2]’:
./Protocols/Rep3Share.h:111:27:   required from ‘static void RepShare<T, L>::shrsi(SubProcessor<U>&, const Instruction&, std::false_type) [with U = MaliciousRep3Share<gf2n_long>; T = gf2n_long; int L = 2; std::false_type = std::integral_constant<bool, false>]’
./Protocols/Rep3Share.h:93:14:   required from ‘static void RepShare<T, L>::shrsi(SubProcessor<U>&, const Instruction&) [with U = MaliciousRep3Share<gf2n_long>; T = gf2n_long; int L = 2]’
./Processor/Instruction.hpp:1163:21:   required from ‘void Instruction::execute(Processor<sint, sgf2n>&) const [with sint = MaliciousRep3Share<gfp_<0, 1> >; sgf2n = MaliciousRep3Share<gf2n_long>]’
./Processor/Instruction.hpp:1577:30:   required from ‘void Program::execute_with_errors(Processor<sint, sgf2n>&) const [with sint = MaliciousRep3Share<gfp_<0, 1> >; sgf2n = MaliciousRep3Share<gf2n_long>]’
./Processor/Instruction.hpp:1496:24:   required from ‘void Program::execute(Processor<sint, sgf2n>&) const [with sint = MaliciousRep3Share<gfp_<0, 1> >; sgf2n = MaliciousRep3Share<gf2n_long>]’
./Processor/Online-Thread.hpp:289:33:   [ skipping 5 instantiation contexts, use -ftemplate-backtrace-limit=0 to disable ]
./Processor/OnlineMachine.hpp:192:68:   required from ‘int OnlineMachine::run_with_error() [with T = MaliciousRep3Share<gfp_<0, 1> >; U = MaliciousRep3Share<gf2n_long>]’
./Processor/OnlineMachine.hpp:170:36:   required from ‘int OnlineMachine::run() [with T = MaliciousRep3Share<gfp_<0, 1> >; U = MaliciousRep3Share<gf2n_long>]’
./Processor/FieldMachine.hpp:50:5:   required from ‘FieldMachine<U, V, W, X>::FieldMachine(int, const char**, ez::ezOptionParser&, OnlineOptions&, int) [with U = MaliciousRep3Share; V = MaliciousRep3Share; W = HonestMajorityMachine; X = gf2n_long]’
./Processor/FieldMachine.hpp:28:5:   required from ‘HonestMajorityFieldMachine<U, V>::HonestMajorityFieldMachine(int, const char**, ez::ezOptionParser&, int) [with U = MaliciousRep3Share; V = HonestMajorityMachine]’
./Processor/FieldMachine.hpp:20:5:   required from ‘HonestMajorityFieldMachine<U, V>::HonestMajorityFieldMachine(int, const char**) [with U = MaliciousRep3Share; V = HonestMajorityMachine]’
Machines/malicious-rep-field-party.cpp:14:62:   required from here
./Math/FixedVec.h:278:20: note: parameter passing for argument of type ‘FixedVec<gf2n_long, 2>’ when C++17 is enabled changed to match C++14 in GCC 10.1
  278 |     FixedVec<T, L> operator>>(int i) const
      |                    ^~~~~~~~
./Math/FixedVec.h: In instantiation of ‘FixedVec<T, L> FixedVec<T, L>::operator/(const FixedVec<T, L>&) const [with T = gf2n_long; int L = 2]’:
./Protocols/ReplicatedPrep.hpp:327:63:   required from ‘void BufferPrep<T>::buffer_inverses(std::true_type) [with int <anonymous> = 0; T = Rep3Share<gf2n_long>; std::true_type = std::integral_constant<bool, true>]’
./Protocols/ReplicatedPrep.hpp:301:23:   required from ‘void BufferPrep<T>::buffer_inverses() [with T = Rep3Share<gf2n_long>]’
./Protocols/ReplicatedPrep.hpp:299:6:   required from here
./Math/FixedVec.h:191:19: note: parameter passing for argument of type ‘FixedVec<gf2n_long, 2>’ when C++17 is enabled changed to match C++14 in GCC 10.1
  191 |     FixedVec<T, L>operator/(const FixedVec<T, L>& other) const
      |                   ^~~~~~~~
g++ -o BMR/Register.o BMR/Register.cpp -DNO_AVX_OT -I./local/include -march=armv8.2-a+crypto  -g -Wextra -Wall -O3 -I. -I./deps -pthread    -DUSE_GF2N_LONG '-DPREP_DIR="Player-Data/"' '-DSSL_DIR="Player-Data/"'  -std=c++20 -Wno-overloaded-virtual  -fPIC -MMD -MP -c
./Protocols/Replicated.hpp: In member function ‘T Replicated<T>::get_random() [with T = Rep3Share<gf2n_long>]’:
./Protocols/Replicated.hpp:372:3: note: parameter passing for argument of type ‘Rep3Share<gf2n_long>’ when C++17 is enabled changed to match C++14 in GCC 10.1
  372 | T Replicated<T>::get_random()
      |   ^~~~~~~~~~~~~
./Protocols/Replicated.hpp:374:61: note: parameter passing for argument of type ‘FixedVec<gf2n_long, 2>’ when C++17 is enabled changed to match C++14 in GCC 10.1
  374 |     return ReplicatedBase::get_random<typename T::open_type>();
      |            ~~~~~~~~~~~~~~~~~~~~~~~~~~~~~~~~~~~~~~~~~~~~~~~~~^~
./Protocols/Replicated.hpp: In member function ‘void ProtocolBase<T>::finalize_mult(T&, int) [with T = Rep3Share<gf2n_long>]’:
./Protocols/Replicated.hpp:167:5: note: parameter passing for argument of type ‘Rep3Share<gf2n_long>’ when C++17 is enabled changed to match C++14 in GCC 10.1
  167 |     res = finalize_mul(n);
      |     ^~~
./Protocols/Replicated.hpp: In member function ‘FixedVec<T, 2> ReplicatedBase::get_random() [with T = gf2n_long]’:
./Protocols/Replicated.hpp:378:16: note: parameter passing for argument of type ‘FixedVec<gf2n_long, 2>’ when C++17 is enabled changed to match C++14 in GCC 10.1
  378 | FixedVec<T, 2> ReplicatedBase::get_random()
      |                ^~~~~~~~~~~~~~
./Processor/Input.hpp: In member function ‘T InputBase<T>::finalize(int, int) [with T = Rep3Share<gf2n_long>]’:
./Processor/Input.hpp:216:3: note: parameter passing for argument of type ‘Rep3Share<gf2n_long>’ when C++17 is enabled changed to match C++14 in GCC 10.1
  216 | T InputBase<T>::finalize(int player, int n_bits)
      |   ^~~~~~~~~~~~
g++ -o BMR/TrustedParty.o BMR/TrustedParty.cpp -DNO_AVX_OT -I./local/include -march=armv8.2-a+crypto  -g -Wextra -Wall -O3 -I. -I./deps -pthread    -DUSE_GF2N_LONG '-DPREP_DIR="Player-Data/"' '-DSSL_DIR="Player-Data/"'  -std=c++20 -Wno-overloaded-virtual  -fPIC -MMD -MP -c
In file included from ./Machines/Rep.hpp:11:
./Processor/Instruction.hpp: In member function ‘void Program::execute_with_errors(Processor<sint, sgf2n>&) const [with sint = Rep3Share<gfp_<0, 1> >; sgf2n = Rep3Share<gf2n_long>]’:
./Processor/instructions.h:130:30: note: parameter passing for argument of type ‘FixedVec<gf2n_long, 2>’ when C++17 is enabled changed to match C++14 in GCC 10.1
  130 |             *dest++ = *op1++ + *op2++) \
      |                       ~~~~~~~^~~~~~~~
./Processor/Instruction.hpp:1562:60: note: in definition of macro ‘X’
 1562 |         case NAME: { PRE; for (int i = 0; i < size; i++) { CODE; } } break;
      |                                                            ^~~~
./Processor/Instruction.hpp:1563:9: note: in expansion of macro ‘ARITHMETIC_INSTRUCTIONS’
 1563 |         ARITHMETIC_INSTRUCTIONS
      |         ^~~~~~~~~~~~~~~~~~~~~~~
./Processor/instructions.h:133:47: note: parameter passing for argument of type ‘Rep3Share<gf2n_long>’ when C++17 is enabled changed to match C++14 in GCC 10.1
  133 |             *dest++ = *op1++ + sgf2n::constant(*op2++, Proc.P.my_num(), Proc2.MC.get_alphai())) \
      |                                ~~~~~~~~~~~~~~~^~~~~~~~~~~~~~~~~~~~~~~~~~~~~~~~~~~~~~~~~~~~~~~~
./Processor/Instruction.hpp:1562:60: note: in definition of macro ‘X’
 1562 |         case NAME: { PRE; for (int i = 0; i < size; i++) { CODE; } } break;
      |                                                            ^~~~
./Processor/Instruction.hpp:1563:9: note: in expansion of macro ‘ARITHMETIC_INSTRUCTIONS’
 1563 |         ARITHMETIC_INSTRUCTIONS
      |         ^~~~~~~~~~~~~~~~~~~~~~~
./Processor/instructions.h:133:30: note: parameter passing for argument of type ‘FixedVec<gf2n_long, 2>’ when C++17 is enabled changed to match C++14 in GCC 10.1
  133 |             *dest++ = *op1++ + sgf2n::constant(*op2++, Proc.P.my_num(), Proc2.MC.get_alphai())) \
      |                       ~~~~~~~^~~~~~~~~~~~~~~~~~~~~~~~~~~~~~~~~~~~~~~~~~~~~~~~~~~~~~~~~~~~~~~~~
./Processor/Instruction.hpp:1562:60: note: in definition of macro ‘X’
 1562 |         case NAME: { PRE; for (int i = 0; i < size; i++) { CODE; } } break;
      |                                                            ^~~~
./Processor/Instruction.hpp:1563:9: note: in expansion of macro ‘ARITHMETIC_INSTRUCTIONS’
 1563 |         ARITHMETIC_INSTRUCTIONS
      |         ^~~~~~~~~~~~~~~~~~~~~~~
./Processor/instructions.h:135:47: note: parameter passing for argument of type ‘Rep3Share<gf2n_long>’ when C++17 is enabled changed to match C++14 in GCC 10.1
  135 |             *dest++ = *op1++ + sgf2n::constant(int(n), Proc.P.my_num(), Proc2.MC.get_alphai())) \
      |                                ~~~~~~~~~~~~~~~^~~~~~~~~~~~~~~~~~~~~~~~~~~~~~~~~~~~~~~~~~~~~~~~
./Processor/Instruction.hpp:1562:60: note: in definition of macro ‘X’
 1562 |         case NAME: { PRE; for (int i = 0; i < size; i++) { CODE; } } break;
      |                                                            ^~~~
./Processor/Instruction.hpp:1563:9: note: in expansion of macro ‘ARITHMETIC_INSTRUCTIONS’
 1563 |         ARITHMETIC_INSTRUCTIONS
      |         ^~~~~~~~~~~~~~~~~~~~~~~
./Processor/instructions.h:135:30: note: parameter passing for argument of type ‘FixedVec<gf2n_long, 2>’ when C++17 is enabled changed to match C++14 in GCC 10.1
  135 |             *dest++ = *op1++ + sgf2n::constant(int(n), Proc.P.my_num(), Proc2.MC.get_alphai())) \
      |                       ~~~~~~~^~~~~~~~~~~~~~~~~~~~~~~~~~~~~~~~~~~~~~~~~~~~~~~~~~~~~~~~~~~~~~~~~
./Processor/Instruction.hpp:1562:60: note: in definition of macro ‘X’
 1562 |         case NAME: { PRE; for (int i = 0; i < size; i++) { CODE; } } break;
      |                                                            ^~~~
./Processor/Instruction.hpp:1563:9: note: in expansion of macro ‘ARITHMETIC_INSTRUCTIONS’
 1563 |         ARITHMETIC_INSTRUCTIONS
      |         ^~~~~~~~~~~~~~~~~~~~~~~
./Processor/instructions.h:140:18: note: parameter passing for argument of type ‘Rep3Share<gf2n_long>’ when C++17 is enabled changed to match C++14 in GCC 10.1
  140 |             auto op2 = sgf2n::constant(int(n), Proc.P.my_num(), Proc2.MC.get_alphai()), \
      |                  ^~~
./Processor/Instruction.hpp:1562:22: note: in definition of macro ‘X’
 1562 |         case NAME: { PRE; for (int i = 0; i < size; i++) { CODE; } } break;
      |                      ^~~
./Processor/Instruction.hpp:1563:9: note: in expansion of macro ‘ARITHMETIC_INSTRUCTIONS’
 1563 |         ARITHMETIC_INSTRUCTIONS
      |         ^~~~~~~~~~~~~~~~~~~~~~~
./Processor/instructions.h:141:30: note: parameter passing for argument of type ‘FixedVec<gf2n_long, 2>’ when C++17 is enabled changed to match C++14 in GCC 10.1
  141 |             *dest++ = *op1++ - op2) \
      |                       ~~~~~~~^~~~~
./Processor/Instruction.hpp:1562:60: note: in definition of macro ‘X’
 1562 |         case NAME: { PRE; for (int i = 0; i < size; i++) { CODE; } } break;
      |                                                            ^~~~
./Processor/Instruction.hpp:1563:9: note: in expansion of macro ‘ARITHMETIC_INSTRUCTIONS’
 1563 |         ARITHMETIC_INSTRUCTIONS
      |         ^~~~~~~~~~~~~~~~~~~~~~~
./Processor/instructions.h:143:18: note: parameter passing for argument of type ‘Rep3Share<gf2n_long>’ when C++17 is enabled changed to match C++14 in GCC 10.1
  143 |             auto op2 = sgf2n::constant(int(n), Proc.P.my_num(), Proc2.MC.get_alphai()), \
      |                  ^~~
./Processor/Instruction.hpp:1562:22: note: in definition of macro ‘X’
 1562 |         case NAME: { PRE; for (int i = 0; i < size; i++) { CODE; } } break;
      |                      ^~~
./Processor/Instruction.hpp:1563:9: note: in expansion of macro ‘ARITHMETIC_INSTRUCTIONS’
 1563 |         ARITHMETIC_INSTRUCTIONS
      |         ^~~~~~~~~~~~~~~~~~~~~~~
./Processor/instructions.h:144:27: note: parameter passing for argument of type ‘FixedVec<gf2n_long, 2>’ when C++17 is enabled changed to match C++14 in GCC 10.1
  144 |             *dest++ = op2 - *op1++) \
      |                       ~~~~^~~~~~~~
./Processor/Instruction.hpp:1562:60: note: in definition of macro ‘X’
 1562 |         case NAME: { PRE; for (int i = 0; i < size; i++) { CODE; } } break;
      |                                                            ^~~~
./Processor/Instruction.hpp:1563:9: note: in expansion of macro ‘ARITHMETIC_INSTRUCTIONS’
 1563 |         ARITHMETIC_INSTRUCTIONS
      |         ^~~~~~~~~~~~~~~~~~~~~~~
./Processor/instructions.h:147:47: note: parameter passing for argument of type ‘Rep3Share<gf2n_long>’ when C++17 is enabled changed to match C++14 in GCC 10.1
  147 |             *dest++ = *op1++ - sgf2n::constant(*op2++, Proc.P.my_num(), Proc2.MC.get_alphai())) \
      |                                ~~~~~~~~~~~~~~~^~~~~~~~~~~~~~~~~~~~~~~~~~~~~~~~~~~~~~~~~~~~~~~~
./Processor/Instruction.hpp:1562:60: note: in definition of macro ‘X’
 1562 |         case NAME: { PRE; for (int i = 0; i < size; i++) { CODE; } } break;
      |                                                            ^~~~
./Processor/Instruction.hpp:1563:9: note: in expansion of macro ‘ARITHMETIC_INSTRUCTIONS’
 1563 |         ARITHMETIC_INSTRUCTIONS
      |         ^~~~~~~~~~~~~~~~~~~~~~~
./Processor/instructions.h:147:30: note: parameter passing for argument of type ‘FixedVec<gf2n_long, 2>’ when C++17 is enabled changed to match C++14 in GCC 10.1
  147 |             *dest++ = *op1++ - sgf2n::constant(*op2++, Proc.P.my_num(), Proc2.MC.get_alphai())) \
      |                       ~~~~~~~^~~~~~~~~~~~~~~~~~~~~~~~~~~~~~~~~~~~~~~~~~~~~~~~~~~~~~~~~~~~~~~~~
./Processor/Instruction.hpp:1562:60: note: in definition of macro ‘X’
 1562 |         case NAME: { PRE; for (int i = 0; i < size; i++) { CODE; } } break;
      |                                                            ^~~~
./Processor/Instruction.hpp:1563:9: note: in expansion of macro ‘ARITHMETIC_INSTRUCTIONS’
 1563 |         ARITHMETIC_INSTRUCTIONS
      |         ^~~~~~~~~~~~~~~~~~~~~~~
./Processor/instructions.h:150:38: note: parameter passing for argument of type ‘Rep3Share<gf2n_long>’ when C++17 is enabled changed to match C++14 in GCC 10.1
  150 |             *dest++ = sgf2n::constant(*op1++, Proc.P.my_num(), Proc2.MC.get_alphai()) - *op2++) \
      |                       ~~~~~~~~~~~~~~~^~~~~~~~~~~~~~~~~~~~~~~~~~~~~~~~~~~~~~~~~~~~~~~~
./Processor/Instruction.hpp:1562:60: note: in definition of macro ‘X’
 1562 |         case NAME: { PRE; for (int i = 0; i < size; i++) { CODE; } } break;
      |                                                            ^~~~
./Processor/Instruction.hpp:1563:9: note: in expansion of macro ‘ARITHMETIC_INSTRUCTIONS’
 1563 |         ARITHMETIC_INSTRUCTIONS
      |         ^~~~~~~~~~~~~~~~~~~~~~~
./Processor/instructions.h:150:87: note: parameter passing for argument of type ‘FixedVec<gf2n_long, 2>’ when C++17 is enabled changed to match C++14 in GCC 10.1
  150 |             *dest++ = sgf2n::constant(*op1++, Proc.P.my_num(), Proc2.MC.get_alphai()) - *op2++) \
      |                       ~~~~~~~~~~~~~~~~~~~~~~~~~~~~~~~~~~~~~~~~~~~~~~~~~~~~~~~~~~~~~~~~^~~~~~~~
./Processor/Instruction.hpp:1562:60: note: in definition of macro ‘X’
 1562 |         case NAME: { PRE; for (int i = 0; i < size; i++) { CODE; } } break;
      |                                                            ^~~~
./Processor/Instruction.hpp:1563:9: note: in expansion of macro ‘ARITHMETIC_INSTRUCTIONS’
 1563 |         ARITHMETIC_INSTRUCTIONS
      |         ^~~~~~~~~~~~~~~~~~~~~~~
./Processor/instructions.h:153:30: note: parameter passing for argument of type ‘RepShare<gf2n_long, 2>’ when C++17 is enabled changed to match C++14 in GCC 10.1
  153 |             *dest++ = *op1++ * *op2++) \
      |                       ~~~~~~~^~~~~~~~
./Processor/Instruction.hpp:1562:60: note: in definition of macro ‘X’
 1562 |         case NAME: { PRE; for (int i = 0; i < size; i++) { CODE; } } break;
      |                                                            ^~~~
./Processor/Instruction.hpp:1563:9: note: in expansion of macro ‘ARITHMETIC_INSTRUCTIONS’
 1563 |         ARITHMETIC_INSTRUCTIONS
      |         ^~~~~~~~~~~~~~~~~~~~~~~
./Math/FixedVec.h: In member function ‘FixedVec<T, L> FixedVec<T, L>::operator+(const FixedVec<T, L>&) const [with T = gf2n_long; int L = 2]’:
./Math/FixedVec.h:170:19: note: parameter passing for argument of type ‘FixedVec<gf2n_long, 2>’ when C++17 is enabled changed to match C++14 in GCC 10.1
  170 |     FixedVec<T, L>operator+(const FixedVec<T, L>& other) const
      |                   ^~~~~~~~
./Protocols/Rep3Share.h: In static member function ‘static Rep3Share<T> Rep3Share<T>::constant(T, int, typename super::mac_key_type) [with T = gf2n_long]’:
./Protocols/Rep3Share.h:160:22: note: parameter passing for argument of type ‘Rep3Share<gf2n_long>’ when C++17 is enabled changed to match C++14 in GCC 10.1
  160 |     static Rep3Share constant(T value, int my_num,
      |                      ^~~~~~~~
./Math/FixedVec.h: In member function ‘FixedVec<T, L> FixedVec<T, L>::operator-(const FixedVec<T, L>&) const [with T = gf2n_long; int L = 2]’:
./Math/FixedVec.h:177:19: note: parameter passing for argument of type ‘FixedVec<gf2n_long, 2>’ when C++17 is enabled changed to match C++14 in GCC 10.1
  177 |     FixedVec<T, L>operator-(const FixedVec<T, L>& other) const
      |                   ^~~~~~~~
./Protocols/Rep3Share.h: In member function ‘RepShare<T, L> RepShare<T, L>::operator*(const U&) const [with U = gf2n_long; T = gf2n_long; int L = 2]’:
./Protocols/Rep3Share.h:58:14: note: parameter passing for argument of type ‘RepShare<gf2n_long, 2>’ when C++17 is enabled changed to match C++14 in GCC 10.1
   58 |     RepShare operator*(const U& other) const
      |              ^~~~~~~~
./Protocols/ReplicatedPrep.hpp: In function ‘void generate_triples_initialized(std::vector<std::array<T, 3> >&, int, U*, int) [with T = Rep3Share<gf2n_long>; U = Replicated<Rep3Share<gf2n_long> >]’:
./Protocols/ReplicatedPrep.hpp:216:9: note: parameter passing for argument of type ‘Rep3Share<gf2n_long>’ when C++17 is enabled changed to match C++14 in GCC 10.1
  216 |         triple[0] = protocol->get_random();
      |         ^~~~~~
./Protocols/ReplicatedPrep.hpp: In function ‘void XOR(std::vector<T>&, std::vector<T>&, std::vector<T>&, typename T::Protocol&) [with T = Rep3Share<gf2n_long>]’:
./Protocols/ReplicatedPrep.hpp:381:27: note: parameter passing for argument of type ‘FixedVec<gf2n_long, 2>’ when C++17 is enabled changed to match C++14 in GCC 10.1
  381 |             res[i] = x[i] + y[i];
      |                      ~~~~~^~~~
./Protocols/ReplicatedPrep.hpp:391:52: note: parameter passing for argument of type ‘RepShare<gf2n_long, 2>’ when C++17 is enabled changed to match C++14 in GCC 10.1
  391 |         res[i] = x[i] + y[i] - prot.finalize_mul() * two;
      |                                ~~~~~~~~~~~~~~~~~~~~^~~~~
./Protocols/ReplicatedPrep.hpp:391:49: note: parameter passing for argument of type ‘Rep3Share<gf2n_long>’ when C++17 is enabled changed to match C++14 in GCC 10.1
  391 |         res[i] = x[i] + y[i] - prot.finalize_mul() * two;
      |                                ~~~~~~~~~~~~~~~~~^~
./Protocols/ReplicatedPrep.hpp:391:52: note: parameter passing for argument of type ‘RepShare<gf2n_long, 2>’ when C++17 is enabled changed to match C++14 in GCC 10.1
  391 |         res[i] = x[i] + y[i] - prot.finalize_mul() * two;
      |                                ~~~~~~~~~~~~~~~~~~~~^~~~~
./Protocols/ReplicatedPrep.hpp:391:30: note: parameter passing for argument of type ‘FixedVec<gf2n_long, 2>’ when C++17 is enabled changed to match C++14 in GCC 10.1
  391 |         res[i] = x[i] + y[i] - prot.finalize_mul() * two;
      |                  ~~~~~~~~~~~~^~~~~~~~~~~~~~~~~~~~~~~~~~~
./Protocols/ReplicatedPrep.hpp: In member function ‘void SemiHonestRingPrep<T>::buffer_bits(std::false_type, std::true_type) [with int <anonymous> = 0; T = Rep3Share<gf2n_long>]’:
./Protocols/ReplicatedPrep.hpp:1185:18: note: parameter passing for argument of type ‘Rep3Share<gf2n_long>’ when C++17 is enabled changed to match C++14 in GCC 10.1
 1185 |             auto share = this->get_random();
      |                  ^~~~~
./Protocols/ReplicatedPrep.hpp:1188:44: note: parameter passing for argument of type ‘FixedVec<gf2n_long, 2>’ when C++17 is enabled changed to match C++14 in GCC 10.1
 1188 |                 this->bits.push_back(share & 1);
      |                                      ~~~~~~^~~
./Protocols/ReplicatedPrep.hpp: In member function ‘T BufferPrep<T>::get_random() [with T = Rep3Share<gf2n_long>]’:
./Protocols/ReplicatedPrep.hpp:1437:3: note: parameter passing for argument of type ‘Rep3Share<gf2n_long>’ when C++17 is enabled changed to match C++14 in GCC 10.1
 1437 | T BufferPrep<T>::get_random()
      |   ^~~~~~~~~~~~~
./Math/FixedVec.h: In member function ‘FixedVec<T, L> FixedVec<T, L>::operator&(const U&) const [with U = int; T = gf2n_long; int L = 2]’:
./Math/FixedVec.h:216:19: note: parameter passing for argument of type ‘FixedVec<gf2n_long, 2>’ when C++17 is enabled changed to match C++14 in GCC 10.1
  216 |     FixedVec<T, L>operator&(const U& other) const
      |                   ^~~~~~~~
./Protocols/ReplicatedPrep.hpp: In function ‘void generate_squares(std::vector<std::array<T, 2> >&, int, U*) [with T = Rep3Share<gf2n_long>; U = Replicated<Rep3Share<gf2n_long> >]’:
./Protocols/ReplicatedPrep.hpp:290:9: note: parameter passing for argument of type ‘Rep3Share<gf2n_long>’ when C++17 is enabled changed to match C++14 in GCC 10.1
  290 |         square[0] = protocol->get_random();
      |         ^~~~~~
./Protocols/ReplicatedPrep.hpp: In member function ‘void BitPrep<T>::buffer_squares() [with T = Rep3Share<gf2n_long>]’:
./Protocols/ReplicatedPrep.hpp:260:29: note: parameter passing for argument of type ‘FixedVec<gf2n_long, 2>’ when C++17 is enabled changed to match C++14 in GCC 10.1
  260 |         a_plus_b[i] = as[i] + b;
      |                       ~~~~~~^~~
./Protocols/ReplicatedPrep.hpp:265:48: note: parameter passing for argument of type ‘RepShare<gf2n_long, 2>’ when C++17 is enabled changed to match C++14 in GCC 10.1
  265 |         this->squares.push_back({{as[i], as[i] * opened[i] - cs[i]}});
      |                                          ~~~~~~^~~~~~~~~
./Protocols/ReplicatedPrep.hpp:265:60: note: parameter passing for argument of type ‘FixedVec<gf2n_long, 2>’ when C++17 is enabled changed to match C++14 in GCC 10.1
  265 |         this->squares.push_back({{as[i], as[i] * opened[i] - cs[i]}});
      |                                          ~~~~~~~~~~~~~~~~~~^~~~~
./Processor/Input.hpp: In static member function ‘static void InputBase<T>::finalize(SubProcessor<T>&, int, const std::vector<unsigned int>::value_type*, int) [with U = IntInput<gf2n_long>; T = Rep3Share<gf2n_long>]’:
./Processor/Input.hpp:262:13: note: parameter passing for argument of type ‘Rep3Share<gf2n_long>’ when C++17 is enabled changed to match C++14 in GCC 10.1
  262 |             Proc.get_S_ref(dest[j] + k) = input.finalize(player);
      |             ^~~~
./Protocols/Rep3Share.h: In static member function ‘static void RepShare<T, L>::shrsi(SubProcessor<U>&, const Instruction&, std::false_type) [with U = Rep3Share<gf2n_long>; T = gf2n_long; int L = 2]’:
./Protocols/Rep3Share.h:111:27: note: parameter passing for argument of type ‘FixedVec<gf2n_long, 2>’ when C++17 is enabled changed to match C++14 in GCC 10.1
  111 |             dest = source >> inst.get_n();
      |                    ~~~~~~~^~~~~~~~~~~~~~~
In file included from ./Processor/Online-Thread.hpp:13:
./Processor/Processor.hpp: In member function ‘void SubProcessor<T>::muls(const ArgVector&) [with T = Rep3Share<gf2n_long>]’:
./Processor/Processor.hpp:527:13: note: parameter passing for argument of type ‘Rep3Share<gf2n_long>’ when C++17 is enabled changed to match C++14 in GCC 10.1
  527 |             *z++ = protocol.finalize_mul();
      |             ^
./Processor/Instruction.hpp: In member function ‘void Program::execute_with_errors(Processor<sint, sgf2n>&) const [with sint = Rep3Share<gfp_<0, 2> >; sgf2n = Rep3Share<gf2n_long>]’:
./Processor/instructions.h:130:30: note: parameter passing for argument of type ‘FixedVec<gf2n_long, 2>’ when C++17 is enabled changed to match C++14 in GCC 10.1
  130 |             *dest++ = *op1++ + *op2++) \
      |                       ~~~~~~~^~~~~~~~
./Processor/Instruction.hpp:1562:60: note: in definition of macro ‘X’
 1562 |         case NAME: { PRE; for (int i = 0; i < size; i++) { CODE; } } break;
      |                                                            ^~~~
./Processor/Instruction.hpp:1563:9: note: in expansion of macro ‘ARITHMETIC_INSTRUCTIONS’
 1563 |         ARITHMETIC_INSTRUCTIONS
      |         ^~~~~~~~~~~~~~~~~~~~~~~
./Processor/instructions.h:133:47: note: parameter passing for argument of type ‘Rep3Share<gf2n_long>’ when C++17 is enabled changed to match C++14 in GCC 10.1
  133 |             *dest++ = *op1++ + sgf2n::constant(*op2++, Proc.P.my_num(), Proc2.MC.get_alphai())) \
      |                                ~~~~~~~~~~~~~~~^~~~~~~~~~~~~~~~~~~~~~~~~~~~~~~~~~~~~~~~~~~~~~~~
./Processor/Instruction.hpp:1562:60: note: in definition of macro ‘X’
 1562 |         case NAME: { PRE; for (int i = 0; i < size; i++) { CODE; } } break;
      |                                                            ^~~~
./Processor/Instruction.hpp:1563:9: note: in expansion of macro ‘ARITHMETIC_INSTRUCTIONS’
 1563 |         ARITHMETIC_INSTRUCTIONS
      |         ^~~~~~~~~~~~~~~~~~~~~~~
./Processor/instructions.h:133:30: note: parameter passing for argument of type ‘FixedVec<gf2n_long, 2>’ when C++17 is enabled changed to match C++14 in GCC 10.1
  133 |             *dest++ = *op1++ + sgf2n::constant(*op2++, Proc.P.my_num(), Proc2.MC.get_alphai())) \
      |                       ~~~~~~~^~~~~~~~~~~~~~~~~~~~~~~~~~~~~~~~~~~~~~~~~~~~~~~~~~~~~~~~~~~~~~~~~
./Processor/Instruction.hpp:1562:60: note: in definition of macro ‘X’
 1562 |         case NAME: { PRE; for (int i = 0; i < size; i++) { CODE; } } break;
      |                                                            ^~~~
./Processor/Instruction.hpp:1563:9: note: in expansion of macro ‘ARITHMETIC_INSTRUCTIONS’
 1563 |         ARITHMETIC_INSTRUCTIONS
      |         ^~~~~~~~~~~~~~~~~~~~~~~
./Processor/instructions.h:135:47: note: parameter passing for argument of type ‘Rep3Share<gf2n_long>’ when C++17 is enabled changed to match C++14 in GCC 10.1
  135 |             *dest++ = *op1++ + sgf2n::constant(int(n), Proc.P.my_num(), Proc2.MC.get_alphai())) \
      |                                ~~~~~~~~~~~~~~~^~~~~~~~~~~~~~~~~~~~~~~~~~~~~~~~~~~~~~~~~~~~~~~~
./Processor/Instruction.hpp:1562:60: note: in definition of macro ‘X’
 1562 |         case NAME: { PRE; for (int i = 0; i < size; i++) { CODE; } } break;
      |                                                            ^~~~
./Processor/Instruction.hpp:1563:9: note: in expansion of macro ‘ARITHMETIC_INSTRUCTIONS’
 1563 |         ARITHMETIC_INSTRUCTIONS
      |         ^~~~~~~~~~~~~~~~~~~~~~~
./Processor/instructions.h:135:30: note: parameter passing for argument of type ‘FixedVec<gf2n_long, 2>’ when C++17 is enabled changed to match C++14 in GCC 10.1
  135 |             *dest++ = *op1++ + sgf2n::constant(int(n), Proc.P.my_num(), Proc2.MC.get_alphai())) \
      |                       ~~~~~~~^~~~~~~~~~~~~~~~~~~~~~~~~~~~~~~~~~~~~~~~~~~~~~~~~~~~~~~~~~~~~~~~~
./Processor/Instruction.hpp:1562:60: note: in definition of macro ‘X’
 1562 |         case NAME: { PRE; for (int i = 0; i < size; i++) { CODE; } } break;
      |                                                            ^~~~
./Processor/Instruction.hpp:1563:9: note: in expansion of macro ‘ARITHMETIC_INSTRUCTIONS’
 1563 |         ARITHMETIC_INSTRUCTIONS
      |         ^~~~~~~~~~~~~~~~~~~~~~~
./Processor/instructions.h:140:18: note: parameter passing for argument of type ‘Rep3Share<gf2n_long>’ when C++17 is enabled changed to match C++14 in GCC 10.1
  140 |             auto op2 = sgf2n::constant(int(n), Proc.P.my_num(), Proc2.MC.get_alphai()), \
      |                  ^~~
./Processor/Instruction.hpp:1562:22: note: in definition of macro ‘X’
 1562 |         case NAME: { PRE; for (int i = 0; i < size; i++) { CODE; } } break;
      |                      ^~~
./Processor/Instruction.hpp:1563:9: note: in expansion of macro ‘ARITHMETIC_INSTRUCTIONS’
 1563 |         ARITHMETIC_INSTRUCTIONS
      |         ^~~~~~~~~~~~~~~~~~~~~~~
./Processor/instructions.h:141:30: note: parameter passing for argument of type ‘FixedVec<gf2n_long, 2>’ when C++17 is enabled changed to match C++14 in GCC 10.1
  141 |             *dest++ = *op1++ - op2) \
      |                       ~~~~~~~^~~~~
./Processor/Instruction.hpp:1562:60: note: in definition of macro ‘X’
 1562 |         case NAME: { PRE; for (int i = 0; i < size; i++) { CODE; } } break;
      |                                                            ^~~~
./Processor/Instruction.hpp:1563:9: note: in expansion of macro ‘ARITHMETIC_INSTRUCTIONS’
 1563 |         ARITHMETIC_INSTRUCTIONS
      |         ^~~~~~~~~~~~~~~~~~~~~~~
./Processor/instructions.h:143:18: note: parameter passing for argument of type ‘Rep3Share<gf2n_long>’ when C++17 is enabled changed to match C++14 in GCC 10.1
  143 |             auto op2 = sgf2n::constant(int(n), Proc.P.my_num(), Proc2.MC.get_alphai()), \
      |                  ^~~
./Processor/Instruction.hpp:1562:22: note: in definition of macro ‘X’
 1562 |         case NAME: { PRE; for (int i = 0; i < size; i++) { CODE; } } break;
      |                      ^~~
./Processor/Instruction.hpp:1563:9: note: in expansion of macro ‘ARITHMETIC_INSTRUCTIONS’
 1563 |         ARITHMETIC_INSTRUCTIONS
      |         ^~~~~~~~~~~~~~~~~~~~~~~
./Processor/instructions.h:144:27: note: parameter passing for argument of type ‘FixedVec<gf2n_long, 2>’ when C++17 is enabled changed to match C++14 in GCC 10.1
  144 |             *dest++ = op2 - *op1++) \
      |                       ~~~~^~~~~~~~
./Processor/Instruction.hpp:1562:60: note: in definition of macro ‘X’
 1562 |         case NAME: { PRE; for (int i = 0; i < size; i++) { CODE; } } break;
      |                                                            ^~~~
./Processor/Instruction.hpp:1563:9: note: in expansion of macro ‘ARITHMETIC_INSTRUCTIONS’
 1563 |         ARITHMETIC_INSTRUCTIONS
      |         ^~~~~~~~~~~~~~~~~~~~~~~
./Processor/instructions.h:147:47: note: parameter passing for argument of type ‘Rep3Share<gf2n_long>’ when C++17 is enabled changed to match C++14 in GCC 10.1
  147 |             *dest++ = *op1++ - sgf2n::constant(*op2++, Proc.P.my_num(), Proc2.MC.get_alphai())) \
      |                                ~~~~~~~~~~~~~~~^~~~~~~~~~~~~~~~~~~~~~~~~~~~~~~~~~~~~~~~~~~~~~~~
./Processor/Instruction.hpp:1562:60: note: in definition of macro ‘X’
 1562 |         case NAME: { PRE; for (int i = 0; i < size; i++) { CODE; } } break;
      |                                                            ^~~~
./Processor/Instruction.hpp:1563:9: note: in expansion of macro ‘ARITHMETIC_INSTRUCTIONS’
 1563 |         ARITHMETIC_INSTRUCTIONS
      |         ^~~~~~~~~~~~~~~~~~~~~~~
./Processor/instructions.h:147:30: note: parameter passing for argument of type ‘FixedVec<gf2n_long, 2>’ when C++17 is enabled changed to match C++14 in GCC 10.1
  147 |             *dest++ = *op1++ - sgf2n::constant(*op2++, Proc.P.my_num(), Proc2.MC.get_alphai())) \
      |                       ~~~~~~~^~~~~~~~~~~~~~~~~~~~~~~~~~~~~~~~~~~~~~~~~~~~~~~~~~~~~~~~~~~~~~~~~
./Processor/Instruction.hpp:1562:60: note: in definition of macro ‘X’
 1562 |         case NAME: { PRE; for (int i = 0; i < size; i++) { CODE; } } break;
      |                                                            ^~~~
./Processor/Instruction.hpp:1563:9: note: in expansion of macro ‘ARITHMETIC_INSTRUCTIONS’
 1563 |         ARITHMETIC_INSTRUCTIONS
      |         ^~~~~~~~~~~~~~~~~~~~~~~
./Processor/instructions.h:150:38: note: parameter passing for argument of type ‘Rep3Share<gf2n_long>’ when C++17 is enabled changed to match C++14 in GCC 10.1
  150 |             *dest++ = sgf2n::constant(*op1++, Proc.P.my_num(), Proc2.MC.get_alphai()) - *op2++) \
      |                       ~~~~~~~~~~~~~~~^~~~~~~~~~~~~~~~~~~~~~~~~~~~~~~~~~~~~~~~~~~~~~~~
./Processor/Instruction.hpp:1562:60: note: in definition of macro ‘X’
 1562 |         case NAME: { PRE; for (int i = 0; i < size; i++) { CODE; } } break;
      |                                                            ^~~~
./Processor/Instruction.hpp:1563:9: note: in expansion of macro ‘ARITHMETIC_INSTRUCTIONS’
 1563 |         ARITHMETIC_INSTRUCTIONS
      |         ^~~~~~~~~~~~~~~~~~~~~~~
./Processor/instructions.h:150:87: note: parameter passing for argument of type ‘FixedVec<gf2n_long, 2>’ when C++17 is enabled changed to match C++14 in GCC 10.1
  150 |             *dest++ = sgf2n::constant(*op1++, Proc.P.my_num(), Proc2.MC.get_alphai()) - *op2++) \
      |                       ~~~~~~~~~~~~~~~~~~~~~~~~~~~~~~~~~~~~~~~~~~~~~~~~~~~~~~~~~~~~~~~~^~~~~~~~
./Processor/Instruction.hpp:1562:60: note: in definition of macro ‘X’
 1562 |         case NAME: { PRE; for (int i = 0; i < size; i++) { CODE; } } break;
      |                                                            ^~~~
./Processor/Instruction.hpp:1563:9: note: in expansion of macro ‘ARITHMETIC_INSTRUCTIONS’
 1563 |         ARITHMETIC_INSTRUCTIONS
      |         ^~~~~~~~~~~~~~~~~~~~~~~
./Processor/instructions.h:153:30: note: parameter passing for argument of type ‘RepShare<gf2n_long, 2>’ when C++17 is enabled changed to match C++14 in GCC 10.1
  153 |             *dest++ = *op1++ * *op2++) \
      |                       ~~~~~~~^~~~~~~~
./Processor/Instruction.hpp:1562:60: note: in definition of macro ‘X’
 1562 |         case NAME: { PRE; for (int i = 0; i < size; i++) { CODE; } } break;
      |                                                            ^~~~
./Processor/Instruction.hpp:1563:9: note: in expansion of macro ‘ARITHMETIC_INSTRUCTIONS’
 1563 |         ARITHMETIC_INSTRUCTIONS
      |         ^~~~~~~~~~~~~~~~~~~~~~~
./Processor/Instruction.hpp: In member function ‘void Program::execute_with_errors(Processor<sint, sgf2n>&) const [with sint = Rep3Share<gfp_<0, 3> >; sgf2n = Rep3Share<gf2n_long>]’:
./Processor/instructions.h:118:18: note: parameter passing for argument of type ‘Rep3Share<gf2n_long>’ when C++17 is enabled changed to match C++14 in GCC 10.1
  118 |             auto tmp = sgf2n::constant(int(n), Proc.P.my_num(), Proc2.MC.get_alphai()), \
      |                  ^~~
./Processor/Instruction.hpp:1562:22: note: in definition of macro ‘X’
 1562 |         case NAME: { PRE; for (int i = 0; i < size; i++) { CODE; } } break;
      |                      ^~~
./Processor/Instruction.hpp:1563:9: note: in expansion of macro ‘ARITHMETIC_INSTRUCTIONS’
 1563 |         ARITHMETIC_INSTRUCTIONS
      |         ^~~~~~~~~~~~~~~~~~~~~~~
./Processor/instructions.h:130:30: note: parameter passing for argument of type ‘FixedVec<gf2n_long, 2>’ when C++17 is enabled changed to match C++14 in GCC 10.1
  130 |             *dest++ = *op1++ + *op2++) \
      |                       ~~~~~~~^~~~~~~~
./Processor/Instruction.hpp:1562:60: note: in definition of macro ‘X’
 1562 |         case NAME: { PRE; for (int i = 0; i < size; i++) { CODE; } } break;
      |                                                            ^~~~
./Processor/Instruction.hpp:1563:9: note: in expansion of macro ‘ARITHMETIC_INSTRUCTIONS’
 1563 |         ARITHMETIC_INSTRUCTIONS
      |         ^~~~~~~~~~~~~~~~~~~~~~~
./Processor/instructions.h:133:47: note: parameter passing for argument of type ‘Rep3Share<gf2n_long>’ when C++17 is enabled changed to match C++14 in GCC 10.1
  133 |             *dest++ = *op1++ + sgf2n::constant(*op2++, Proc.P.my_num(), Proc2.MC.get_alphai())) \
      |                                ~~~~~~~~~~~~~~~^~~~~~~~~~~~~~~~~~~~~~~~~~~~~~~~~~~~~~~~~~~~~~~~
./Processor/Instruction.hpp:1562:60: note: in definition of macro ‘X’
 1562 |         case NAME: { PRE; for (int i = 0; i < size; i++) { CODE; } } break;
      |                                                            ^~~~
./Processor/Instruction.hpp:1563:9: note: in expansion of macro ‘ARITHMETIC_INSTRUCTIONS’
 1563 |         ARITHMETIC_INSTRUCTIONS
      |         ^~~~~~~~~~~~~~~~~~~~~~~
./Processor/instructions.h:133:30: note: parameter passing for argument of type ‘FixedVec<gf2n_long, 2>’ when C++17 is enabled changed to match C++14 in GCC 10.1
  133 |             *dest++ = *op1++ + sgf2n::constant(*op2++, Proc.P.my_num(), Proc2.MC.get_alphai())) \
      |                       ~~~~~~~^~~~~~~~~~~~~~~~~~~~~~~~~~~~~~~~~~~~~~~~~~~~~~~~~~~~~~~~~~~~~~~~~
./Processor/Instruction.hpp:1562:60: note: in definition of macro ‘X’
 1562 |         case NAME: { PRE; for (int i = 0; i < size; i++) { CODE; } } break;
      |                                                            ^~~~
./Processor/Instruction.hpp:1563:9: note: in expansion of macro ‘ARITHMETIC_INSTRUCTIONS’
 1563 |         ARITHMETIC_INSTRUCTIONS
      |         ^~~~~~~~~~~~~~~~~~~~~~~
./Processor/instructions.h:135:47: note: parameter passing for argument of type ‘Rep3Share<gf2n_long>’ when C++17 is enabled changed to match C++14 in GCC 10.1
  135 |             *dest++ = *op1++ + sgf2n::constant(int(n), Proc.P.my_num(), Proc2.MC.get_alphai())) \
      |                                ~~~~~~~~~~~~~~~^~~~~~~~~~~~~~~~~~~~~~~~~~~~~~~~~~~~~~~~~~~~~~~~
./Processor/Instruction.hpp:1562:60: note: in definition of macro ‘X’
 1562 |         case NAME: { PRE; for (int i = 0; i < size; i++) { CODE; } } break;
      |                                                            ^~~~
./Processor/Instruction.hpp:1563:9: note: in expansion of macro ‘ARITHMETIC_INSTRUCTIONS’
 1563 |         ARITHMETIC_INSTRUCTIONS
      |         ^~~~~~~~~~~~~~~~~~~~~~~
./Processor/instructions.h:135:30: note: parameter passing for argument of type ‘FixedVec<gf2n_long, 2>’ when C++17 is enabled changed to match C++14 in GCC 10.1
  135 |             *dest++ = *op1++ + sgf2n::constant(int(n), Proc.P.my_num(), Proc2.MC.get_alphai())) \
      |                       ~~~~~~~^~~~~~~~~~~~~~~~~~~~~~~~~~~~~~~~~~~~~~~~~~~~~~~~~~~~~~~~~~~~~~~~~
./Processor/Instruction.hpp:1562:60: note: in definition of macro ‘X’
 1562 |         case NAME: { PRE; for (int i = 0; i < size; i++) { CODE; } } break;
      |                                                            ^~~~
./Processor/Instruction.hpp:1563:9: note: in expansion of macro ‘ARITHMETIC_INSTRUCTIONS’
 1563 |         ARITHMETIC_INSTRUCTIONS
      |         ^~~~~~~~~~~~~~~~~~~~~~~
./Processor/instructions.h:140:18: note: parameter passing for argument of type ‘Rep3Share<gf2n_long>’ when C++17 is enabled changed to match C++14 in GCC 10.1
  140 |             auto op2 = sgf2n::constant(int(n), Proc.P.my_num(), Proc2.MC.get_alphai()), \
      |                  ^~~
./Processor/Instruction.hpp:1562:22: note: in definition of macro ‘X’
 1562 |         case NAME: { PRE; for (int i = 0; i < size; i++) { CODE; } } break;
      |                      ^~~
./Processor/Instruction.hpp:1563:9: note: in expansion of macro ‘ARITHMETIC_INSTRUCTIONS’
 1563 |         ARITHMETIC_INSTRUCTIONS
      |         ^~~~~~~~~~~~~~~~~~~~~~~
./Processor/instructions.h:141:30: note: parameter passing for argument of type ‘FixedVec<gf2n_long, 2>’ when C++17 is enabled changed to match C++14 in GCC 10.1
  141 |             *dest++ = *op1++ - op2) \
      |                       ~~~~~~~^~~~~
./Processor/Instruction.hpp:1562:60: note: in definition of macro ‘X’
 1562 |         case NAME: { PRE; for (int i = 0; i < size; i++) { CODE; } } break;
      |                                                            ^~~~
./Processor/Instruction.hpp:1563:9: note: in expansion of macro ‘ARITHMETIC_INSTRUCTIONS’
 1563 |         ARITHMETIC_INSTRUCTIONS
      |         ^~~~~~~~~~~~~~~~~~~~~~~
./Processor/instructions.h:143:18: note: parameter passing for argument of type ‘Rep3Share<gf2n_long>’ when C++17 is enabled changed to match C++14 in GCC 10.1
  143 |             auto op2 = sgf2n::constant(int(n), Proc.P.my_num(), Proc2.MC.get_alphai()), \
      |                  ^~~
./Processor/Instruction.hpp:1562:22: note: in definition of macro ‘X’
 1562 |         case NAME: { PRE; for (int i = 0; i < size; i++) { CODE; } } break;
      |                      ^~~
./Processor/Instruction.hpp:1563:9: note: in expansion of macro ‘ARITHMETIC_INSTRUCTIONS’
 1563 |         ARITHMETIC_INSTRUCTIONS
      |         ^~~~~~~~~~~~~~~~~~~~~~~
./Processor/instructions.h:144:27: note: parameter passing for argument of type ‘FixedVec<gf2n_long, 2>’ when C++17 is enabled changed to match C++14 in GCC 10.1
  144 |             *dest++ = op2 - *op1++) \
      |                       ~~~~^~~~~~~~
./Processor/Instruction.hpp:1562:60: note: in definition of macro ‘X’
 1562 |         case NAME: { PRE; for (int i = 0; i < size; i++) { CODE; } } break;
      |                                                            ^~~~
./Processor/Instruction.hpp:1563:9: note: in expansion of macro ‘ARITHMETIC_INSTRUCTIONS’
 1563 |         ARITHMETIC_INSTRUCTIONS
      |         ^~~~~~~~~~~~~~~~~~~~~~~
./Processor/instructions.h:147:47: note: parameter passing for argument of type ‘Rep3Share<gf2n_long>’ when C++17 is enabled changed to match C++14 in GCC 10.1
  147 |             *dest++ = *op1++ - sgf2n::constant(*op2++, Proc.P.my_num(), Proc2.MC.get_alphai())) \
      |                                ~~~~~~~~~~~~~~~^~~~~~~~~~~~~~~~~~~~~~~~~~~~~~~~~~~~~~~~~~~~~~~~
./Processor/Instruction.hpp:1562:60: note: in definition of macro ‘X’
 1562 |         case NAME: { PRE; for (int i = 0; i < size; i++) { CODE; } } break;
      |                                                            ^~~~
./Processor/Instruction.hpp:1563:9: note: in expansion of macro ‘ARITHMETIC_INSTRUCTIONS’
 1563 |         ARITHMETIC_INSTRUCTIONS
      |         ^~~~~~~~~~~~~~~~~~~~~~~
./Processor/instructions.h:147:30: note: parameter passing for argument of type ‘FixedVec<gf2n_long, 2>’ when C++17 is enabled changed to match C++14 in GCC 10.1
  147 |             *dest++ = *op1++ - sgf2n::constant(*op2++, Proc.P.my_num(), Proc2.MC.get_alphai())) \
      |                       ~~~~~~~^~~~~~~~~~~~~~~~~~~~~~~~~~~~~~~~~~~~~~~~~~~~~~~~~~~~~~~~~~~~~~~~~
./Processor/Instruction.hpp:1562:60: note: in definition of macro ‘X’
 1562 |         case NAME: { PRE; for (int i = 0; i < size; i++) { CODE; } } break;
      |                                                            ^~~~
./Processor/Instruction.hpp:1563:9: note: in expansion of macro ‘ARITHMETIC_INSTRUCTIONS’
 1563 |         ARITHMETIC_INSTRUCTIONS
      |         ^~~~~~~~~~~~~~~~~~~~~~~
./Processor/instructions.h:150:38: note: parameter passing for argument of type ‘Rep3Share<gf2n_long>’ when C++17 is enabled changed to match C++14 in GCC 10.1
  150 |             *dest++ = sgf2n::constant(*op1++, Proc.P.my_num(), Proc2.MC.get_alphai()) - *op2++) \
      |                       ~~~~~~~~~~~~~~~^~~~~~~~~~~~~~~~~~~~~~~~~~~~~~~~~~~~~~~~~~~~~~~~
./Processor/Instruction.hpp:1562:60: note: in definition of macro ‘X’
 1562 |         case NAME: { PRE; for (int i = 0; i < size; i++) { CODE; } } break;
      |                                                            ^~~~
./Processor/Instruction.hpp:1563:9: note: in expansion of macro ‘ARITHMETIC_INSTRUCTIONS’
 1563 |         ARITHMETIC_INSTRUCTIONS
      |         ^~~~~~~~~~~~~~~~~~~~~~~
./Processor/instructions.h:150:87: note: parameter passing for argument of type ‘FixedVec<gf2n_long, 2>’ when C++17 is enabled changed to match C++14 in GCC 10.1
  150 |             *dest++ = sgf2n::constant(*op1++, Proc.P.my_num(), Proc2.MC.get_alphai()) - *op2++) \
      |                       ~~~~~~~~~~~~~~~~~~~~~~~~~~~~~~~~~~~~~~~~~~~~~~~~~~~~~~~~~~~~~~~~^~~~~~~~
./Processor/Instruction.hpp:1562:60: note: in definition of macro ‘X’
 1562 |         case NAME: { PRE; for (int i = 0; i < size; i++) { CODE; } } break;
      |                                                            ^~~~
./Processor/Instruction.hpp:1563:9: note: in expansion of macro ‘ARITHMETIC_INSTRUCTIONS’
 1563 |         ARITHMETIC_INSTRUCTIONS
      |         ^~~~~~~~~~~~~~~~~~~~~~~
./Processor/instructions.h:153:30: note: parameter passing for argument of type ‘RepShare<gf2n_long, 2>’ when C++17 is enabled changed to match C++14 in GCC 10.1
  153 |             *dest++ = *op1++ * *op2++) \
      |                       ~~~~~~~^~~~~~~~
./Processor/Instruction.hpp:1562:60: note: in definition of macro ‘X’
 1562 |         case NAME: { PRE; for (int i = 0; i < size; i++) { CODE; } } break;
      |                                                            ^~~~
./Processor/Instruction.hpp:1563:9: note: in expansion of macro ‘ARITHMETIC_INSTRUCTIONS’
 1563 |         ARITHMETIC_INSTRUCTIONS
      |         ^~~~~~~~~~~~~~~~~~~~~~~
In file included from ./Protocols/ShamirInput.hpp:11,
                 from ./Protocols/fake-stuff.hpp:12,
                 from ./Processor/Machine.hpp:9:
./Protocols/ReplicatedInput.hpp: In instantiation of ‘T PrepLessInput<T>::finalize_mine() [with T = Rep3Share<gf2n_long>]’:
./Protocols/ReplicatedInput.hpp:208:3:   required from here
./Protocols/ReplicatedInput.hpp:208:3: note: parameter passing for argument of type ‘Rep3Share<gf2n_long>’ when C++17 is enabled changed to match C++14 in GCC 10.1
  208 | T PrepLessInput<T>::finalize_mine()
      |   ^~~~~~~~~~~~~~~~
./Protocols/ReplicatedInput.hpp: In instantiation of ‘T PrepLessInput<T>::finalize_mine() [with T = MaliciousRep3Share<gf2n_long>]’:
./Protocols/ReplicatedInput.hpp:208:3:   required from here
./Protocols/ReplicatedInput.hpp:208:3: note: parameter passing for argument of type ‘MaliciousRep3Share<gf2n_long>’ when C++17 is enabled changed to match C++14 in GCC 10.1
./Processor/Instruction.hpp: In member function ‘void Program::execute_with_errors(Processor<sint, sgf2n>&) const [with sint = Rep3Share<gfp_<0, 4> >; sgf2n = Rep3Share<gf2n_long>]’:
./Processor/instructions.h:118:18: note: parameter passing for argument of type ‘Rep3Share<gf2n_long>’ when C++17 is enabled changed to match C++14 in GCC 10.1
  118 |             auto tmp = sgf2n::constant(int(n), Proc.P.my_num(), Proc2.MC.get_alphai()), \
      |                  ^~~
./Processor/Instruction.hpp:1562:22: note: in definition of macro ‘X’
 1562 |         case NAME: { PRE; for (int i = 0; i < size; i++) { CODE; } } break;
      |                      ^~~
./Processor/Instruction.hpp:1563:9: note: in expansion of macro ‘ARITHMETIC_INSTRUCTIONS’
 1563 |         ARITHMETIC_INSTRUCTIONS
      |         ^~~~~~~~~~~~~~~~~~~~~~~
./Processor/instructions.h:130:30: note: parameter passing for argument of type ‘FixedVec<gf2n_long, 2>’ when C++17 is enabled changed to match C++14 in GCC 10.1
  130 |             *dest++ = *op1++ + *op2++) \
      |                       ~~~~~~~^~~~~~~~
./Processor/Instruction.hpp:1562:60: note: in definition of macro ‘X’
 1562 |         case NAME: { PRE; for (int i = 0; i < size; i++) { CODE; } } break;
      |                                                            ^~~~
./Processor/Instruction.hpp:1563:9: note: in expansion of macro ‘ARITHMETIC_INSTRUCTIONS’
 1563 |         ARITHMETIC_INSTRUCTIONS
      |         ^~~~~~~~~~~~~~~~~~~~~~~
./Processor/instructions.h:133:47: note: parameter passing for argument of type ‘Rep3Share<gf2n_long>’ when C++17 is enabled changed to match C++14 in GCC 10.1
  133 |             *dest++ = *op1++ + sgf2n::constant(*op2++, Proc.P.my_num(), Proc2.MC.get_alphai())) \
      |                                ~~~~~~~~~~~~~~~^~~~~~~~~~~~~~~~~~~~~~~~~~~~~~~~~~~~~~~~~~~~~~~~
./Processor/Instruction.hpp:1562:60: note: in definition of macro ‘X’
 1562 |         case NAME: { PRE; for (int i = 0; i < size; i++) { CODE; } } break;
      |                                                            ^~~~
./Processor/Instruction.hpp:1563:9: note: in expansion of macro ‘ARITHMETIC_INSTRUCTIONS’
 1563 |         ARITHMETIC_INSTRUCTIONS
      |         ^~~~~~~~~~~~~~~~~~~~~~~
./Processor/instructions.h:133:30: note: parameter passing for argument of type ‘FixedVec<gf2n_long, 2>’ when C++17 is enabled changed to match C++14 in GCC 10.1
  133 |             *dest++ = *op1++ + sgf2n::constant(*op2++, Proc.P.my_num(), Proc2.MC.get_alphai())) \
      |                       ~~~~~~~^~~~~~~~~~~~~~~~~~~~~~~~~~~~~~~~~~~~~~~~~~~~~~~~~~~~~~~~~~~~~~~~~
./Processor/Instruction.hpp:1562:60: note: in definition of macro ‘X’
 1562 |         case NAME: { PRE; for (int i = 0; i < size; i++) { CODE; } } break;
      |                                                            ^~~~
./Processor/Instruction.hpp:1563:9: note: in expansion of macro ‘ARITHMETIC_INSTRUCTIONS’
 1563 |         ARITHMETIC_INSTRUCTIONS
      |         ^~~~~~~~~~~~~~~~~~~~~~~
./Processor/instructions.h:135:47: note: parameter passing for argument of type ‘Rep3Share<gf2n_long>’ when C++17 is enabled changed to match C++14 in GCC 10.1
  135 |             *dest++ = *op1++ + sgf2n::constant(int(n), Proc.P.my_num(), Proc2.MC.get_alphai())) \
      |                                ~~~~~~~~~~~~~~~^~~~~~~~~~~~~~~~~~~~~~~~~~~~~~~~~~~~~~~~~~~~~~~~
./Processor/Instruction.hpp:1562:60: note: in definition of macro ‘X’
 1562 |         case NAME: { PRE; for (int i = 0; i < size; i++) { CODE; } } break;
      |                                                            ^~~~
./Processor/Instruction.hpp:1563:9: note: in expansion of macro ‘ARITHMETIC_INSTRUCTIONS’
 1563 |         ARITHMETIC_INSTRUCTIONS
      |         ^~~~~~~~~~~~~~~~~~~~~~~
./Processor/instructions.h:135:30: note: parameter passing for argument of type ‘FixedVec<gf2n_long, 2>’ when C++17 is enabled changed to match C++14 in GCC 10.1
  135 |             *dest++ = *op1++ + sgf2n::constant(int(n), Proc.P.my_num(), Proc2.MC.get_alphai())) \
      |                       ~~~~~~~^~~~~~~~~~~~~~~~~~~~~~~~~~~~~~~~~~~~~~~~~~~~~~~~~~~~~~~~~~~~~~~~~
./Processor/Instruction.hpp:1562:60: note: in definition of macro ‘X’
 1562 |         case NAME: { PRE; for (int i = 0; i < size; i++) { CODE; } } break;
      |                                                            ^~~~
./Processor/Instruction.hpp:1563:9: note: in expansion of macro ‘ARITHMETIC_INSTRUCTIONS’
 1563 |         ARITHMETIC_INSTRUCTIONS
      |         ^~~~~~~~~~~~~~~~~~~~~~~
./Processor/instructions.h:140:18: note: parameter passing for argument of type ‘Rep3Share<gf2n_long>’ when C++17 is enabled changed to match C++14 in GCC 10.1
  140 |             auto op2 = sgf2n::constant(int(n), Proc.P.my_num(), Proc2.MC.get_alphai()), \
      |                  ^~~
./Processor/Instruction.hpp:1562:22: note: in definition of macro ‘X’
 1562 |         case NAME: { PRE; for (int i = 0; i < size; i++) { CODE; } } break;
      |                      ^~~
./Processor/Instruction.hpp:1563:9: note: in expansion of macro ‘ARITHMETIC_INSTRUCTIONS’
 1563 |         ARITHMETIC_INSTRUCTIONS
      |         ^~~~~~~~~~~~~~~~~~~~~~~
./Processor/instructions.h:141:30: note: parameter passing for argument of type ‘FixedVec<gf2n_long, 2>’ when C++17 is enabled changed to match C++14 in GCC 10.1
  141 |             *dest++ = *op1++ - op2) \
      |                       ~~~~~~~^~~~~
./Processor/Instruction.hpp:1562:60: note: in definition of macro ‘X’
 1562 |         case NAME: { PRE; for (int i = 0; i < size; i++) { CODE; } } break;
      |                                                            ^~~~
./Processor/Instruction.hpp:1563:9: note: in expansion of macro ‘ARITHMETIC_INSTRUCTIONS’
 1563 |         ARITHMETIC_INSTRUCTIONS
      |         ^~~~~~~~~~~~~~~~~~~~~~~
./Processor/instructions.h:143:18: note: parameter passing for argument of type ‘Rep3Share<gf2n_long>’ when C++17 is enabled changed to match C++14 in GCC 10.1
  143 |             auto op2 = sgf2n::constant(int(n), Proc.P.my_num(), Proc2.MC.get_alphai()), \
      |                  ^~~
./Processor/Instruction.hpp:1562:22: note: in definition of macro ‘X’
 1562 |         case NAME: { PRE; for (int i = 0; i < size; i++) { CODE; } } break;
      |                      ^~~
./Processor/Instruction.hpp:1563:9: note: in expansion of macro ‘ARITHMETIC_INSTRUCTIONS’
 1563 |         ARITHMETIC_INSTRUCTIONS
      |         ^~~~~~~~~~~~~~~~~~~~~~~
./Processor/instructions.h:144:27: note: parameter passing for argument of type ‘FixedVec<gf2n_long, 2>’ when C++17 is enabled changed to match C++14 in GCC 10.1
  144 |             *dest++ = op2 - *op1++) \
      |                       ~~~~^~~~~~~~
./Processor/Instruction.hpp:1562:60: note: in definition of macro ‘X’
 1562 |         case NAME: { PRE; for (int i = 0; i < size; i++) { CODE; } } break;
      |                                                            ^~~~
./Processor/Instruction.hpp:1563:9: note: in expansion of macro ‘ARITHMETIC_INSTRUCTIONS’
 1563 |         ARITHMETIC_INSTRUCTIONS
      |         ^~~~~~~~~~~~~~~~~~~~~~~
./Processor/instructions.h:147:47: note: parameter passing for argument of type ‘Rep3Share<gf2n_long>’ when C++17 is enabled changed to match C++14 in GCC 10.1
  147 |             *dest++ = *op1++ - sgf2n::constant(*op2++, Proc.P.my_num(), Proc2.MC.get_alphai())) \
      |                                ~~~~~~~~~~~~~~~^~~~~~~~~~~~~~~~~~~~~~~~~~~~~~~~~~~~~~~~~~~~~~~~
./Processor/Instruction.hpp:1562:60: note: in definition of macro ‘X’
 1562 |         case NAME: { PRE; for (int i = 0; i < size; i++) { CODE; } } break;
      |                                                            ^~~~
./Processor/Instruction.hpp:1563:9: note: in expansion of macro ‘ARITHMETIC_INSTRUCTIONS’
 1563 |         ARITHMETIC_INSTRUCTIONS
      |         ^~~~~~~~~~~~~~~~~~~~~~~
./Processor/instructions.h:147:30: note: parameter passing for argument of type ‘FixedVec<gf2n_long, 2>’ when C++17 is enabled changed to match C++14 in GCC 10.1
  147 |             *dest++ = *op1++ - sgf2n::constant(*op2++, Proc.P.my_num(), Proc2.MC.get_alphai())) \
      |                       ~~~~~~~^~~~~~~~~~~~~~~~~~~~~~~~~~~~~~~~~~~~~~~~~~~~~~~~~~~~~~~~~~~~~~~~~
./Processor/Instruction.hpp:1562:60: note: in definition of macro ‘X’
 1562 |         case NAME: { PRE; for (int i = 0; i < size; i++) { CODE; } } break;
      |                                                            ^~~~
./Processor/Instruction.hpp:1563:9: note: in expansion of macro ‘ARITHMETIC_INSTRUCTIONS’
 1563 |         ARITHMETIC_INSTRUCTIONS
      |         ^~~~~~~~~~~~~~~~~~~~~~~
./Processor/instructions.h:150:38: note: parameter passing for argument of type ‘Rep3Share<gf2n_long>’ when C++17 is enabled changed to match C++14 in GCC 10.1
  150 |             *dest++ = sgf2n::constant(*op1++, Proc.P.my_num(), Proc2.MC.get_alphai()) - *op2++) \
      |                       ~~~~~~~~~~~~~~~^~~~~~~~~~~~~~~~~~~~~~~~~~~~~~~~~~~~~~~~~~~~~~~~
./Processor/Instruction.hpp:1562:60: note: in definition of macro ‘X’
 1562 |         case NAME: { PRE; for (int i = 0; i < size; i++) { CODE; } } break;
      |                                                            ^~~~
./Processor/Instruction.hpp:1563:9: note: in expansion of macro ‘ARITHMETIC_INSTRUCTIONS’
 1563 |         ARITHMETIC_INSTRUCTIONS
      |         ^~~~~~~~~~~~~~~~~~~~~~~
./Processor/instructions.h:150:87: note: parameter passing for argument of type ‘FixedVec<gf2n_long, 2>’ when C++17 is enabled changed to match C++14 in GCC 10.1
  150 |             *dest++ = sgf2n::constant(*op1++, Proc.P.my_num(), Proc2.MC.get_alphai()) - *op2++) \
      |                       ~~~~~~~~~~~~~~~~~~~~~~~~~~~~~~~~~~~~~~~~~~~~~~~~~~~~~~~~~~~~~~~~^~~~~~~~
./Processor/Instruction.hpp:1562:60: note: in definition of macro ‘X’
 1562 |         case NAME: { PRE; for (int i = 0; i < size; i++) { CODE; } } break;
      |                                                            ^~~~
./Processor/Instruction.hpp:1563:9: note: in expansion of macro ‘ARITHMETIC_INSTRUCTIONS’
 1563 |         ARITHMETIC_INSTRUCTIONS
      |         ^~~~~~~~~~~~~~~~~~~~~~~
./Processor/instructions.h:153:30: note: parameter passing for argument of type ‘RepShare<gf2n_long, 2>’ when C++17 is enabled changed to match C++14 in GCC 10.1
  153 |             *dest++ = *op1++ * *op2++) \
      |                       ~~~~~~~^~~~~~~~
./Processor/Instruction.hpp:1562:60: note: in definition of macro ‘X’
 1562 |         case NAME: { PRE; for (int i = 0; i < size; i++) { CODE; } } break;
      |                                                            ^~~~
./Processor/Instruction.hpp:1563:9: note: in expansion of macro ‘ARITHMETIC_INSTRUCTIONS’
 1563 |         ARITHMETIC_INSTRUCTIONS
      |         ^~~~~~~~~~~~~~~~~~~~~~~
In file included from ./Processor/Program.h:5,
                 from ./Processor/Memory.h:15,
                 from ./Protocols/Replicated.h:18,
                 from ./Protocols/Rep3Share.h:11:
./Processor/Data_Files.h: In instantiation of ‘T Preprocessing<T>::get_bit() [with T = Rep3Share<gf2n_long>]’:
./Processor/Data_Files.h:451:3:   required from here
./Processor/Data_Files.h:451:3: note: parameter passing for argument of type ‘Rep3Share<gf2n_long>’ when C++17 is enabled changed to match C++14 in GCC 10.1
  451 | T Preprocessing<T>::get_bit()
      |   ^~~~~~~~~~~~~~~~
In file included from ./Processor/OnlineMachine.hpp:15,
                 from ./Processor/FieldMachine.hpp:12,
                 from Machines/malicious-rep-field-party.cpp:7:
./Protocols/Replicated.hpp: In instantiation of ‘FixedVec<T, 2> ReplicatedBase::get_random() [with T = gf2n_long]’:
./Protocols/Replicated.hpp:374:61:   required from ‘T Replicated<T>::get_random() [with T = Rep3Share<gf2n_long>]’
./Protocols/Replicated.hpp:372:3:   required from here
./Protocols/Replicated.hpp:378:16: note: parameter passing for argument of type ‘FixedVec<gf2n_long, 2>’ when C++17 is enabled changed to match C++14 in GCC 10.1
  378 | FixedVec<T, 2> ReplicatedBase::get_random()
      |                ^~~~~~~~~~~~~~
In file included from ./GC/ShareThread.hpp:15,
                 from ./Protocols/ReplicatedPrep.hpp:21,
                 from ./Processor/OnlineMachine.hpp:16:
./Processor/Data_Files.hpp: In instantiation of ‘T Preprocessing<T>::get_random_from_inputs(int) [with T = MaliciousRep3Share<gf2n_long>]’:
./Processor/Data_Files.h:477:10:   required from ‘T Preprocessing<T>::get_random_no_count() [with T = MaliciousRep3Share<gf2n_long>]’
./Processor/Data_Files.h:474:3:   required from here
./Processor/Data_Files.hpp:47:3: note: parameter passing for argument of type ‘MaliciousRep3Share<gf2n_long>’ when C++17 is enabled changed to match C++14 in GCC 10.1
   47 | T Preprocessing<T>::get_random_from_inputs(int nplayers)
      |   ^~~~~~~~~~~~~~~~
./Processor/Data_Files.hpp: In instantiation of ‘T Preprocessing<T>::get_random_from_inputs(int) [with T = Rep3Share<gf2n_long>]’:
./Processor/Data_Files.h:477:10:   required from ‘T Preprocessing<T>::get_random_no_count() [with T = Rep3Share<gf2n_long>]’
./Processor/Data_Files.h:474:3:   required from here
./Processor/Data_Files.hpp:47:3: note: parameter passing for argument of type ‘Rep3Share<gf2n_long>’ when C++17 is enabled changed to match C++14 in GCC 10.1
./BMR/RealGarbleWire.hpp: In member function ‘void GarbleJob<T>::middle_round(RealProgramParty<T>&, Protocol&) [with T = Rep3Share<gf2n_long>]’:
./BMR/RealGarbleWire.hpp:60:70: note: parameter passing for argument of type ‘RepShare<gf2n_long, 2>’ when C++17 is enabled changed to match C++14 in GCC 10.1
   60 |                                                 lambda_uv + lambda_v * alpha + lambda_u * beta
      |                                                             ~~~~~~~~~^~~~~~~
./BMR/RealGarbleWire.hpp:59:79: note: parameter passing for argument of type ‘Rep3Share<gf2n_long>’ when C++17 is enabled changed to match C++14 in GCC 10.1
   59 |                                 second_protocol.prepare_mul(party.shared_delta(j),
      |                                                             ~~~~~~~~~~~~~~~~~~^~~
./BMR/RealGarbleWire.hpp:60:89: note: parameter passing for argument of type ‘RepShare<gf2n_long, 2>’ when C++17 is enabled changed to match C++14 in GCC 10.1
   60 |                                                 lambda_uv + lambda_v * alpha + lambda_u * beta
      |                                                                                ~~~~~~~~~^~~~~~
In file included from ./Protocols/edabit.h:9,
                 from ./Processor/Data_Files.h:13:
./Tools/FixedVector.h: In instantiation of ‘T FixedVector<T, L>::pop() [with T = MaliciousRep3Share<gf2n_long>; long unsigned int L = 64]’:
./Protocols/edabit.h:80:26:   required from ‘edabit<T> edabitvec<T>::next() [with T = MaliciousRep3Share<gf2n_long>; edabit<T> = std::pair<MaliciousRep3Share<gf2n_long>, FixedVector<GC::SmallMalRepSecret, 5> >]’
./Protocols/ReplicatedPrep.hpp:1314:23:   required from ‘void Sub_Data_Files<T>::get_edabit_no_count(bool, int, edabit<T>&) [with T = MaliciousRep3Share<gf2n_long>; edabit<T> = std::pair<MaliciousRep3Share<gf2n_long>, FixedVector<GC::SmallMalRepSecret, 5> >]’
./Protocols/ReplicatedPrep.hpp:1306:6:   required from here
./Tools/FixedVector.h:52:7: note: parameter passing for argument of type ‘MaliciousRep3Share<gf2n_long>’ when C++17 is enabled changed to match C++14 in GCC 10.1
   52 |     T pop()
      |       ^~~
./Math/FixedVec.h: In instantiation of ‘static FixedVec<T, L> FixedVec<T, L>::Mul(const FixedVec<U, L>&, const V&) [with U = gf2n_long; V = gf2n_long; T = gf2n_long; int L = 2]’:
./Protocols/MaliciousRepPrep.hpp:127:32:   required from ‘void sacrifice(const std::vector<std::array<T, 5> >&, Player&) [with T = MaliciousRep3Share<gf2n_long>; U = gf2n_long]’
./Protocols/MaliciousRepPrep.hpp:107:42:   required from ‘void MaliciousRepPrep<T>::buffer_triples() [with T = MaliciousRep3Share<gf2n_long>]’
./Protocols/MaliciousRepPrep.hpp:76:6:   required from here
./Math/FixedVec.h:58:21: note: parameter passing for argument of type ‘FixedVec<gf2n_long, 2>’ when C++17 is enabled changed to match C++14 in GCC 10.1
   58 |     static FixedVec Mul(const FixedVec<U, L>& a, const V& b)
      |                     ^~~
./Tools/FixedVector.h: In instantiation of ‘T FixedVector<T, L>::pop() [with T = Rep3Share<gf2n_long>; long unsigned int L = 64]’:
./Protocols/edabit.h:80:26:   required from ‘edabit<T> edabitvec<T>::next() [with T = Rep3Share<gf2n_long>; edabit<T> = std::pair<Rep3Share<gf2n_long>, FixedVector<GC::SmallRepSecret, 5> >]’
./Protocols/ReplicatedPrep.hpp:1302:23:   required from ‘void BufferPrep<T>::get_edabit_no_count(bool, int, edabit<T>&) [with T = Rep3Share<gf2n_long>; edabit<T> = std::pair<Rep3Share<gf2n_long>, FixedVector<GC::SmallRepSecret, 5> >]’
./Protocols/ReplicatedPrep.hpp:1295:6:   required from here
./Tools/FixedVector.h:52:7: note: parameter passing for argument of type ‘Rep3Share<gf2n_long>’ when C++17 is enabled changed to match C++14 in GCC 10.1
   52 |     T pop()
      |       ^~~
Machines/BMR/rep-bmr-party.cpp: In member function ‘virtual Rep3Share<gf2n_long> Replicated<Rep3Share<gf2n_long> >::_ZThn6040_N10ReplicatedI9Rep3ShareI9gf2n_longEE12finalize_mulEi(int)’:
Machines/BMR/rep-bmr-party.cpp:12:1: note: parameter passing for argument of type ‘Rep3Share<gf2n_long>’ when C++17 is enabled changed to match C++14 in GCC 10.1
   12 | }
      | ^
./Protocols/Replicated.hpp: In member function ‘T Replicated<T>::get_random() [with T = Rep3Share<gf2n_long>]’:
./Protocols/Replicated.hpp:374:61: note: parameter passing for argument of type ‘FixedVec<gf2n_long, 2>’ when C++17 is enabled changed to match C++14 in GCC 10.1
  374 |     return ReplicatedBase::get_random<typename T::open_type>();
      |            ~~~~~~~~~~~~~~~~~~~~~~~~~~~~~~~~~~~~~~~~~~~~~~~~~^~
./Protocols/Replicated.hpp: In member function ‘void ProtocolBase<T>::finalize_mult(T&, int) [with T = Rep3Share<gf2n_long>]’:
./Protocols/Replicated.hpp:167:5: note: parameter passing for argument of type ‘Rep3Share<gf2n_long>’ when C++17 is enabled changed to match C++14 in GCC 10.1
  167 |     res = finalize_mul(n);
      |     ^~~
./Protocols/Replicated.hpp: In member function ‘FixedVec<T, 2> ReplicatedBase::get_random() [with T = gf2n_long]’:
./Protocols/Replicated.hpp:378:16: note: parameter passing for argument of type ‘FixedVec<gf2n_long, 2>’ when C++17 is enabled changed to match C++14 in GCC 10.1
  378 | FixedVec<T, 2> ReplicatedBase::get_random()
      |                ^~~~~~~~~~~~~~
./Processor/Input.hpp: In member function ‘T InputBase<T>::finalize(int, int) [with T = Rep3Share<gf2n_long>]’:
./Processor/Input.hpp:216:3: note: parameter passing for argument of type ‘Rep3Share<gf2n_long>’ when C++17 is enabled changed to match C++14 in GCC 10.1
  216 | T InputBase<T>::finalize(int player, int n_bits)
      |   ^~~~~~~~~~~~
./Processor/Input.hpp: In member function ‘T InputBase<T>::finalize(int, int) [with T = MaliciousRep3Share<gf2n_long>]’:
./Processor/Input.hpp:216:3: note: parameter passing for argument of type ‘MaliciousRep3Share<gf2n_long>’ when C++17 is enabled changed to match C++14 in GCC 10.1
In file included from ./Machines/Rep.hpp:14:
./Protocols/Beaver.hpp: In member function ‘T Beaver<T>::finalize_mul(int) [with T = MaliciousRep3Share<gf2n_long>]’:
./Protocols/Beaver.hpp:94:23: note: parameter passing for argument of type ‘FixedVec<gf2n_long, 2>’ when C++17 is enabled changed to match C++14 in GCC 10.1
   94 |     tmp += (masked[0] * (*triple)[1]);
      |            ~~~~~~~~~~~^~~~~~~~~~~~~~~
./Protocols/Beaver.hpp:95:26: note: parameter passing for argument of type ‘RepShare<gf2n_long, 2>’ when C++17 is enabled changed to match C++14 in GCC 10.1
   95 |     tmp += ((*triple)[0] * masked[1]);
      |            ~~~~~~~~~~~~~~^~~~~~~~~~~~
./Protocols/Beaver.hpp:96:23: note: parameter passing for argument of type ‘Rep3Share<gf2n_long>’ when C++17 is enabled changed to match C++14 in GCC 10.1
   96 |     tmp += T::constant(masked[0] * masked[1], P.my_num(), MC->get_alphai());
      |            ~~~~~~~~~~~^~~~~~~~~~~~~~~~~~~~~~~~~~~~~~~~~~~~~~~~~~~~~~~~~~~~~
./Protocols/Beaver.hpp:98:12: note: parameter passing for argument of type ‘MaliciousRep3Share<gf2n_long>’ when C++17 is enabled changed to match C++14 in GCC 10.1
   98 |     return tmp;
      |            ^~~
./Math/FixedVec.h: In function ‘FixedVec<T, L> operator*(const U&, const FixedVec<T, L>&) [with U = gf2n_long; T = gf2n_long; int L = 2]’:
./Math/FixedVec.h:430:16: note: parameter passing for argument of type ‘FixedVec<gf2n_long, 2>’ when C++17 is enabled changed to match C++14 in GCC 10.1
  430 | FixedVec<T, L> operator*(const U& a, const FixedVec<T, L>& b)
      |                ^~~~~~~~
./Protocols/Rep3Share.h: In member function ‘RepShare<T, L> RepShare<T, L>::operator*(const U&) const [with U = gf2n_long; T = gf2n_long; int L = 2]’:
./Protocols/Rep3Share.h:58:14: note: parameter passing for argument of type ‘RepShare<gf2n_long, 2>’ when C++17 is enabled changed to match C++14 in GCC 10.1
   58 |     RepShare operator*(const U& other) const
      |              ^~~~~~~~
./Protocols/Rep3Share.h: In static member function ‘static Rep3Share<T> Rep3Share<T>::constant(T, int, typename super::mac_key_type) [with T = gf2n_long]’:
./Protocols/Rep3Share.h:160:22: note: parameter passing for argument of type ‘Rep3Share<gf2n_long>’ when C++17 is enabled changed to match C++14 in GCC 10.1
  160 |     static Rep3Share constant(T value, int my_num,
      |                      ^~~~~~~~
./Protocols/Beaver.hpp: In member function ‘void Beaver<T>::prepare_mul(const T&, const T&, int) [with T = MaliciousRep3Share<gf2n_long>]’:
./Protocols/Beaver.hpp:50:24: note: parameter passing for argument of type ‘FixedVec<gf2n_long, 2>’ when C++17 is enabled changed to match C++14 in GCC 10.1
   50 |     shares.push_back(x - triple[0]);
      |                      ~~^~~~~~~~~
In file included from ./Machines/MalRep.hpp:10,
                 from Machines/malicious-rep-field-party.cpp:9:
./Protocols/MaliciousRepPrep.hpp: In member function ‘void MaliciousRepPrep<T>::buffer_triples() [with T = MaliciousRep3Share<gf2n_long>]’:
./Protocols/MaliciousRepPrep.hpp:99:46: note: parameter passing for argument of type ‘Rep3Share<gf2n_long>’ when C++17 is enabled changed to match C++14 in GCC 10.1
   99 |             tuple[j] = honest_prot.get_random();
      |                        ~~~~~~~~~~~~~~~~~~~~~~^~
./Protocols/MaliciousRepPrep.hpp: In function ‘void sacrifice(const std::vector<std::array<T, 5> >&, Player&) [with T = MaliciousRep3Share<gf2n_long>; U = gf2n_long]’:
./Protocols/MaliciousRepPrep.hpp:127:39: note: parameter passing for argument of type ‘FixedVec<gf2n_long, 2>’ when C++17 is enabled changed to match C++14 in GCC 10.1
  127 |         masked.push_back(T::Mul(a, t) - a_prime);
      |                          ~~~~~~~~~~~~~^~~~~~~~~
./Protocols/MaliciousRepPrep.hpp: In member function ‘void MaliciousRepPrep<T>::buffer_squares() [with T = MaliciousRep3Share<gf2n_long>]’:
./Protocols/MaliciousRepPrep.hpp:174:28: note: parameter passing for argument of type ‘RepShare<gf2n_long, 2>’ when C++17 is enabled changed to match C++14 in GCC 10.1
  174 |         masked.push_back(a * t - f);
      |                          ~~^~~
./Protocols/MaliciousRepPrep.hpp:174:32: note: parameter passing for argument of type ‘FixedVec<gf2n_long, 2>’ when C++17 is enabled changed to match C++14 in GCC 10.1
  174 |         masked.push_back(a * t - f);
      |                          ~~~~~~^~~
./Protocols/ReplicatedPrep.hpp: In function ‘void generate_squares(std::vector<std::array<T, 2> >&, int, U*) [with T = Rep3Share<gf2n_long>; U = Replicated<Rep3Share<gf2n_long> >]’:
./Protocols/ReplicatedPrep.hpp:290:9: note: parameter passing for argument of type ‘Rep3Share<gf2n_long>’ when C++17 is enabled changed to match C++14 in GCC 10.1
  290 |         square[0] = protocol->get_random();
      |         ^~~~~~
./Protocols/ReplicatedPrep.hpp: In member function ‘void BitPrep<T>::buffer_squares() [with T = Rep3Share<gf2n_long>]’:
./Protocols/ReplicatedPrep.hpp:260:29: note: parameter passing for argument of type ‘FixedVec<gf2n_long, 2>’ when C++17 is enabled changed to match C++14 in GCC 10.1
  260 |         a_plus_b[i] = as[i] + b;
      |                       ~~~~~~^~~
./Protocols/ReplicatedPrep.hpp:265:48: note: parameter passing for argument of type ‘RepShare<gf2n_long, 2>’ when C++17 is enabled changed to match C++14 in GCC 10.1
  265 |         this->squares.push_back({{as[i], as[i] * opened[i] - cs[i]}});
      |                                          ~~~~~~^~~~~~~~~
./Protocols/ReplicatedPrep.hpp:265:60: note: parameter passing for argument of type ‘FixedVec<gf2n_long, 2>’ when C++17 is enabled changed to match C++14 in GCC 10.1
  265 |         this->squares.push_back({{as[i], as[i] * opened[i] - cs[i]}});
      |                                          ~~~~~~~~~~~~~~~~~~^~~~~
./Protocols/ReplicatedPrep.hpp: In function ‘void generate_triples_initialized(std::vector<std::array<T, 3> >&, int, U*, int) [with T = Rep3Share<gf2n_long>; U = Replicated<Rep3Share<gf2n_long> >]’:
./Protocols/ReplicatedPrep.hpp:216:9: note: parameter passing for argument of type ‘Rep3Share<gf2n_long>’ when C++17 is enabled changed to match C++14 in GCC 10.1
  216 |         triple[0] = protocol->get_random();
      |         ^~~~~~
./Protocols/ReplicatedPrep.hpp: In member function ‘void BufferPrep<T>::buffer_inverses(std::true_type) [with int <anonymous> = 0; T = Rep3Share<gf2n_long>]’:
./Protocols/ReplicatedPrep.hpp:327:63: note: parameter passing for argument of type ‘FixedVec<gf2n_long, 2>’ when C++17 is enabled changed to match C++14 in GCC 10.1
  327 |             inverses.push_back({{triples[i][0], triples[i][1] / c_open[i]}});
      |                                                 ~~~~~~~~~~~~~~^~~~~~~~~
./Protocols/ReplicatedPrep.hpp: In member function ‘void BitPrep<T>::buffer_squares() [with T = MaliciousRep3Share<gf2n_long>]’:
./Protocols/ReplicatedPrep.hpp:265:48: note: parameter passing for argument of type ‘RepShare<gf2n_long, 2>’ when C++17 is enabled changed to match C++14 in GCC 10.1
  265 |         this->squares.push_back({{as[i], as[i] * opened[i] - cs[i]}});
      |                                          ~~~~~~^~~~~~~~~
./Protocols/ReplicatedPrep.hpp:265:60: note: parameter passing for argument of type ‘FixedVec<gf2n_long, 2>’ when C++17 is enabled changed to match C++14 in GCC 10.1
  265 |         this->squares.push_back({{as[i], as[i] * opened[i] - cs[i]}});
      |                                          ~~~~~~~~~~~~~~~~~~^~~~~
./Protocols/ReplicatedPrep.hpp: In function ‘void buffer_bits_from_players(std::vector<std::vector<T> >&, PRNG&, SubProcessor<T>&, int, int, int) [with T = Rep3Share<gf2n_long>]’:
./Protocols/ReplicatedPrep.hpp:698:35: note: parameter passing for argument of type ‘Rep3Share<gf2n_long>’ when C++17 is enabled changed to match C++14 in GCC 10.1
  698 |                     input.finalize((base_player + i) % P.num_players(),
      |                     ~~~~~~~~~~~~~~^~~~~~~~~~~~~~~~~~~~~~~~~~~~~~~~~~~~~
  699 |                             n_bits));
      |                             ~~~~~~~
./Protocols/ReplicatedPrep.hpp: In function ‘void XOR(std::vector<T>&, std::vector<T>&, std::vector<T>&, typename T::Protocol&) [with T = Rep3Share<gf2n_long>]’:
./Protocols/ReplicatedPrep.hpp:381:27: note: parameter passing for argument of type ‘FixedVec<gf2n_long, 2>’ when C++17 is enabled changed to match C++14 in GCC 10.1
  381 |             res[i] = x[i] + y[i];
      |                      ~~~~~^~~~
./Protocols/ReplicatedPrep.hpp:391:52: note: parameter passing for argument of type ‘RepShare<gf2n_long, 2>’ when C++17 is enabled changed to match C++14 in GCC 10.1
  391 |         res[i] = x[i] + y[i] - prot.finalize_mul() * two;
      |                                ~~~~~~~~~~~~~~~~~~~~^~~~~
./Protocols/ReplicatedPrep.hpp:391:49: note: parameter passing for argument of type ‘Rep3Share<gf2n_long>’ when C++17 is enabled changed to match C++14 in GCC 10.1
  391 |         res[i] = x[i] + y[i] - prot.finalize_mul() * two;
      |                                ~~~~~~~~~~~~~~~~~^~
./Protocols/ReplicatedPrep.hpp:391:52: note: parameter passing for argument of type ‘RepShare<gf2n_long, 2>’ when C++17 is enabled changed to match C++14 in GCC 10.1
  391 |         res[i] = x[i] + y[i] - prot.finalize_mul() * two;
      |                                ~~~~~~~~~~~~~~~~~~~~^~~~~
./Protocols/ReplicatedPrep.hpp:391:30: note: parameter passing for argument of type ‘FixedVec<gf2n_long, 2>’ when C++17 is enabled changed to match C++14 in GCC 10.1
  391 |         res[i] = x[i] + y[i] - prot.finalize_mul() * two;
      |                  ~~~~~~~~~~~~^~~~~~~~~~~~~~~~~~~~~~~~~~~
In file included from ./Protocols/MaliciousRingPrep.hpp:12,
                 from ./Protocols/ReplicatedPrep.hpp:19:
./Protocols/Spdz2kPrep.hpp: In member function ‘void MaliciousRingPrep<T>::buffer_bits() [with T = MaliciousRep3Share<gf2n_long>]’:
./Protocols/Spdz2kPrep.hpp:65:10: note: parameter passing for argument of type ‘Rep3Share<gf2n_long>’ when C++17 is enabled changed to match C++14 in GCC 10.1
   65 |     auto one = T::constant(1, protocol.P.my_num(), this->proc->MC.get_alphai());
      |          ^~~
./Protocols/Spdz2kPrep.hpp:69:38: note: parameter passing for argument of type ‘FixedVec<gf2n_long, 2>’ when C++17 is enabled changed to match C++14 in GCC 10.1
   69 |         protocol.prepare_dotprod(one - bit, bit * G.get<typename T::open_type>());
      |                                  ~~~~^~~~~
./Protocols/Spdz2kPrep.hpp:69:49: note: parameter passing for argument of type ‘RepShare<gf2n_long, 2>’ when C++17 is enabled changed to match C++14 in GCC 10.1
   69 |         protocol.prepare_dotprod(one - bit, bit * G.get<typename T::open_type>());
      |                                             ~~~~^~~~~~~~~~~~~~~~~~~~~~~~~~~~~~~~
./Protocols/Spdz2kPrep.hpp:72:28: note: parameter passing for argument of type ‘MaliciousRep3Share<gf2n_long>’ when C++17 is enabled changed to match C++14 in GCC 10.1
   72 |     this->proc->MC.CheckFor(0, {protocol.finalize_dotprod(this->bits.size())},
      |     ~~~~~~~~~~~~~~~~~~~~~~~^~~~~~~~~~~~~~~~~~~~~~~~~~~~~~~~~~~~~~~~~~~~~~~~~~~
   73 |             protocol.P);
      |             ~~~~~~~~~~~     
./Protocols/ReplicatedPrep.hpp: In function ‘void XOR(std::vector<T>&, std::vector<T>&, std::vector<T>&, typename T::Protocol&) [with T = MaliciousRep3Share<gf2n_long>]’:
./Protocols/ReplicatedPrep.hpp:381:27: note: parameter passing for argument of type ‘FixedVec<gf2n_long, 2>’ when C++17 is enabled changed to match C++14 in GCC 10.1
  381 |             res[i] = x[i] + y[i];
      |                      ~~~~~^~~~
./Protocols/ReplicatedPrep.hpp:391:52: note: parameter passing for argument of type ‘RepShare<gf2n_long, 2>’ when C++17 is enabled changed to match C++14 in GCC 10.1
  391 |         res[i] = x[i] + y[i] - prot.finalize_mul() * two;
      |                                ~~~~~~~~~~~~~~~~~~~~^~~~~
./Protocols/ReplicatedPrep.hpp:391:49: note: parameter passing for argument of type ‘MaliciousRep3Share<gf2n_long>’ when C++17 is enabled changed to match C++14 in GCC 10.1
  391 |         res[i] = x[i] + y[i] - prot.finalize_mul() * two;
      |                                ~~~~~~~~~~~~~~~~~^~
./Protocols/ReplicatedPrep.hpp:391:52: note: parameter passing for argument of type ‘RepShare<gf2n_long, 2>’ when C++17 is enabled changed to match C++14 in GCC 10.1
  391 |         res[i] = x[i] + y[i] - prot.finalize_mul() * two;
      |                                ~~~~~~~~~~~~~~~~~~~~^~~~~
./Protocols/ReplicatedPrep.hpp:391:30: note: parameter passing for argument of type ‘FixedVec<gf2n_long, 2>’ when C++17 is enabled changed to match C++14 in GCC 10.1
  391 |         res[i] = x[i] + y[i] - prot.finalize_mul() * two;
      |                  ~~~~~~~~~~~~^~~~~~~~~~~~~~~~~~~~~~~~~~~
./Protocols/Replicated.hpp: In member function ‘T ProtocolBase<T>::finalize_dotprod(int) [with T = MaliciousRep3Share<gf2n_long>]’:
./Protocols/Replicated.hpp:171:3: note: parameter passing for argument of type ‘MaliciousRep3Share<gf2n_long>’ when C++17 is enabled changed to match C++14 in GCC 10.1
  171 | T ProtocolBase<T>::finalize_dotprod(int length)
      |   ^~~~~~~~~~~~~~~
./Math/FixedVec.h: In member function ‘FixedVec<T, L> FixedVec<T, L>::operator-(const FixedVec<T, L>&) const [with T = gf2n_long; int L = 2]’:
./Math/FixedVec.h:177:19: note: parameter passing for argument of type ‘FixedVec<gf2n_long, 2>’ when C++17 is enabled changed to match C++14 in GCC 10.1
  177 |     FixedVec<T, L>operator-(const FixedVec<T, L>& other) const
      |                   ^~~~~~~~
In file included from ./Machines/Rep.hpp:11:
./Processor/Instruction.hpp: In member function ‘void Program::execute_with_errors(Processor<sint, sgf2n>&) const [with sint = MaliciousRep3Share<gfp_<0, 1> >; sgf2n = MaliciousRep3Share<gf2n_long>]’:
./Processor/instructions.h:118:18: note: parameter passing for argument of type ‘Rep3Share<gf2n_long>’ when C++17 is enabled changed to match C++14 in GCC 10.1
  118 |             auto tmp = sgf2n::constant(int(n), Proc.P.my_num(), Proc2.MC.get_alphai()), \
      |                  ^~~
./Processor/Instruction.hpp:1562:22: note: in definition of macro ‘X’
 1562 |         case NAME: { PRE; for (int i = 0; i < size; i++) { CODE; } } break;
      |                      ^~~
./Processor/Instruction.hpp:1563:9: note: in expansion of macro ‘ARITHMETIC_INSTRUCTIONS’
 1563 |         ARITHMETIC_INSTRUCTIONS
      |         ^~~~~~~~~~~~~~~~~~~~~~~
./Processor/instructions.h:130:30: note: parameter passing for argument of type ‘FixedVec<gf2n_long, 2>’ when C++17 is enabled changed to match C++14 in GCC 10.1
  130 |             *dest++ = *op1++ + *op2++) \
      |                       ~~~~~~~^~~~~~~~
./Processor/Instruction.hpp:1562:60: note: in definition of macro ‘X’
 1562 |         case NAME: { PRE; for (int i = 0; i < size; i++) { CODE; } } break;
      |                                                            ^~~~
./Processor/Instruction.hpp:1563:9: note: in expansion of macro ‘ARITHMETIC_INSTRUCTIONS’
 1563 |         ARITHMETIC_INSTRUCTIONS
      |         ^~~~~~~~~~~~~~~~~~~~~~~
./Processor/instructions.h:133:47: note: parameter passing for argument of type ‘Rep3Share<gf2n_long>’ when C++17 is enabled changed to match C++14 in GCC 10.1
  133 |             *dest++ = *op1++ + sgf2n::constant(*op2++, Proc.P.my_num(), Proc2.MC.get_alphai())) \
      |                                ~~~~~~~~~~~~~~~^~~~~~~~~~~~~~~~~~~~~~~~~~~~~~~~~~~~~~~~~~~~~~~~
./Processor/Instruction.hpp:1562:60: note: in definition of macro ‘X’
 1562 |         case NAME: { PRE; for (int i = 0; i < size; i++) { CODE; } } break;
      |                                                            ^~~~
./Processor/Instruction.hpp:1563:9: note: in expansion of macro ‘ARITHMETIC_INSTRUCTIONS’
 1563 |         ARITHMETIC_INSTRUCTIONS
      |         ^~~~~~~~~~~~~~~~~~~~~~~
./Processor/instructions.h:133:30: note: parameter passing for argument of type ‘FixedVec<gf2n_long, 2>’ when C++17 is enabled changed to match C++14 in GCC 10.1
  133 |             *dest++ = *op1++ + sgf2n::constant(*op2++, Proc.P.my_num(), Proc2.MC.get_alphai())) \
      |                       ~~~~~~~^~~~~~~~~~~~~~~~~~~~~~~~~~~~~~~~~~~~~~~~~~~~~~~~~~~~~~~~~~~~~~~~~
./Processor/Instruction.hpp:1562:60: note: in definition of macro ‘X’
 1562 |         case NAME: { PRE; for (int i = 0; i < size; i++) { CODE; } } break;
      |                                                            ^~~~
./Processor/Instruction.hpp:1563:9: note: in expansion of macro ‘ARITHMETIC_INSTRUCTIONS’
 1563 |         ARITHMETIC_INSTRUCTIONS
      |         ^~~~~~~~~~~~~~~~~~~~~~~
./Processor/instructions.h:135:47: note: parameter passing for argument of type ‘Rep3Share<gf2n_long>’ when C++17 is enabled changed to match C++14 in GCC 10.1
  135 |             *dest++ = *op1++ + sgf2n::constant(int(n), Proc.P.my_num(), Proc2.MC.get_alphai())) \
      |                                ~~~~~~~~~~~~~~~^~~~~~~~~~~~~~~~~~~~~~~~~~~~~~~~~~~~~~~~~~~~~~~~
./Processor/Instruction.hpp:1562:60: note: in definition of macro ‘X’
 1562 |         case NAME: { PRE; for (int i = 0; i < size; i++) { CODE; } } break;
      |                                                            ^~~~
./Processor/Instruction.hpp:1563:9: note: in expansion of macro ‘ARITHMETIC_INSTRUCTIONS’
 1563 |         ARITHMETIC_INSTRUCTIONS
      |         ^~~~~~~~~~~~~~~~~~~~~~~
./Processor/instructions.h:135:30: note: parameter passing for argument of type ‘FixedVec<gf2n_long, 2>’ when C++17 is enabled changed to match C++14 in GCC 10.1
  135 |             *dest++ = *op1++ + sgf2n::constant(int(n), Proc.P.my_num(), Proc2.MC.get_alphai())) \
      |                       ~~~~~~~^~~~~~~~~~~~~~~~~~~~~~~~~~~~~~~~~~~~~~~~~~~~~~~~~~~~~~~~~~~~~~~~~
./Processor/Instruction.hpp:1562:60: note: in definition of macro ‘X’
 1562 |         case NAME: { PRE; for (int i = 0; i < size; i++) { CODE; } } break;
      |                                                            ^~~~
./Processor/Instruction.hpp:1563:9: note: in expansion of macro ‘ARITHMETIC_INSTRUCTIONS’
 1563 |         ARITHMETIC_INSTRUCTIONS
      |         ^~~~~~~~~~~~~~~~~~~~~~~
./Processor/instructions.h:140:18: note: parameter passing for argument of type ‘Rep3Share<gf2n_long>’ when C++17 is enabled changed to match C++14 in GCC 10.1
  140 |             auto op2 = sgf2n::constant(int(n), Proc.P.my_num(), Proc2.MC.get_alphai()), \
      |                  ^~~
./Processor/Instruction.hpp:1562:22: note: in definition of macro ‘X’
 1562 |         case NAME: { PRE; for (int i = 0; i < size; i++) { CODE; } } break;
      |                      ^~~
./Processor/Instruction.hpp:1563:9: note: in expansion of macro ‘ARITHMETIC_INSTRUCTIONS’
 1563 |         ARITHMETIC_INSTRUCTIONS
      |         ^~~~~~~~~~~~~~~~~~~~~~~
./Processor/instructions.h:141:30: note: parameter passing for argument of type ‘FixedVec<gf2n_long, 2>’ when C++17 is enabled changed to match C++14 in GCC 10.1
  141 |             *dest++ = *op1++ - op2) \
      |                       ~~~~~~~^~~~~
./Processor/Instruction.hpp:1562:60: note: in definition of macro ‘X’
 1562 |         case NAME: { PRE; for (int i = 0; i < size; i++) { CODE; } } break;
      |                                                            ^~~~
./Processor/Instruction.hpp:1563:9: note: in expansion of macro ‘ARITHMETIC_INSTRUCTIONS’
 1563 |         ARITHMETIC_INSTRUCTIONS
      |         ^~~~~~~~~~~~~~~~~~~~~~~
./Processor/instructions.h:143:18: note: parameter passing for argument of type ‘Rep3Share<gf2n_long>’ when C++17 is enabled changed to match C++14 in GCC 10.1
  143 |             auto op2 = sgf2n::constant(int(n), Proc.P.my_num(), Proc2.MC.get_alphai()), \
      |                  ^~~
./Processor/Instruction.hpp:1562:22: note: in definition of macro ‘X’
 1562 |         case NAME: { PRE; for (int i = 0; i < size; i++) { CODE; } } break;
      |                      ^~~
./Processor/Instruction.hpp:1563:9: note: in expansion of macro ‘ARITHMETIC_INSTRUCTIONS’
 1563 |         ARITHMETIC_INSTRUCTIONS
      |         ^~~~~~~~~~~~~~~~~~~~~~~
./Processor/instructions.h:144:27: note: parameter passing for argument of type ‘FixedVec<gf2n_long, 2>’ when C++17 is enabled changed to match C++14 in GCC 10.1
  144 |             *dest++ = op2 - *op1++) \
      |                       ~~~~^~~~~~~~
./Processor/Instruction.hpp:1562:60: note: in definition of macro ‘X’
 1562 |         case NAME: { PRE; for (int i = 0; i < size; i++) { CODE; } } break;
      |                                                            ^~~~
./Processor/Instruction.hpp:1563:9: note: in expansion of macro ‘ARITHMETIC_INSTRUCTIONS’
 1563 |         ARITHMETIC_INSTRUCTIONS
      |         ^~~~~~~~~~~~~~~~~~~~~~~
./Processor/instructions.h:147:47: note: parameter passing for argument of type ‘Rep3Share<gf2n_long>’ when C++17 is enabled changed to match C++14 in GCC 10.1
  147 |             *dest++ = *op1++ - sgf2n::constant(*op2++, Proc.P.my_num(), Proc2.MC.get_alphai())) \
      |                                ~~~~~~~~~~~~~~~^~~~~~~~~~~~~~~~~~~~~~~~~~~~~~~~~~~~~~~~~~~~~~~~
./Processor/Instruction.hpp:1562:60: note: in definition of macro ‘X’
 1562 |         case NAME: { PRE; for (int i = 0; i < size; i++) { CODE; } } break;
      |                                                            ^~~~
./Processor/Instruction.hpp:1563:9: note: in expansion of macro ‘ARITHMETIC_INSTRUCTIONS’
 1563 |         ARITHMETIC_INSTRUCTIONS
      |         ^~~~~~~~~~~~~~~~~~~~~~~
./Processor/instructions.h:147:30: note: parameter passing for argument of type ‘FixedVec<gf2n_long, 2>’ when C++17 is enabled changed to match C++14 in GCC 10.1
  147 |             *dest++ = *op1++ - sgf2n::constant(*op2++, Proc.P.my_num(), Proc2.MC.get_alphai())) \
      |                       ~~~~~~~^~~~~~~~~~~~~~~~~~~~~~~~~~~~~~~~~~~~~~~~~~~~~~~~~~~~~~~~~~~~~~~~~
./Processor/Instruction.hpp:1562:60: note: in definition of macro ‘X’
 1562 |         case NAME: { PRE; for (int i = 0; i < size; i++) { CODE; } } break;
      |                                                            ^~~~
./Processor/Instruction.hpp:1563:9: note: in expansion of macro ‘ARITHMETIC_INSTRUCTIONS’
 1563 |         ARITHMETIC_INSTRUCTIONS
      |         ^~~~~~~~~~~~~~~~~~~~~~~
./Processor/instructions.h:150:38: note: parameter passing for argument of type ‘Rep3Share<gf2n_long>’ when C++17 is enabled changed to match C++14 in GCC 10.1
  150 |             *dest++ = sgf2n::constant(*op1++, Proc.P.my_num(), Proc2.MC.get_alphai()) - *op2++) \
      |                       ~~~~~~~~~~~~~~~^~~~~~~~~~~~~~~~~~~~~~~~~~~~~~~~~~~~~~~~~~~~~~~~
./Processor/Instruction.hpp:1562:60: note: in definition of macro ‘X’
 1562 |         case NAME: { PRE; for (int i = 0; i < size; i++) { CODE; } } break;
      |                                                            ^~~~
./Processor/Instruction.hpp:1563:9: note: in expansion of macro ‘ARITHMETIC_INSTRUCTIONS’
 1563 |         ARITHMETIC_INSTRUCTIONS
      |         ^~~~~~~~~~~~~~~~~~~~~~~
./Processor/instructions.h:150:87: note: parameter passing for argument of type ‘FixedVec<gf2n_long, 2>’ when C++17 is enabled changed to match C++14 in GCC 10.1
  150 |             *dest++ = sgf2n::constant(*op1++, Proc.P.my_num(), Proc2.MC.get_alphai()) - *op2++) \
      |                       ~~~~~~~~~~~~~~~~~~~~~~~~~~~~~~~~~~~~~~~~~~~~~~~~~~~~~~~~~~~~~~~~^~~~~~~~
./Processor/Instruction.hpp:1562:60: note: in definition of macro ‘X’
 1562 |         case NAME: { PRE; for (int i = 0; i < size; i++) { CODE; } } break;
      |                                                            ^~~~
./Processor/Instruction.hpp:1563:9: note: in expansion of macro ‘ARITHMETIC_INSTRUCTIONS’
 1563 |         ARITHMETIC_INSTRUCTIONS
      |         ^~~~~~~~~~~~~~~~~~~~~~~
./Processor/instructions.h:153:30: note: parameter passing for argument of type ‘RepShare<gf2n_long, 2>’ when C++17 is enabled changed to match C++14 in GCC 10.1
  153 |             *dest++ = *op1++ * *op2++) \
      |                       ~~~~~~~^~~~~~~~
./Processor/Instruction.hpp:1562:60: note: in definition of macro ‘X’
 1562 |         case NAME: { PRE; for (int i = 0; i < size; i++) { CODE; } } break;
      |                                                            ^~~~
./Processor/Instruction.hpp:1563:9: note: in expansion of macro ‘ARITHMETIC_INSTRUCTIONS’
 1563 |         ARITHMETIC_INSTRUCTIONS
      |         ^~~~~~~~~~~~~~~~~~~~~~~
./Protocols/ReplicatedPrep.hpp: In member function ‘void BufferPrep<T>::buffer_inputs_as_usual(int, SubProcessor<T>*) [with T = MaliciousRep3Share<gf2n_long>]’:
./Protocols/ReplicatedPrep.hpp:1407:59: note: parameter passing for argument of type ‘MaliciousRep3Share<gf2n_long>’ when C++17 is enabled changed to match C++14 in GCC 10.1
 1407 |             this->inputs[player].push_back({input.finalize(player), r});
      |                                             ~~~~~~~~~~~~~~^~~~~~~~
./Protocols/Rep3Share.h: In static member function ‘static void RepShare<T, L>::shrsi(SubProcessor<U>&, const Instruction&, std::false_type) [with U = MaliciousRep3Share<gf2n_long>; T = gf2n_long; int L = 2]’:
./Protocols/Rep3Share.h:111:27: note: parameter passing for argument of type ‘FixedVec<gf2n_long, 2>’ when C++17 is enabled changed to match C++14 in GCC 10.1
  111 |             dest = source >> inst.get_n();
      |                    ~~~~~~~^~~~~~~~~~~~~~~
In file included from ./Processor/Online-Thread.hpp:13:
./Processor/Processor.hpp: In member function ‘void SubProcessor<T>::muls(const ArgVector&) [with T = MaliciousRep3Share<gf2n_long>]’:
./Processor/Processor.hpp:527:13: note: parameter passing for argument of type ‘MaliciousRep3Share<gf2n_long>’ when C++17 is enabled changed to match C++14 in GCC 10.1
  527 |             *z++ = protocol.finalize_mul();
      |             ^
In file included from ./Processor/Processor.hpp:14:
./Protocols/SecureShuffle.hpp: In member function ‘std::vector<std::vector<T> > SecureShuffle<T>::configure(int, std::vector<int>*, int) [with T = MaliciousRep3Share<gf2n_long>]’:
./Protocols/SecureShuffle.hpp:394:10: note: parameter passing for argument of type ‘Rep3Share<gf2n_long>’ when C++17 is enabled changed to match C++14 in GCC 10.1
  394 |     auto one = T::constant(1, P.my_num(), proc.MC.get_alphai());
      |          ^~~
./Protocols/SecureShuffle.hpp:402:55: note: parameter passing for argument of type ‘MaliciousRep3Share<gf2n_long>’ when C++17 is enabled changed to match C++14 in GCC 10.1
  402 |                 config.back().push_back(input.finalize(config_player));
      |                                         ~~~~~~~~~~~~~~^~~~~~~~~~~~~~~
./Protocols/SecureShuffle.hpp:405:33: note: parameter passing for argument of type ‘FixedVec<gf2n_long, 2>’ when C++17 is enabled changed to match C++14 in GCC 10.1
  405 |                             one - config.back().back());
      |                             ~~~~^~~~~~~~~~~~~~~~~~~~~~
In file included from ./FHE/Ring.h:10,
                 from ./FHE/FFT_Data.h:8,
                 from ./FHE/FFT.h:14,
                 from ./Processor/Online-Thread.hpp:11:
./Protocols/SecureShuffle.hpp:420:62: note: parameter passing for argument of type ‘MaliciousRep3Share<gf2n_long>’ when C++17 is enabled changed to match C++14 in GCC 10.1
  420 |                         proc.MC.open(checker.finalize_dotprod(waksman.n_bits()),
      |                                      ~~~~~~~~~~~~~~~~~~~~~~~~^~~~~~~~~~~~~~~~~~
./Protocols/SecureShuffle.hpp: In member function ‘int SecureShuffle<T>::prep_multiple(StackedVector<cgf2n>&, std::vector<ShuffleTuple<T> >&, std::vector<std::vector<T> >&, std::vector<bool>&) [with T = MaliciousRep3Share<gf2n_long>]’:
./Protocols/SecureShuffle.hpp:265:67: note: parameter passing for argument of type ‘Rep3Share<gf2n_long>’ when C++17 is enabled changed to match C++14 in GCC 10.1
  265 |                 tmp[(i + 1) * shuffle_unit_size - 1] = T::constant(1, proc.P.my_num(), proc.MC.get_alphai());
      |                                                        ~~~~~~~~~~~^~~~~~~~~~~~~~~~~~~~~~~~~~~~~~~~~~~~~~~~~~
./Protocols/SecureShuffle.hpp: In member function ‘std::vector<std::array<int, 5> > SecureShuffle<T>::waksman_round_init(std::vector<T>&, size_t, int, const std::vector<std::vector<T> >&, bool, bool) [with T = MaliciousRep3Share<gf2n_long>]’:
./Protocols/SecureShuffle.hpp:506:67: note: parameter passing for argument of type ‘FixedVec<gf2n_long, 2>’ when C++17 is enabled changed to match C++14 in GCC 10.1
  506 |                         toShuffle.at(in1 * shuffle_unit_size + l) - toShuffle.at(in2 * shuffle_unit_size + l));
      |                         ~~~~~~~~~~~~~~~~~~~~~~~~~~~~~~~~~~~~~~~~~~^~~~~~~~~~~~~~~~~~~~~~~~~~~~~~~~~~~~~~~~~~~
./Protocols/SecureShuffle.hpp: In member function ‘void SecureShuffle<T>::waksman_round_finish(std::vector<T>&, size_t, std::vector<std::array<int, 5> >) [with T = MaliciousRep3Share<gf2n_long>]’:
./Protocols/SecureShuffle.hpp:525:17: note: parameter passing for argument of type ‘MaliciousRep3Share<gf2n_long>’ when C++17 is enabled changed to match C++14 in GCC 10.1
  525 |                 diff = proc.protocol.finalize_mul();
      |                 ^~~~
./Protocols/SecureShuffle.hpp:527:45: note: parameter passing for argument of type ‘FixedVec<gf2n_long, 2>’ when C++17 is enabled changed to match C++14 in GCC 10.1
  526 |             tmp.at(idx[2] * unit_size + l) = toShuffle.at(
      |                                              ~~~~~~~~~~~~~
  527 |                     idx[0] * unit_size + l) - diff;
      |                     ~~~~~~~~~~~~~~~~~~~~~~~~^~~~~~
./Protocols/edabit.h: In member function ‘edabit<T> edabitvec<T>::next() [with T = MaliciousRep3Share<gf2n_long>]’:
./Protocols/edabit.h:80:9: note: parameter passing for argument of type ‘MaliciousRep3Share<gf2n_long>’ when C++17 is enabled changed to match C++14 in GCC 10.1
   80 |         res.first = a.pop();
      |         ^~~
./Protocols/edabit.h: In member function ‘edabit<T> edabitvec<T>::next() [with T = Rep3Share<gf2n_long>]’:
./Protocols/edabit.h:80:9: note: parameter passing for argument of type ‘Rep3Share<gf2n_long>’ when C++17 is enabled changed to match C++14 in GCC 10.1
In member function ‘FixedVec<T, L>& FixedVec<T, L>::operator>>=(int) [with T = gf2n_long; int L = 2]’,
    inlined from ‘void SemiHonestRingPrep<T>::buffer_bits(std::false_type, std::true_type) [with int <anonymous> = 0; T = Rep3Share<gf2n_long>]’ at ./Protocols/ReplicatedPrep.hpp:1189:23,
    inlined from ‘void SemiHonestRingPrep<T>::buffer_bits() [with T = Rep3Share<gf2n_long>]’ at ./Protocols/ReplicatedPrep.hpp:1205:16:
./Math/FixedVec.h:294:23: note: parameter passing for argument of type ‘FixedVec<gf2n_long, 2>’ when C++17 is enabled changed to match C++14 in GCC 10.1
  294 |         *this = *this >> i;
      |                 ~~~~~~^~~~
./Protocols/ReplicatedPrep.hpp: In member function ‘void SemiHonestRingPrep<T>::buffer_bits() [with T = Rep3Share<gf2n_long>]’:
./Protocols/ReplicatedPrep.hpp:1202:6: note: parameter passing for argument of type ‘Rep3Share<gf2n_long>’ when C++17 is enabled changed to match C++14 in GCC 10.1
 1202 | void SemiHonestRingPrep<T>::buffer_bits()
      |      ^~~~~~~~~~~~~~~~~~~~~
./Processor/Instruction.hpp: In member function ‘void Program::execute_with_errors(Processor<sint, sgf2n>&) const [with sint = MaliciousRep3Share<gfp_<0, 2> >; sgf2n = MaliciousRep3Share<gf2n_long>]’:
./Processor/instructions.h:130:30: note: parameter passing for argument of type ‘FixedVec<gf2n_long, 2>’ when C++17 is enabled changed to match C++14 in GCC 10.1
  130 |             *dest++ = *op1++ + *op2++) \
      |                       ~~~~~~~^~~~~~~~
./Processor/Instruction.hpp:1562:60: note: in definition of macro ‘X’
 1562 |         case NAME: { PRE; for (int i = 0; i < size; i++) { CODE; } } break;
      |                                                            ^~~~
./Processor/Instruction.hpp:1563:9: note: in expansion of macro ‘ARITHMETIC_INSTRUCTIONS’
 1563 |         ARITHMETIC_INSTRUCTIONS
      |         ^~~~~~~~~~~~~~~~~~~~~~~
./Processor/instructions.h:133:47: note: parameter passing for argument of type ‘Rep3Share<gf2n_long>’ when C++17 is enabled changed to match C++14 in GCC 10.1
  133 |             *dest++ = *op1++ + sgf2n::constant(*op2++, Proc.P.my_num(), Proc2.MC.get_alphai())) \
      |                                ~~~~~~~~~~~~~~~^~~~~~~~~~~~~~~~~~~~~~~~~~~~~~~~~~~~~~~~~~~~~~~~
./Processor/Instruction.hpp:1562:60: note: in definition of macro ‘X’
 1562 |         case NAME: { PRE; for (int i = 0; i < size; i++) { CODE; } } break;
      |                                                            ^~~~
./Processor/Instruction.hpp:1563:9: note: in expansion of macro ‘ARITHMETIC_INSTRUCTIONS’
 1563 |         ARITHMETIC_INSTRUCTIONS
      |         ^~~~~~~~~~~~~~~~~~~~~~~
./Processor/instructions.h:133:30: note: parameter passing for argument of type ‘FixedVec<gf2n_long, 2>’ when C++17 is enabled changed to match C++14 in GCC 10.1
  133 |             *dest++ = *op1++ + sgf2n::constant(*op2++, Proc.P.my_num(), Proc2.MC.get_alphai())) \
      |                       ~~~~~~~^~~~~~~~~~~~~~~~~~~~~~~~~~~~~~~~~~~~~~~~~~~~~~~~~~~~~~~~~~~~~~~~~
./Processor/Instruction.hpp:1562:60: note: in definition of macro ‘X’
 1562 |         case NAME: { PRE; for (int i = 0; i < size; i++) { CODE; } } break;
      |                                                            ^~~~
./Processor/Instruction.hpp:1563:9: note: in expansion of macro ‘ARITHMETIC_INSTRUCTIONS’
 1563 |         ARITHMETIC_INSTRUCTIONS
      |         ^~~~~~~~~~~~~~~~~~~~~~~
./Processor/instructions.h:135:47: note: parameter passing for argument of type ‘Rep3Share<gf2n_long>’ when C++17 is enabled changed to match C++14 in GCC 10.1
  135 |             *dest++ = *op1++ + sgf2n::constant(int(n), Proc.P.my_num(), Proc2.MC.get_alphai())) \
      |                                ~~~~~~~~~~~~~~~^~~~~~~~~~~~~~~~~~~~~~~~~~~~~~~~~~~~~~~~~~~~~~~~
./Processor/Instruction.hpp:1562:60: note: in definition of macro ‘X’
 1562 |         case NAME: { PRE; for (int i = 0; i < size; i++) { CODE; } } break;
      |                                                            ^~~~
./Processor/Instruction.hpp:1563:9: note: in expansion of macro ‘ARITHMETIC_INSTRUCTIONS’
 1563 |         ARITHMETIC_INSTRUCTIONS
      |         ^~~~~~~~~~~~~~~~~~~~~~~
./Processor/instructions.h:135:30: note: parameter passing for argument of type ‘FixedVec<gf2n_long, 2>’ when C++17 is enabled changed to match C++14 in GCC 10.1
  135 |             *dest++ = *op1++ + sgf2n::constant(int(n), Proc.P.my_num(), Proc2.MC.get_alphai())) \
      |                       ~~~~~~~^~~~~~~~~~~~~~~~~~~~~~~~~~~~~~~~~~~~~~~~~~~~~~~~~~~~~~~~~~~~~~~~~
./Processor/Instruction.hpp:1562:60: note: in definition of macro ‘X’
 1562 |         case NAME: { PRE; for (int i = 0; i < size; i++) { CODE; } } break;
      |                                                            ^~~~
./Processor/Instruction.hpp:1563:9: note: in expansion of macro ‘ARITHMETIC_INSTRUCTIONS’
 1563 |         ARITHMETIC_INSTRUCTIONS
      |         ^~~~~~~~~~~~~~~~~~~~~~~
./Processor/instructions.h:140:18: note: parameter passing for argument of type ‘Rep3Share<gf2n_long>’ when C++17 is enabled changed to match C++14 in GCC 10.1
  140 |             auto op2 = sgf2n::constant(int(n), Proc.P.my_num(), Proc2.MC.get_alphai()), \
      |                  ^~~
./Processor/Instruction.hpp:1562:22: note: in definition of macro ‘X’
 1562 |         case NAME: { PRE; for (int i = 0; i < size; i++) { CODE; } } break;
      |                      ^~~
./Processor/Instruction.hpp:1563:9: note: in expansion of macro ‘ARITHMETIC_INSTRUCTIONS’
 1563 |         ARITHMETIC_INSTRUCTIONS
      |         ^~~~~~~~~~~~~~~~~~~~~~~
./Processor/instructions.h:141:30: note: parameter passing for argument of type ‘FixedVec<gf2n_long, 2>’ when C++17 is enabled changed to match C++14 in GCC 10.1
  141 |             *dest++ = *op1++ - op2) \
      |                       ~~~~~~~^~~~~
./Processor/Instruction.hpp:1562:60: note: in definition of macro ‘X’
 1562 |         case NAME: { PRE; for (int i = 0; i < size; i++) { CODE; } } break;
      |                                                            ^~~~
./Processor/Instruction.hpp:1563:9: note: in expansion of macro ‘ARITHMETIC_INSTRUCTIONS’
 1563 |         ARITHMETIC_INSTRUCTIONS
      |         ^~~~~~~~~~~~~~~~~~~~~~~
./Processor/instructions.h:143:18: note: parameter passing for argument of type ‘Rep3Share<gf2n_long>’ when C++17 is enabled changed to match C++14 in GCC 10.1
  143 |             auto op2 = sgf2n::constant(int(n), Proc.P.my_num(), Proc2.MC.get_alphai()), \
      |                  ^~~
./Processor/Instruction.hpp:1562:22: note: in definition of macro ‘X’
 1562 |         case NAME: { PRE; for (int i = 0; i < size; i++) { CODE; } } break;
      |                      ^~~
./Processor/Instruction.hpp:1563:9: note: in expansion of macro ‘ARITHMETIC_INSTRUCTIONS’
 1563 |         ARITHMETIC_INSTRUCTIONS
      |         ^~~~~~~~~~~~~~~~~~~~~~~
./Processor/instructions.h:144:27: note: parameter passing for argument of type ‘FixedVec<gf2n_long, 2>’ when C++17 is enabled changed to match C++14 in GCC 10.1
  144 |             *dest++ = op2 - *op1++) \
      |                       ~~~~^~~~~~~~
./Processor/Instruction.hpp:1562:60: note: in definition of macro ‘X’
 1562 |         case NAME: { PRE; for (int i = 0; i < size; i++) { CODE; } } break;
      |                                                            ^~~~
./Processor/Instruction.hpp:1563:9: note: in expansion of macro ‘ARITHMETIC_INSTRUCTIONS’
 1563 |         ARITHMETIC_INSTRUCTIONS
      |         ^~~~~~~~~~~~~~~~~~~~~~~
./Processor/instructions.h:147:47: note: parameter passing for argument of type ‘Rep3Share<gf2n_long>’ when C++17 is enabled changed to match C++14 in GCC 10.1
  147 |             *dest++ = *op1++ - sgf2n::constant(*op2++, Proc.P.my_num(), Proc2.MC.get_alphai())) \
      |                                ~~~~~~~~~~~~~~~^~~~~~~~~~~~~~~~~~~~~~~~~~~~~~~~~~~~~~~~~~~~~~~~
./Processor/Instruction.hpp:1562:60: note: in definition of macro ‘X’
 1562 |         case NAME: { PRE; for (int i = 0; i < size; i++) { CODE; } } break;
      |                                                            ^~~~
./Processor/Instruction.hpp:1563:9: note: in expansion of macro ‘ARITHMETIC_INSTRUCTIONS’
 1563 |         ARITHMETIC_INSTRUCTIONS
      |         ^~~~~~~~~~~~~~~~~~~~~~~
./Processor/instructions.h:147:30: note: parameter passing for argument of type ‘FixedVec<gf2n_long, 2>’ when C++17 is enabled changed to match C++14 in GCC 10.1
  147 |             *dest++ = *op1++ - sgf2n::constant(*op2++, Proc.P.my_num(), Proc2.MC.get_alphai())) \
      |                       ~~~~~~~^~~~~~~~~~~~~~~~~~~~~~~~~~~~~~~~~~~~~~~~~~~~~~~~~~~~~~~~~~~~~~~~~
./Processor/Instruction.hpp:1562:60: note: in definition of macro ‘X’
 1562 |         case NAME: { PRE; for (int i = 0; i < size; i++) { CODE; } } break;
      |                                                            ^~~~
./Processor/Instruction.hpp:1563:9: note: in expansion of macro ‘ARITHMETIC_INSTRUCTIONS’
 1563 |         ARITHMETIC_INSTRUCTIONS
      |         ^~~~~~~~~~~~~~~~~~~~~~~
./Processor/instructions.h:150:38: note: parameter passing for argument of type ‘Rep3Share<gf2n_long>’ when C++17 is enabled changed to match C++14 in GCC 10.1
  150 |             *dest++ = sgf2n::constant(*op1++, Proc.P.my_num(), Proc2.MC.get_alphai()) - *op2++) \
      |                       ~~~~~~~~~~~~~~~^~~~~~~~~~~~~~~~~~~~~~~~~~~~~~~~~~~~~~~~~~~~~~~~
./Processor/Instruction.hpp:1562:60: note: in definition of macro ‘X’
 1562 |         case NAME: { PRE; for (int i = 0; i < size; i++) { CODE; } } break;
      |                                                            ^~~~
./Processor/Instruction.hpp:1563:9: note: in expansion of macro ‘ARITHMETIC_INSTRUCTIONS’
 1563 |         ARITHMETIC_INSTRUCTIONS
      |         ^~~~~~~~~~~~~~~~~~~~~~~
./Processor/instructions.h:150:87: note: parameter passing for argument of type ‘FixedVec<gf2n_long, 2>’ when C++17 is enabled changed to match C++14 in GCC 10.1
  150 |             *dest++ = sgf2n::constant(*op1++, Proc.P.my_num(), Proc2.MC.get_alphai()) - *op2++) \
      |                       ~~~~~~~~~~~~~~~~~~~~~~~~~~~~~~~~~~~~~~~~~~~~~~~~~~~~~~~~~~~~~~~~^~~~~~~~
./Processor/Instruction.hpp:1562:60: note: in definition of macro ‘X’
 1562 |         case NAME: { PRE; for (int i = 0; i < size; i++) { CODE; } } break;
      |                                                            ^~~~
./Processor/Instruction.hpp:1563:9: note: in expansion of macro ‘ARITHMETIC_INSTRUCTIONS’
 1563 |         ARITHMETIC_INSTRUCTIONS
      |         ^~~~~~~~~~~~~~~~~~~~~~~
./Processor/instructions.h:153:30: note: parameter passing for argument of type ‘RepShare<gf2n_long, 2>’ when C++17 is enabled changed to match C++14 in GCC 10.1
  153 |             *dest++ = *op1++ * *op2++) \
      |                       ~~~~~~~^~~~~~~~
./Processor/Instruction.hpp:1562:60: note: in definition of macro ‘X’
 1562 |         case NAME: { PRE; for (int i = 0; i < size; i++) { CODE; } } break;
      |                                                            ^~~~
./Processor/Instruction.hpp:1563:9: note: in expansion of macro ‘ARITHMETIC_INSTRUCTIONS’
 1563 |         ARITHMETIC_INSTRUCTIONS
      |         ^~~~~~~~~~~~~~~~~~~~~~~
./Processor/Instruction.hpp: In member function ‘void Program::execute_with_errors(Processor<sint, sgf2n>&) const [with sint = MaliciousRep3Share<gfp_<0, 3> >; sgf2n = MaliciousRep3Share<gf2n_long>]’:
./Processor/instructions.h:118:18: note: parameter passing for argument of type ‘Rep3Share<gf2n_long>’ when C++17 is enabled changed to match C++14 in GCC 10.1
  118 |             auto tmp = sgf2n::constant(int(n), Proc.P.my_num(), Proc2.MC.get_alphai()), \
      |                  ^~~
./Processor/Instruction.hpp:1562:22: note: in definition of macro ‘X’
 1562 |         case NAME: { PRE; for (int i = 0; i < size; i++) { CODE; } } break;
      |                      ^~~
./Processor/Instruction.hpp:1563:9: note: in expansion of macro ‘ARITHMETIC_INSTRUCTIONS’
 1563 |         ARITHMETIC_INSTRUCTIONS
      |         ^~~~~~~~~~~~~~~~~~~~~~~
./Processor/instructions.h:130:30: note: parameter passing for argument of type ‘FixedVec<gf2n_long, 2>’ when C++17 is enabled changed to match C++14 in GCC 10.1
  130 |             *dest++ = *op1++ + *op2++) \
      |                       ~~~~~~~^~~~~~~~
./Processor/Instruction.hpp:1562:60: note: in definition of macro ‘X’
 1562 |         case NAME: { PRE; for (int i = 0; i < size; i++) { CODE; } } break;
      |                                                            ^~~~
./Processor/Instruction.hpp:1563:9: note: in expansion of macro ‘ARITHMETIC_INSTRUCTIONS’
 1563 |         ARITHMETIC_INSTRUCTIONS
      |         ^~~~~~~~~~~~~~~~~~~~~~~
./Processor/instructions.h:133:47: note: parameter passing for argument of type ‘Rep3Share<gf2n_long>’ when C++17 is enabled changed to match C++14 in GCC 10.1
  133 |             *dest++ = *op1++ + sgf2n::constant(*op2++, Proc.P.my_num(), Proc2.MC.get_alphai())) \
      |                                ~~~~~~~~~~~~~~~^~~~~~~~~~~~~~~~~~~~~~~~~~~~~~~~~~~~~~~~~~~~~~~~
./Processor/Instruction.hpp:1562:60: note: in definition of macro ‘X’
 1562 |         case NAME: { PRE; for (int i = 0; i < size; i++) { CODE; } } break;
      |                                                            ^~~~
./Processor/Instruction.hpp:1563:9: note: in expansion of macro ‘ARITHMETIC_INSTRUCTIONS’
 1563 |         ARITHMETIC_INSTRUCTIONS
      |         ^~~~~~~~~~~~~~~~~~~~~~~
./Processor/instructions.h:133:30: note: parameter passing for argument of type ‘FixedVec<gf2n_long, 2>’ when C++17 is enabled changed to match C++14 in GCC 10.1
  133 |             *dest++ = *op1++ + sgf2n::constant(*op2++, Proc.P.my_num(), Proc2.MC.get_alphai())) \
      |                       ~~~~~~~^~~~~~~~~~~~~~~~~~~~~~~~~~~~~~~~~~~~~~~~~~~~~~~~~~~~~~~~~~~~~~~~~
./Processor/Instruction.hpp:1562:60: note: in definition of macro ‘X’
 1562 |         case NAME: { PRE; for (int i = 0; i < size; i++) { CODE; } } break;
      |                                                            ^~~~
./Processor/Instruction.hpp:1563:9: note: in expansion of macro ‘ARITHMETIC_INSTRUCTIONS’
 1563 |         ARITHMETIC_INSTRUCTIONS
      |         ^~~~~~~~~~~~~~~~~~~~~~~
./Processor/instructions.h:135:47: note: parameter passing for argument of type ‘Rep3Share<gf2n_long>’ when C++17 is enabled changed to match C++14 in GCC 10.1
  135 |             *dest++ = *op1++ + sgf2n::constant(int(n), Proc.P.my_num(), Proc2.MC.get_alphai())) \
      |                                ~~~~~~~~~~~~~~~^~~~~~~~~~~~~~~~~~~~~~~~~~~~~~~~~~~~~~~~~~~~~~~~
./Processor/Instruction.hpp:1562:60: note: in definition of macro ‘X’
 1562 |         case NAME: { PRE; for (int i = 0; i < size; i++) { CODE; } } break;
      |                                                            ^~~~
./Processor/Instruction.hpp:1563:9: note: in expansion of macro ‘ARITHMETIC_INSTRUCTIONS’
 1563 |         ARITHMETIC_INSTRUCTIONS
      |         ^~~~~~~~~~~~~~~~~~~~~~~
./Processor/instructions.h:135:30: note: parameter passing for argument of type ‘FixedVec<gf2n_long, 2>’ when C++17 is enabled changed to match C++14 in GCC 10.1
  135 |             *dest++ = *op1++ + sgf2n::constant(int(n), Proc.P.my_num(), Proc2.MC.get_alphai())) \
      |                       ~~~~~~~^~~~~~~~~~~~~~~~~~~~~~~~~~~~~~~~~~~~~~~~~~~~~~~~~~~~~~~~~~~~~~~~~
./Processor/Instruction.hpp:1562:60: note: in definition of macro ‘X’
 1562 |         case NAME: { PRE; for (int i = 0; i < size; i++) { CODE; } } break;
      |                                                            ^~~~
./Processor/Instruction.hpp:1563:9: note: in expansion of macro ‘ARITHMETIC_INSTRUCTIONS’
 1563 |         ARITHMETIC_INSTRUCTIONS
      |         ^~~~~~~~~~~~~~~~~~~~~~~
./Processor/instructions.h:140:18: note: parameter passing for argument of type ‘Rep3Share<gf2n_long>’ when C++17 is enabled changed to match C++14 in GCC 10.1
  140 |             auto op2 = sgf2n::constant(int(n), Proc.P.my_num(), Proc2.MC.get_alphai()), \
      |                  ^~~
./Processor/Instruction.hpp:1562:22: note: in definition of macro ‘X’
 1562 |         case NAME: { PRE; for (int i = 0; i < size; i++) { CODE; } } break;
      |                      ^~~
./Processor/Instruction.hpp:1563:9: note: in expansion of macro ‘ARITHMETIC_INSTRUCTIONS’
 1563 |         ARITHMETIC_INSTRUCTIONS
      |         ^~~~~~~~~~~~~~~~~~~~~~~
./Processor/instructions.h:141:30: note: parameter passing for argument of type ‘FixedVec<gf2n_long, 2>’ when C++17 is enabled changed to match C++14 in GCC 10.1
  141 |             *dest++ = *op1++ - op2) \
      |                       ~~~~~~~^~~~~
./Processor/Instruction.hpp:1562:60: note: in definition of macro ‘X’
 1562 |         case NAME: { PRE; for (int i = 0; i < size; i++) { CODE; } } break;
      |                                                            ^~~~
./Processor/Instruction.hpp:1563:9: note: in expansion of macro ‘ARITHMETIC_INSTRUCTIONS’
 1563 |         ARITHMETIC_INSTRUCTIONS
      |         ^~~~~~~~~~~~~~~~~~~~~~~
./Processor/instructions.h:143:18: note: parameter passing for argument of type ‘Rep3Share<gf2n_long>’ when C++17 is enabled changed to match C++14 in GCC 10.1
  143 |             auto op2 = sgf2n::constant(int(n), Proc.P.my_num(), Proc2.MC.get_alphai()), \
      |                  ^~~
./Processor/Instruction.hpp:1562:22: note: in definition of macro ‘X’
 1562 |         case NAME: { PRE; for (int i = 0; i < size; i++) { CODE; } } break;
      |                      ^~~
./Processor/Instruction.hpp:1563:9: note: in expansion of macro ‘ARITHMETIC_INSTRUCTIONS’
 1563 |         ARITHMETIC_INSTRUCTIONS
      |         ^~~~~~~~~~~~~~~~~~~~~~~
./Processor/instructions.h:144:27: note: parameter passing for argument of type ‘FixedVec<gf2n_long, 2>’ when C++17 is enabled changed to match C++14 in GCC 10.1
  144 |             *dest++ = op2 - *op1++) \
      |                       ~~~~^~~~~~~~
./Processor/Instruction.hpp:1562:60: note: in definition of macro ‘X’
 1562 |         case NAME: { PRE; for (int i = 0; i < size; i++) { CODE; } } break;
      |                                                            ^~~~
./Processor/Instruction.hpp:1563:9: note: in expansion of macro ‘ARITHMETIC_INSTRUCTIONS’
 1563 |         ARITHMETIC_INSTRUCTIONS
      |         ^~~~~~~~~~~~~~~~~~~~~~~
./Processor/instructions.h:147:47: note: parameter passing for argument of type ‘Rep3Share<gf2n_long>’ when C++17 is enabled changed to match C++14 in GCC 10.1
  147 |             *dest++ = *op1++ - sgf2n::constant(*op2++, Proc.P.my_num(), Proc2.MC.get_alphai())) \
      |                                ~~~~~~~~~~~~~~~^~~~~~~~~~~~~~~~~~~~~~~~~~~~~~~~~~~~~~~~~~~~~~~~
./Processor/Instruction.hpp:1562:60: note: in definition of macro ‘X’
 1562 |         case NAME: { PRE; for (int i = 0; i < size; i++) { CODE; } } break;
      |                                                            ^~~~
./Processor/Instruction.hpp:1563:9: note: in expansion of macro ‘ARITHMETIC_INSTRUCTIONS’
 1563 |         ARITHMETIC_INSTRUCTIONS
      |         ^~~~~~~~~~~~~~~~~~~~~~~
./Processor/instructions.h:147:30: note: parameter passing for argument of type ‘FixedVec<gf2n_long, 2>’ when C++17 is enabled changed to match C++14 in GCC 10.1
  147 |             *dest++ = *op1++ - sgf2n::constant(*op2++, Proc.P.my_num(), Proc2.MC.get_alphai())) \
      |                       ~~~~~~~^~~~~~~~~~~~~~~~~~~~~~~~~~~~~~~~~~~~~~~~~~~~~~~~~~~~~~~~~~~~~~~~~
./Processor/Instruction.hpp:1562:60: note: in definition of macro ‘X’
 1562 |         case NAME: { PRE; for (int i = 0; i < size; i++) { CODE; } } break;
      |                                                            ^~~~
./Processor/Instruction.hpp:1563:9: note: in expansion of macro ‘ARITHMETIC_INSTRUCTIONS’
 1563 |         ARITHMETIC_INSTRUCTIONS
      |         ^~~~~~~~~~~~~~~~~~~~~~~
./Processor/instructions.h:150:38: note: parameter passing for argument of type ‘Rep3Share<gf2n_long>’ when C++17 is enabled changed to match C++14 in GCC 10.1
  150 |             *dest++ = sgf2n::constant(*op1++, Proc.P.my_num(), Proc2.MC.get_alphai()) - *op2++) \
      |                       ~~~~~~~~~~~~~~~^~~~~~~~~~~~~~~~~~~~~~~~~~~~~~~~~~~~~~~~~~~~~~~~
./Processor/Instruction.hpp:1562:60: note: in definition of macro ‘X’
 1562 |         case NAME: { PRE; for (int i = 0; i < size; i++) { CODE; } } break;
      |                                                            ^~~~
./Processor/Instruction.hpp:1563:9: note: in expansion of macro ‘ARITHMETIC_INSTRUCTIONS’
 1563 |         ARITHMETIC_INSTRUCTIONS
      |         ^~~~~~~~~~~~~~~~~~~~~~~
./Processor/instructions.h:150:87: note: parameter passing for argument of type ‘FixedVec<gf2n_long, 2>’ when C++17 is enabled changed to match C++14 in GCC 10.1
  150 |             *dest++ = sgf2n::constant(*op1++, Proc.P.my_num(), Proc2.MC.get_alphai()) - *op2++) \
      |                       ~~~~~~~~~~~~~~~~~~~~~~~~~~~~~~~~~~~~~~~~~~~~~~~~~~~~~~~~~~~~~~~~^~~~~~~~
./Processor/Instruction.hpp:1562:60: note: in definition of macro ‘X’
 1562 |         case NAME: { PRE; for (int i = 0; i < size; i++) { CODE; } } break;
      |                                                            ^~~~
./Processor/Instruction.hpp:1563:9: note: in expansion of macro ‘ARITHMETIC_INSTRUCTIONS’
 1563 |         ARITHMETIC_INSTRUCTIONS
      |         ^~~~~~~~~~~~~~~~~~~~~~~
./Processor/instructions.h:153:30: note: parameter passing for argument of type ‘RepShare<gf2n_long, 2>’ when C++17 is enabled changed to match C++14 in GCC 10.1
  153 |             *dest++ = *op1++ * *op2++) \
      |                       ~~~~~~~^~~~~~~~
./Processor/Instruction.hpp:1562:60: note: in definition of macro ‘X’
 1562 |         case NAME: { PRE; for (int i = 0; i < size; i++) { CODE; } } break;
      |                                                            ^~~~
./Processor/Instruction.hpp:1563:9: note: in expansion of macro ‘ARITHMETIC_INSTRUCTIONS’
 1563 |         ARITHMETIC_INSTRUCTIONS
      |         ^~~~~~~~~~~~~~~~~~~~~~~
./Processor/Instruction.hpp: In member function ‘void Program::execute_with_errors(Processor<sint, sgf2n>&) const [with sint = MaliciousRep3Share<gfp_<0, 4> >; sgf2n = MaliciousRep3Share<gf2n_long>]’:
./Processor/instructions.h:118:18: note: parameter passing for argument of type ‘Rep3Share<gf2n_long>’ when C++17 is enabled changed to match C++14 in GCC 10.1
  118 |             auto tmp = sgf2n::constant(int(n), Proc.P.my_num(), Proc2.MC.get_alphai()), \
      |                  ^~~
./Processor/Instruction.hpp:1562:22: note: in definition of macro ‘X’
 1562 |         case NAME: { PRE; for (int i = 0; i < size; i++) { CODE; } } break;
      |                      ^~~
./Processor/Instruction.hpp:1563:9: note: in expansion of macro ‘ARITHMETIC_INSTRUCTIONS’
 1563 |         ARITHMETIC_INSTRUCTIONS
      |         ^~~~~~~~~~~~~~~~~~~~~~~
./Processor/instructions.h:130:30: note: parameter passing for argument of type ‘FixedVec<gf2n_long, 2>’ when C++17 is enabled changed to match C++14 in GCC 10.1
  130 |             *dest++ = *op1++ + *op2++) \
      |                       ~~~~~~~^~~~~~~~
./Processor/Instruction.hpp:1562:60: note: in definition of macro ‘X’
 1562 |         case NAME: { PRE; for (int i = 0; i < size; i++) { CODE; } } break;
      |                                                            ^~~~
./Processor/Instruction.hpp:1563:9: note: in expansion of macro ‘ARITHMETIC_INSTRUCTIONS’
 1563 |         ARITHMETIC_INSTRUCTIONS
      |         ^~~~~~~~~~~~~~~~~~~~~~~
./Processor/instructions.h:133:47: note: parameter passing for argument of type ‘Rep3Share<gf2n_long>’ when C++17 is enabled changed to match C++14 in GCC 10.1
  133 |             *dest++ = *op1++ + sgf2n::constant(*op2++, Proc.P.my_num(), Proc2.MC.get_alphai())) \
      |                                ~~~~~~~~~~~~~~~^~~~~~~~~~~~~~~~~~~~~~~~~~~~~~~~~~~~~~~~~~~~~~~~
./Processor/Instruction.hpp:1562:60: note: in definition of macro ‘X’
 1562 |         case NAME: { PRE; for (int i = 0; i < size; i++) { CODE; } } break;
      |                                                            ^~~~
./Processor/Instruction.hpp:1563:9: note: in expansion of macro ‘ARITHMETIC_INSTRUCTIONS’
 1563 |         ARITHMETIC_INSTRUCTIONS
      |         ^~~~~~~~~~~~~~~~~~~~~~~
./Processor/instructions.h:133:30: note: parameter passing for argument of type ‘FixedVec<gf2n_long, 2>’ when C++17 is enabled changed to match C++14 in GCC 10.1
  133 |             *dest++ = *op1++ + sgf2n::constant(*op2++, Proc.P.my_num(), Proc2.MC.get_alphai())) \
      |                       ~~~~~~~^~~~~~~~~~~~~~~~~~~~~~~~~~~~~~~~~~~~~~~~~~~~~~~~~~~~~~~~~~~~~~~~~
./Processor/Instruction.hpp:1562:60: note: in definition of macro ‘X’
 1562 |         case NAME: { PRE; for (int i = 0; i < size; i++) { CODE; } } break;
      |                                                            ^~~~
./Processor/Instruction.hpp:1563:9: note: in expansion of macro ‘ARITHMETIC_INSTRUCTIONS’
 1563 |         ARITHMETIC_INSTRUCTIONS
      |         ^~~~~~~~~~~~~~~~~~~~~~~
./Processor/instructions.h:135:47: note: parameter passing for argument of type ‘Rep3Share<gf2n_long>’ when C++17 is enabled changed to match C++14 in GCC 10.1
  135 |             *dest++ = *op1++ + sgf2n::constant(int(n), Proc.P.my_num(), Proc2.MC.get_alphai())) \
      |                                ~~~~~~~~~~~~~~~^~~~~~~~~~~~~~~~~~~~~~~~~~~~~~~~~~~~~~~~~~~~~~~~
./Processor/Instruction.hpp:1562:60: note: in definition of macro ‘X’
 1562 |         case NAME: { PRE; for (int i = 0; i < size; i++) { CODE; } } break;
      |                                                            ^~~~
./Processor/Instruction.hpp:1563:9: note: in expansion of macro ‘ARITHMETIC_INSTRUCTIONS’
 1563 |         ARITHMETIC_INSTRUCTIONS
      |         ^~~~~~~~~~~~~~~~~~~~~~~
./Processor/instructions.h:135:30: note: parameter passing for argument of type ‘FixedVec<gf2n_long, 2>’ when C++17 is enabled changed to match C++14 in GCC 10.1
  135 |             *dest++ = *op1++ + sgf2n::constant(int(n), Proc.P.my_num(), Proc2.MC.get_alphai())) \
      |                       ~~~~~~~^~~~~~~~~~~~~~~~~~~~~~~~~~~~~~~~~~~~~~~~~~~~~~~~~~~~~~~~~~~~~~~~~
./Processor/Instruction.hpp:1562:60: note: in definition of macro ‘X’
 1562 |         case NAME: { PRE; for (int i = 0; i < size; i++) { CODE; } } break;
      |                                                            ^~~~
./Processor/Instruction.hpp:1563:9: note: in expansion of macro ‘ARITHMETIC_INSTRUCTIONS’
 1563 |         ARITHMETIC_INSTRUCTIONS
      |         ^~~~~~~~~~~~~~~~~~~~~~~
./Processor/instructions.h:140:18: note: parameter passing for argument of type ‘Rep3Share<gf2n_long>’ when C++17 is enabled changed to match C++14 in GCC 10.1
  140 |             auto op2 = sgf2n::constant(int(n), Proc.P.my_num(), Proc2.MC.get_alphai()), \
      |                  ^~~
./Processor/Instruction.hpp:1562:22: note: in definition of macro ‘X’
 1562 |         case NAME: { PRE; for (int i = 0; i < size; i++) { CODE; } } break;
      |                      ^~~
./Processor/Instruction.hpp:1563:9: note: in expansion of macro ‘ARITHMETIC_INSTRUCTIONS’
 1563 |         ARITHMETIC_INSTRUCTIONS
      |         ^~~~~~~~~~~~~~~~~~~~~~~
./Processor/instructions.h:141:30: note: parameter passing for argument of type ‘FixedVec<gf2n_long, 2>’ when C++17 is enabled changed to match C++14 in GCC 10.1
  141 |             *dest++ = *op1++ - op2) \
      |                       ~~~~~~~^~~~~
./Processor/Instruction.hpp:1562:60: note: in definition of macro ‘X’
 1562 |         case NAME: { PRE; for (int i = 0; i < size; i++) { CODE; } } break;
      |                                                            ^~~~
./Processor/Instruction.hpp:1563:9: note: in expansion of macro ‘ARITHMETIC_INSTRUCTIONS’
 1563 |         ARITHMETIC_INSTRUCTIONS
      |         ^~~~~~~~~~~~~~~~~~~~~~~
./Processor/instructions.h:143:18: note: parameter passing for argument of type ‘Rep3Share<gf2n_long>’ when C++17 is enabled changed to match C++14 in GCC 10.1
  143 |             auto op2 = sgf2n::constant(int(n), Proc.P.my_num(), Proc2.MC.get_alphai()), \
      |                  ^~~
./Processor/Instruction.hpp:1562:22: note: in definition of macro ‘X’
 1562 |         case NAME: { PRE; for (int i = 0; i < size; i++) { CODE; } } break;
      |                      ^~~
./Processor/Instruction.hpp:1563:9: note: in expansion of macro ‘ARITHMETIC_INSTRUCTIONS’
 1563 |         ARITHMETIC_INSTRUCTIONS
      |         ^~~~~~~~~~~~~~~~~~~~~~~
./Processor/instructions.h:144:27: note: parameter passing for argument of type ‘FixedVec<gf2n_long, 2>’ when C++17 is enabled changed to match C++14 in GCC 10.1
  144 |             *dest++ = op2 - *op1++) \
      |                       ~~~~^~~~~~~~
./Processor/Instruction.hpp:1562:60: note: in definition of macro ‘X’
 1562 |         case NAME: { PRE; for (int i = 0; i < size; i++) { CODE; } } break;
      |                                                            ^~~~
./Processor/Instruction.hpp:1563:9: note: in expansion of macro ‘ARITHMETIC_INSTRUCTIONS’
 1563 |         ARITHMETIC_INSTRUCTIONS
      |         ^~~~~~~~~~~~~~~~~~~~~~~
./Processor/instructions.h:147:47: note: parameter passing for argument of type ‘Rep3Share<gf2n_long>’ when C++17 is enabled changed to match C++14 in GCC 10.1
  147 |             *dest++ = *op1++ - sgf2n::constant(*op2++, Proc.P.my_num(), Proc2.MC.get_alphai())) \
      |                                ~~~~~~~~~~~~~~~^~~~~~~~~~~~~~~~~~~~~~~~~~~~~~~~~~~~~~~~~~~~~~~~
./Processor/Instruction.hpp:1562:60: note: in definition of macro ‘X’
 1562 |         case NAME: { PRE; for (int i = 0; i < size; i++) { CODE; } } break;
      |                                                            ^~~~
./Processor/Instruction.hpp:1563:9: note: in expansion of macro ‘ARITHMETIC_INSTRUCTIONS’
 1563 |         ARITHMETIC_INSTRUCTIONS
      |         ^~~~~~~~~~~~~~~~~~~~~~~
./Processor/instructions.h:147:30: note: parameter passing for argument of type ‘FixedVec<gf2n_long, 2>’ when C++17 is enabled changed to match C++14 in GCC 10.1
  147 |             *dest++ = *op1++ - sgf2n::constant(*op2++, Proc.P.my_num(), Proc2.MC.get_alphai())) \
      |                       ~~~~~~~^~~~~~~~~~~~~~~~~~~~~~~~~~~~~~~~~~~~~~~~~~~~~~~~~~~~~~~~~~~~~~~~~
./Processor/Instruction.hpp:1562:60: note: in definition of macro ‘X’
 1562 |         case NAME: { PRE; for (int i = 0; i < size; i++) { CODE; } } break;
      |                                                            ^~~~
./Processor/Instruction.hpp:1563:9: note: in expansion of macro ‘ARITHMETIC_INSTRUCTIONS’
 1563 |         ARITHMETIC_INSTRUCTIONS
      |         ^~~~~~~~~~~~~~~~~~~~~~~
./Processor/instructions.h:150:38: note: parameter passing for argument of type ‘Rep3Share<gf2n_long>’ when C++17 is enabled changed to match C++14 in GCC 10.1
  150 |             *dest++ = sgf2n::constant(*op1++, Proc.P.my_num(), Proc2.MC.get_alphai()) - *op2++) \
      |                       ~~~~~~~~~~~~~~~^~~~~~~~~~~~~~~~~~~~~~~~~~~~~~~~~~~~~~~~~~~~~~~~
./Processor/Instruction.hpp:1562:60: note: in definition of macro ‘X’
 1562 |         case NAME: { PRE; for (int i = 0; i < size; i++) { CODE; } } break;
      |                                                            ^~~~
./Processor/Instruction.hpp:1563:9: note: in expansion of macro ‘ARITHMETIC_INSTRUCTIONS’
 1563 |         ARITHMETIC_INSTRUCTIONS
      |         ^~~~~~~~~~~~~~~~~~~~~~~
./Processor/instructions.h:150:87: note: parameter passing for argument of type ‘FixedVec<gf2n_long, 2>’ when C++17 is enabled changed to match C++14 in GCC 10.1
  150 |             *dest++ = sgf2n::constant(*op1++, Proc.P.my_num(), Proc2.MC.get_alphai()) - *op2++) \
      |                       ~~~~~~~~~~~~~~~~~~~~~~~~~~~~~~~~~~~~~~~~~~~~~~~~~~~~~~~~~~~~~~~~^~~~~~~~
./Processor/Instruction.hpp:1562:60: note: in definition of macro ‘X’
 1562 |         case NAME: { PRE; for (int i = 0; i < size; i++) { CODE; } } break;
      |                                                            ^~~~
./Processor/Instruction.hpp:1563:9: note: in expansion of macro ‘ARITHMETIC_INSTRUCTIONS’
 1563 |         ARITHMETIC_INSTRUCTIONS
      |         ^~~~~~~~~~~~~~~~~~~~~~~
./Processor/instructions.h:153:30: note: parameter passing for argument of type ‘RepShare<gf2n_long, 2>’ when C++17 is enabled changed to match C++14 in GCC 10.1
  153 |             *dest++ = *op1++ * *op2++) \
      |                       ~~~~~~~^~~~~~~~
./Processor/Instruction.hpp:1562:60: note: in definition of macro ‘X’
 1562 |         case NAME: { PRE; for (int i = 0; i < size; i++) { CODE; } } break;
      |                                                            ^~~~
./Processor/Instruction.hpp:1563:9: note: in expansion of macro ‘ARITHMETIC_INSTRUCTIONS’
 1563 |         ARITHMETIC_INSTRUCTIONS
      |         ^~~~~~~~~~~~~~~~~~~~~~~
Machines/replicated-field-party.cpp: In member function ‘T InputBase<T>::finalize(int, int) [with T = Rep3Share<gf2n_long>]’:
Machines/replicated-field-party.cpp:13:1: note: parameter passing for argument of type ‘Rep3Share<gf2n_long>’ when C++17 is enabled changed to match C++14 in GCC 10.1
   13 | }
      | ^
g++ -o BMR/msg_types.o BMR/msg_types.cpp -DNO_AVX_OT -I./local/include -march=armv8.2-a+crypto  -g -Wextra -Wall -O3 -I. -I./deps -pthread    -DUSE_GF2N_LONG '-DPREP_DIR="Player-Data/"' '-DSSL_DIR="Player-Data/"'  -std=c++20 -Wno-overloaded-virtual  -fPIC -MMD -MP -c
g++ -o BMR/proto_utils.o BMR/proto_utils.cpp -DNO_AVX_OT -I./local/include -march=armv8.2-a+crypto  -g -Wextra -Wall -O3 -I. -I./deps -pthread    -DUSE_GF2N_LONG '-DPREP_DIR="Player-Data/"' '-DSSL_DIR="Player-Data/"'  -std=c++20 -Wno-overloaded-virtual  -fPIC -MMD -MP -c
g++ -o BMR/network/Client.o BMR/network/Client.cpp -DNO_AVX_OT -I./local/include -march=armv8.2-a+crypto  -g -Wextra -Wall -O3 -I. -I./deps -pthread    -DUSE_GF2N_LONG '-DPREP_DIR="Player-Data/"' '-DSSL_DIR="Player-Data/"'  -std=c++20 -Wno-overloaded-virtual  -fPIC -MMD -MP -c
In function ‘RepShare<T, L> RepShare<T, L>::operator*=(const U&) [with U = int; T = gf2n_long; int L = 2]’:
cc1plus: note: parameter passing for argument of type ‘RepShare<gf2n_long, 2>’ when C++17 is enabled changed to match C++14 in GCC 10.1
./BMR/RealGarbleWire.hpp: In member function ‘void GarbleJob<T>::middle_round(RealProgramParty<T>&, Protocol&) [with T = Rep3Share<gf2n_long>]’:
./BMR/RealGarbleWire.hpp:46:42: note: parameter passing for argument of type ‘Rep3Share<gf2n_long>’ when C++17 is enabled changed to match C++14 in GCC 10.1
   46 |         lambda_uv = protocol.finalize_mul();
      |                     ~~~~~~~~~~~~~~~~~~~~~^~
./BMR/RealGarbleWire.hpp:61:65: note: parameter passing for argument of type ‘FixedVec<gf2n_long, 2>’ when C++17 is enabled changed to match C++14 in GCC 10.1
   60 |                                                 lambda_uv + lambda_v * alpha + lambda_u * beta
      |                                                 ~~~~~~~~~~~~~~~~~~~~~~~~~~~~~~~~~~~~~~~~~~~~~~
   61 |                                                                 + T::constant(alpha * beta, me, party.MC->get_alphai())
      |                                                                 ^~~~~~~~~~~~~~~~~~~~~~~~~~~~~~~~~~~~~~~~~~~~~~~~~~~~~~~
./BMR/RealGarbleWire.hpp:61:78: note: parameter passing for argument of type ‘Rep3Share<gf2n_long>’ when C++17 is enabled changed to match C++14 in GCC 10.1
   61 |                                                                 + T::constant(alpha * beta, me, party.MC->get_alphai())
      |                                                                   ~~~~~~~~~~~^~~~~~~~~~~~~~~~~~~~~~~~~~~~~~~~~~~~~~~~~~
./BMR/RealGarbleWire.hpp:60:78: note: parameter passing for argument of type ‘FixedVec<gf2n_long, 2>’ when C++17 is enabled changed to match C++14 in GCC 10.1
   60 |                                                 lambda_uv + lambda_v * alpha + lambda_u * beta
      |                                                 ~~~~~~~~~~~~~~~~~~~~~~~~~~~~~^~~~~~~~~~~~~~~~~
g++ -o BMR/network/Node.o BMR/network/Node.cpp -DNO_AVX_OT -I./local/include -march=armv8.2-a+crypto  -g -Wextra -Wall -O3 -I. -I./deps -pthread    -DUSE_GF2N_LONG '-DPREP_DIR="Player-Data/"' '-DSSL_DIR="Player-Data/"'  -std=c++20 -Wno-overloaded-virtual  -fPIC -MMD -MP -c
Machines/malicious-rep-field-party.cpp: In member function ‘T InputBase<T>::finalize(int, int) [with T = Rep3Share<gf2n_long>]’:
Machines/malicious-rep-field-party.cpp:15:1: note: parameter passing for argument of type ‘Rep3Share<gf2n_long>’ when C++17 is enabled changed to match C++14 in GCC 10.1
   15 | }
      | ^
Machines/malicious-rep-field-party.cpp: In member function ‘T InputBase<T>::finalize(int, int) [with T = MaliciousRep3Share<gf2n_long>]’:
Machines/malicious-rep-field-party.cpp:15:1: note: parameter passing for argument of type ‘MaliciousRep3Share<gf2n_long>’ when C++17 is enabled changed to match C++14 in GCC 10.1
In static member function ‘static void EvalRegister::store_clear_in_dynamic(GC::Memory<T>&, const std::vector<GC::ClearWriteAccess>&) [with T = Rep3Share<gf2n_long>]’,
    inlined from ‘static void GC::Secret<T>::store_clear_in_dynamic(U&, const std::vector<GC::ClearWriteAccess>&) [with U = GC::Memory<Rep3Share<gf2n_long> >; T = EvalRegister]’ at ./GC/Secret.h:102:32,
    inlined from ‘void GC::Processor<T>::store_clear_in_dynamic(const ArgVector&, U&) [with U = GC::Memory<Rep3Share<gf2n_long> >; T = GC::Secret<EvalRegister>]’ at ./GC/Processor.hpp:201:30:
./BMR/Register.hpp:51:35: note: parameter passing for argument of type ‘Rep3Share<gf2n_long>’ when C++17 is enabled changed to match C++14 in GCC 10.1
   51 |                 dest = T::constant(value.get(), party.get_id() - 1, party.get_mac_key().get());
      |                        ~~~~~~~~~~~^~~~~~~~~~~~~~~~~~~~~~~~~~~~~~~~~~~~~~~~~~~~~~~~~~~~~~~~~~~~
./BMR/Register.hpp: In static member function ‘static void EvalRegister::load(std::vector<GC::ReadAccess<T> >&, const GC::Memory<U>&) [with T = GC::Secret<EvalRegister>; U = Rep3Share<gf2n_long>]’:
./BMR/Register.hpp:189:56: note: parameter passing for argument of type ‘FixedVec<gf2n_long, 2>’ when C++17 is enabled changed to match C++14 in GCC 10.1
  189 |                         mask += spdz_wires.back().mask << i;
      |                                 ~~~~~~~~~~~~~~~~~~~~~~~^~~~
g++ -o BMR/network/Server.o BMR/network/Server.cpp -DNO_AVX_OT -I./local/include -march=armv8.2-a+crypto  -g -Wextra -Wall -O3 -I. -I./deps -pthread    -DUSE_GF2N_LONG '-DPREP_DIR="Player-Data/"' '-DSSL_DIR="Player-Data/"'  -std=c++20 -Wno-overloaded-virtual  -fPIC -MMD -MP -c
./BMR/Register.hpp: In static member function ‘static void EvalRegister::store(GC::Memory<U>&, const std::vector<GC::WriteAccess<T> >&) [with T = GC::Secret<EvalRegister>; U = Rep3Share<gf2n_long>]’:
./BMR/Register.hpp:100:59: note: parameter passing for argument of type ‘Rep3Share<gf2n_long>’ when C++17 is enabled changed to match C++14 in GCC 10.1
  100 |                         tmp = spdz_wire.mask + U::constant(ext, (int)party.get_id() - 1, party.get_mac_key());
      |                                                ~~~~~~~~~~~^~~~~~~~~~~~~~~~~~~~~~~~~~~~~~~~~~~~~~~~~~~~~~~~~~~
In member function ‘FixedVec<T, L>& FixedVec<T, L>::operator<<=(int) [with T = gf2n_long; int L = 2]’,
    inlined from ‘static void EvalRegister::store(GC::Memory<U>&, const std::vector<GC::WriteAccess<T> >&) [with T = GC::Secret<EvalRegister>; U = Rep3Share<gf2n_long>]’ at ./BMR/Register.hpp:102:8:
./Math/FixedVec.h:288:23: note: parameter passing for argument of type ‘FixedVec<gf2n_long, 2>’ when C++17 is enabled changed to match C++14 in GCC 10.1
  288 |         *this = *this << i;
      |                 ~~~~~~^~~~
./BMR/RealGarbleWire.hpp: In member function ‘void GarbleInputter<T>::exchange() [with T = Rep3Share<gf2n_long>]’:
./BMR/RealGarbleWire.hpp:136:6: note: parameter passing for argument of type ‘Rep3Share<gf2n_long>’ when C++17 is enabled changed to match C++14 in GCC 10.1
  136 | void GarbleInputter<T>::exchange()
      |      ^~~~~~~~~~~~~~~~~
g++ -o BMR/network/utils.o BMR/network/utils.cpp -DNO_AVX_OT -I./local/include -march=armv8.2-a+crypto  -g -Wextra -Wall -O3 -I. -I./deps -pthread    -DUSE_GF2N_LONG '-DPREP_DIR="Player-Data/"' '-DSSL_DIR="Player-Data/"'  -std=c++20 -Wno-overloaded-virtual  -fPIC -MMD -MP -c
g++ -o Machines/BMR/mal-rep-bmr-party.o Machines/BMR/mal-rep-bmr-party.cpp -DNO_AVX_OT -I./local/include -march=armv8.2-a+crypto  -g -Wextra -Wall -O3 -I. -I./deps -pthread    -DUSE_GF2N_LONG '-DPREP_DIR="Player-Data/"' '-DSSL_DIR="Player-Data/"'  -std=c++20 -Wno-overloaded-virtual  -fPIC -MMD -MP -c
g++ -DNO_AVX_OT -I./local/include -march=armv8.2-a+crypto  -g -Wextra -Wall -O3 -I. -I./deps -pthread    -DUSE_GF2N_LONG '-DPREP_DIR="Player-Data/"' '-DSSL_DIR="Player-Data/"'  -std=c++20 -Wno-overloaded-virtual  -fPIC -shared -o libSPDZ.so Processor/BaseMachine.o Processor/DataPositions.o Processor/ExternalClients.o Processor/FixInput.o Processor/FloatInput.o Processor/FunctionArgument.o Processor/HonestMajorityMachine.o Processor/Instruction.o Processor/OnlineOptions.o Processor/PrepBase.o Processor/ProcessorBase.o Processor/Program.o Processor/RingOptions.o Processor/ThreadQueue.o Processor/ThreadQueues.o Processor/ThreadStats.o Processor/TruncPrTuple.o Protocols/ShamirOptions.o Protocols/ShareInterface.o Math/Bit.o Math/Setup.o Math/Square.o Math/ValueInterface.o Math/Zp_Data.o Math/bigint.o Math/gf2n.o Math/gf2nlong.o Math/gfpvar.o Math/square128.o Tools/BitVector.o Tools/Buffer.o Tools/CodeLocations.o Tools/Commit.o Tools/Coordinator.o Tools/DiskVector.o Tools/Exceptions.o Tools/ExecutionStats.o Tools/FlexBuffer.o Tools/Hash.o Tools/Lock.o Tools/NamedStats.o Tools/NetworkOptions.o Tools/OfflineMachineBase.o Tools/Signal.o Tools/Subroutines.o Tools/TimerWithComm.o Tools/Waksman.o Tools/aes-ni.o Tools/aes.o Tools/benchmarking.o Tools/mkpath.o Tools/names.o Tools/octetStream.o Tools/random.o Tools/time-func.o Networking/CryptoPlayer.o Networking/Player.o Networking/Receiver.o Networking/Sender.o Networking/Server.o Networking/ServerSocket.o Networking/sockets.o GC/square64.o GC/Instruction.o -lgmpxx -lgmp -lsodium   -Wl,-rpath -Wl,/home/ubuntu/MP-SPDZ/local/lib -L/home/ubuntu/MP-SPDZ/local/lib -lssl -lcrypto -lboost_filesystem -lboost_iostreams -lrt -z noexecstack -Wl,-rpath -Wl,/home/ubuntu/MP-SPDZ
g++ -o replicated-bin-party.x -DNO_AVX_OT -I./local/include -march=armv8.2-a+crypto  -g -Wextra -Wall -O3 -I. -I./deps -pthread    -DUSE_GF2N_LONG '-DPREP_DIR="Player-Data/"' '-DSSL_DIR="Player-Data/"'  -std=c++20 -Wno-overloaded-virtual  -fPIC Machines/replicated-bin-party.o libSPDZ.so GC/square64.o -lgmpxx -lgmp -lsodium   -Wl,-rpath -Wl,/home/ubuntu/MP-SPDZ/local/lib -L/home/ubuntu/MP-SPDZ/local/lib -lssl -lcrypto -lboost_filesystem -lboost_iostreams -lrt -z noexecstack -Wl,-rpath -Wl,/home/ubuntu/MP-SPDZ libSPDZ.so
g++ -o malicious-rep-bin-party.x -DNO_AVX_OT -I./local/include -march=armv8.2-a+crypto  -g -Wextra -Wall -O3 -I. -I./deps -pthread    -DUSE_GF2N_LONG '-DPREP_DIR="Player-Data/"' '-DSSL_DIR="Player-Data/"'  -std=c++20 -Wno-overloaded-virtual  -fPIC Machines/malicious-rep-bin-party.o libSPDZ.so GC/square64.o -lgmpxx -lgmp -lsodium   -Wl,-rpath -Wl,/home/ubuntu/MP-SPDZ/local/lib -L/home/ubuntu/MP-SPDZ/local/lib -lssl -lcrypto -lboost_filesystem -lboost_iostreams -lrt -z noexecstack -Wl,-rpath -Wl,/home/ubuntu/MP-SPDZ libSPDZ.so
./Protocols/ReplicatedPrep.hpp: In member function ‘void BitPrep<T>::buffer_squares() [with T = Rep3Share<gf2n_long>]’:
./Protocols/ReplicatedPrep.hpp:265:48: note: parameter passing for argument of type ‘RepShare<gf2n_long, 2>’ when C++17 is enabled changed to match C++14 in GCC 10.1
  265 |         this->squares.push_back({{as[i], as[i] * opened[i] - cs[i]}});
      |                                          ~~~~~~^~~~~~~~~
./Protocols/ReplicatedPrep.hpp: In member function ‘void BufferPrep<T>::buffer_inputs_as_usual(int, SubProcessor<T>*) [with T = Rep3Share<gf2n_long>]’:
./Protocols/ReplicatedPrep.hpp:1384:6: note: parameter passing for argument of type ‘Rep3Share<gf2n_long>’ when C++17 is enabled changed to match C++14 in GCC 10.1
 1384 | void BufferPrep<T>::buffer_inputs_as_usual(int player, SubProcessor<T>* proc)
      |      ^~~~~~~~~~~~~
In member function ‘FixedVec<T, L>& FixedVec<T, L>::operator>>=(int) [with T = gf2n_long; int L = 2]’,
    inlined from ‘void SemiHonestRingPrep<T>::buffer_bits(std::false_type, std::true_type) [with int <anonymous> = 0; T = Rep3Share<gf2n_long>]’ at ./Protocols/ReplicatedPrep.hpp:1189:23,
    inlined from ‘void SemiHonestRingPrep<T>::buffer_bits() [with T = Rep3Share<gf2n_long>]’ at ./Protocols/ReplicatedPrep.hpp:1205:16:
./Math/FixedVec.h:294:23: note: parameter passing for argument of type ‘FixedVec<gf2n_long, 2>’ when C++17 is enabled changed to match C++14 in GCC 10.1
  294 |         *this = *this >> i;
      |                 ~~~~~~^~~~
./Protocols/ReplicatedPrep.hpp: In member function ‘void SemiHonestRingPrep<T>::buffer_bits() [with T = Rep3Share<gf2n_long>]’:
./Protocols/ReplicatedPrep.hpp:1202:6: note: parameter passing for argument of type ‘Rep3Share<gf2n_long>’ when C++17 is enabled changed to match C++14 in GCC 10.1
 1202 | void SemiHonestRingPrep<T>::buffer_bits()
      |      ^~~~~~~~~~~~~~~~~~~~~
g++ -o rep-bmr-party.x -DNO_AVX_OT -I./local/include -march=armv8.2-a+crypto  -g -Wextra -Wall -O3 -I. -I./deps -pthread    -DUSE_GF2N_LONG '-DPREP_DIR="Player-Data/"' '-DSSL_DIR="Player-Data/"'  -std=c++20 -Wno-overloaded-virtual  -fPIC Machines/BMR/rep-bmr-party.o BMR/AndJob.o BMR/CommonParty.o BMR/GarbledGate.o BMR/Key.o BMR/Party.o BMR/Register.o BMR/TrustedParty.o BMR/msg_types.o BMR/proto_utils.o BMR/network/Client.o BMR/network/Node.o BMR/network/Server.o BMR/network/utils.o libSPDZ.so -lboost_thread  -lgmpxx -lgmp -lsodium   -Wl,-rpath -Wl,/home/ubuntu/MP-SPDZ/local/lib -L/home/ubuntu/MP-SPDZ/local/lib -lssl -lcrypto -lboost_filesystem -lboost_iostreams -lrt -z noexecstack -Wl,-rpath -Wl,/home/ubuntu/MP-SPDZ
In file included from ./Protocols/ReplicatedInput.hpp:12,
                 from ./Protocols/ShamirInput.hpp:11,
                 from ./Protocols/fake-stuff.hpp:12,
                 from ./BMR/RealProgramParty.hpp:24,
                 from Machines/BMR/mal-rep-bmr-party.cpp:8:
./Processor/Input.hpp: In instantiation of ‘T InputBase<T>::finalize(int, int) [with T = MaliciousRep3Share<gf2n_long>]’:
./BMR/RealProgramParty.hpp:136:37:   required from ‘RealProgramParty<T>::RealProgramParty(int, const char**) [with T = MaliciousRep3Share<gf2n_long>]’
Machines/BMR/mal-rep-bmr-party.cpp:14:63:   required from here
./Processor/Input.hpp:216:3: note: parameter passing for argument of type ‘MaliciousRep3Share<gf2n_long>’ when C++17 is enabled changed to match C++14 in GCC 10.1
  216 | T InputBase<T>::finalize(int player, int n_bits)
      |   ^~~~~~~~~~~~
In file included from ./Protocols/MaliciousRep3Share.h:9,
                 from Machines/BMR/mal-rep-bmr-party.cpp:6:
./Protocols/Rep3Share.h: In instantiation of ‘RepShare<T, L> RepShare<T, L>::operator*(const U&) const [with U = int; T = gf2n_long; int L = 2]’:
./BMR/RealGarbleWire.hpp:60:28:   required from ‘void GarbleJob<T>::middle_round(RealProgramParty<T>&, Protocol&) [with T = MaliciousRep3Share<gf2n_long>; Protocol = Beaver<MaliciousRep3Share<gf2n_long> >]’
./BMR/RealProgramParty.hpp:243:20:   required from ‘void RealProgramParty<T>::garble() [with T = MaliciousRep3Share<gf2n_long>]’
./BMR/RealProgramParty.hpp:168:3:   required from ‘RealProgramParty<T>::RealProgramParty(int, const char**) [with T = MaliciousRep3Share<gf2n_long>]’
Machines/BMR/mal-rep-bmr-party.cpp:14:63:   required from here
./Protocols/Rep3Share.h:58:14: note: parameter passing for argument of type ‘RepShare<gf2n_long, 2>’ when C++17 is enabled changed to match C++14 in GCC 10.1
   58 |     RepShare operator*(const U& other) const
      |              ^~~~~~~~
In file included from ./Protocols/Rep3Share.h:9:
./Math/FixedVec.h: In instantiation of ‘FixedVec<T, L> FixedVec<T, L>::operator+(const FixedVec<T, L>&) const [with T = gf2n_long; int L = 2]’:
./BMR/RealGarbleWire.hpp:60:17:   required from ‘void GarbleJob<T>::middle_round(RealProgramParty<T>&, Protocol&) [with T = MaliciousRep3Share<gf2n_long>; Protocol = Beaver<MaliciousRep3Share<gf2n_long> >]’
./BMR/RealProgramParty.hpp:243:20:   required from ‘void RealProgramParty<T>::garble() [with T = MaliciousRep3Share<gf2n_long>]’
./BMR/RealProgramParty.hpp:168:3:   required from ‘RealProgramParty<T>::RealProgramParty(int, const char**) [with T = MaliciousRep3Share<gf2n_long>]’
Machines/BMR/mal-rep-bmr-party.cpp:14:63:   required from here
./Math/FixedVec.h:170:19: note: parameter passing for argument of type ‘FixedVec<gf2n_long, 2>’ when C++17 is enabled changed to match C++14 in GCC 10.1
  170 |     FixedVec<T, L>operator+(const FixedVec<T, L>& other) const
      |                   ^~~~~~~~
./Protocols/Rep3Share.h: In instantiation of ‘static Rep3Share<T> Rep3Share<T>::constant(T, int, typename super::mac_key_type) [with T = gf2n_long; typename super::mac_key_type = GC::NoValue; super = RepShare<gf2n_long, 2>]’:
./BMR/RealGarbleWire.hpp:61:22:   required from ‘void GarbleJob<T>::middle_round(RealProgramParty<T>&, Protocol&) [with T = MaliciousRep3Share<gf2n_long>; Protocol = Beaver<MaliciousRep3Share<gf2n_long> >]’
./BMR/RealProgramParty.hpp:243:20:   required from ‘void RealProgramParty<T>::garble() [with T = MaliciousRep3Share<gf2n_long>]’
./BMR/RealProgramParty.hpp:168:3:   required from ‘RealProgramParty<T>::RealProgramParty(int, const char**) [with T = MaliciousRep3Share<gf2n_long>]’
Machines/BMR/mal-rep-bmr-party.cpp:14:63:   required from here
./Protocols/Rep3Share.h:160:22: note: parameter passing for argument of type ‘Rep3Share<gf2n_long>’ when C++17 is enabled changed to match C++14 in GCC 10.1
  160 |     static Rep3Share constant(T value, int my_num,
      |                      ^~~~~~~~
./Math/FixedVec.h: In instantiation of ‘FixedVec<T, L> operator*(const U&, const FixedVec<T, L>&) [with U = gf2n_long; T = gf2n_long; int L = 2]’:
./Protocols/Beaver.hpp:94:23:   required from ‘T Beaver<T>::finalize_mul(int) [with T = MaliciousRep3Share<gf2n_long>]’
./BMR/RealGarbleWire.hpp:46:35:   required from ‘void GarbleJob<T>::middle_round(RealProgramParty<T>&, Protocol&) [with T = MaliciousRep3Share<gf2n_long>; Protocol = Beaver<MaliciousRep3Share<gf2n_long> >]’
./BMR/RealProgramParty.hpp:243:20:   required from ‘void RealProgramParty<T>::garble() [with T = MaliciousRep3Share<gf2n_long>]’
./BMR/RealProgramParty.hpp:168:3:   required from ‘RealProgramParty<T>::RealProgramParty(int, const char**) [with T = MaliciousRep3Share<gf2n_long>]’
Machines/BMR/mal-rep-bmr-party.cpp:14:63:   required from here
./Math/FixedVec.h:430:16: note: parameter passing for argument of type ‘FixedVec<gf2n_long, 2>’ when C++17 is enabled changed to match C++14 in GCC 10.1
  430 | FixedVec<T, L> operator*(const U& a, const FixedVec<T, L>& b)
      |                ^~~~~~~~
./Protocols/Rep3Share.h: In instantiation of ‘RepShare<T, L> RepShare<T, L>::operator*(const U&) const [with U = gf2n_long; T = gf2n_long; int L = 2]’:
./Protocols/Beaver.hpp:95:26:   required from ‘T Beaver<T>::finalize_mul(int) [with T = MaliciousRep3Share<gf2n_long>]’
./BMR/RealGarbleWire.hpp:46:35:   required from ‘void GarbleJob<T>::middle_round(RealProgramParty<T>&, Protocol&) [with T = MaliciousRep3Share<gf2n_long>; Protocol = Beaver<MaliciousRep3Share<gf2n_long> >]’
./BMR/RealProgramParty.hpp:243:20:   required from ‘void RealProgramParty<T>::garble() [with T = MaliciousRep3Share<gf2n_long>]’
./BMR/RealProgramParty.hpp:168:3:   required from ‘RealProgramParty<T>::RealProgramParty(int, const char**) [with T = MaliciousRep3Share<gf2n_long>]’
Machines/BMR/mal-rep-bmr-party.cpp:14:63:   required from here
./Protocols/Rep3Share.h:58:14: note: parameter passing for argument of type ‘RepShare<gf2n_long, 2>’ when C++17 is enabled changed to match C++14 in GCC 10.1
   58 |     RepShare operator*(const U& other) const
      |              ^~~~~~~~
./Math/FixedVec.h: In instantiation of ‘FixedVec<T, L> FixedVec<T, L>::operator-(const FixedVec<T, L>&) const [with T = gf2n_long; int L = 2]’:
./Protocols/Beaver.hpp:50:24:   required from ‘void Beaver<T>::prepare_mul(const T&, const T&, int) [with T = MaliciousRep3Share<gf2n_long>]’
./BMR/RealGarbleWire.hpp:59:32:   required from ‘void GarbleJob<T>::middle_round(RealProgramParty<T>&, Protocol&) [with T = MaliciousRep3Share<gf2n_long>; Protocol = Beaver<MaliciousRep3Share<gf2n_long> >]’
./BMR/RealProgramParty.hpp:243:20:   required from ‘void RealProgramParty<T>::garble() [with T = MaliciousRep3Share<gf2n_long>]’
./BMR/RealProgramParty.hpp:168:3:   required from ‘RealProgramParty<T>::RealProgramParty(int, const char**) [with T = MaliciousRep3Share<gf2n_long>]’
Machines/BMR/mal-rep-bmr-party.cpp:14:63:   required from here
./Math/FixedVec.h:177:19: note: parameter passing for argument of type ‘FixedVec<gf2n_long, 2>’ when C++17 is enabled changed to match C++14 in GCC 10.1
  177 |     FixedVec<T, L>operator-(const FixedVec<T, L>& other) const
      |                   ^~~~~~~~
./Protocols/Rep3Share.h: In instantiation of ‘RepShare<T, L> RepShare<T, L>::operator*=(const U&) [with U = gf2n_long; T = gf2n_long; int L = 2]’:
./Protocols/Rep3Share.h:61:13:   required from ‘RepShare<T, L> RepShare<T, L>::operator*(const U&) const [with U = gf2n_long; T = gf2n_long; int L = 2]’
./Protocols/Beaver.hpp:95:26:   required from ‘T Beaver<T>::finalize_mul(int) [with T = MaliciousRep3Share<gf2n_long>]’
./BMR/RealGarbleWire.hpp:46:35:   required from ‘void GarbleJob<T>::middle_round(RealProgramParty<T>&, Protocol&) [with T = MaliciousRep3Share<gf2n_long>; Protocol = Beaver<MaliciousRep3Share<gf2n_long> >]’
./BMR/RealProgramParty.hpp:243:20:   required from ‘void RealProgramParty<T>::garble() [with T = MaliciousRep3Share<gf2n_long>]’
./BMR/RealProgramParty.hpp:168:3:   required from ‘RealProgramParty<T>::RealProgramParty(int, const char**) [with T = MaliciousRep3Share<gf2n_long>]’
Machines/BMR/mal-rep-bmr-party.cpp:14:63:   required from here
./Protocols/Rep3Share.h:66:14: note: parameter passing for argument of type ‘RepShare<gf2n_long, 2>’ when C++17 is enabled changed to match C++14 in GCC 10.1
   66 |     RepShare operator*=(const U& other)
      |              ^~~~~~~~
./Math/FixedVec.h: In instantiation of ‘FixedVec<T, L> FixedVec<T, L>::operator<<(int) const [with T = gf2n_long; int L = 2]’:
./BMR/Register.hpp:189:35:   required from ‘static void EvalRegister::load(std::vector<GC::ReadAccess<U> >&, const GC::Memory<U>&) [with T = GC::Secret<EvalRegister>; U = MaliciousRep3Share<gf2n_long>]’
./GC/Secret.hpp:176:12:   required from ‘static void GC::Secret<T>::load(std::vector<GC::ReadAccess<V> >&, const U&) [with U = GC::Memory<MaliciousRep3Share<gf2n_long> >; V = GC::Secret<EvalRegister>; T = EvalRegister]’
./GC/Processor.hpp:148:12:   required from ‘void GC::Processor<T>::load_dynamic_direct(const ArgVector&, U&) [with U = GC::Memory<MaliciousRep3Share<gf2n_long> >; T = GC::Secret<EvalRegister>; ArgVector = std::vector<unsigned int>]’
./GC/Program.hpp:145:9:   required from ‘GC::BreakType GC::Program::execute_with_errors(GC::Processor<U>&, U&, int) const [with T = GC::Secret<EvalRegister>; U = GC::Memory<MaliciousRep3Share<gf2n_long> >]’
./GC/Program.hpp:91:35:   required from ‘GC::BreakType GC::Program::execute(GC::Processor<U>&, U&, int) const [with T = GC::Secret<EvalRegister>; U = GC::Memory<MaliciousRep3Share<gf2n_long> >]’
./BMR/CommonParty.hpp:58:25:   required from ‘GC::BreakType CommonParty::second_phase(GC::Program&, GC::Processor<U>&, GC::Machine<T>&, U&) [with T = GC::Secret<EvalRegister>; U = GC::Memory<MaliciousRep3Share<gf2n_long> >]’
./BMR/RealProgramParty.hpp:190:30:   required from ‘RealProgramParty<T>::RealProgramParty(int, const char**) [with T = MaliciousRep3Share<gf2n_long>]’
Machines/BMR/mal-rep-bmr-party.cpp:14:63:   required from here
./Math/FixedVec.h:270:20: note: parameter passing for argument of type ‘FixedVec<gf2n_long, 2>’ when C++17 is enabled changed to match C++14 in GCC 10.1
  270 |     FixedVec<T, L> operator<<(int i) const
      |                    ^~~~~~~~
Machines/malicious-rep-field-party.cpp: In member function ‘virtual Rep3Share<gf2n_long> Replicated<Rep3Share<gf2n_long> >::_ZThn6040_N10ReplicatedI9Rep3ShareI9gf2n_longEE12finalize_mulEi(int)’:
Machines/malicious-rep-field-party.cpp:15:1: note: parameter passing for argument of type ‘Rep3Share<gf2n_long>’ when C++17 is enabled changed to match C++14 in GCC 10.1
./Protocols/ReplicatedInput.hpp: In instantiation of ‘T PrepLessInput<T>::finalize_mine() [with T = Rep3Share<gf2n_long>]’:
./Protocols/ReplicatedInput.hpp:208:3:   required from here
./Protocols/ReplicatedInput.hpp:208:3: note: parameter passing for argument of type ‘Rep3Share<gf2n_long>’ when C++17 is enabled changed to match C++14 in GCC 10.1
  208 | T PrepLessInput<T>::finalize_mine()
      |   ^~~~~~~~~~~~~~~~
./Protocols/ReplicatedInput.hpp: In instantiation of ‘T PrepLessInput<T>::finalize_mine() [with T = MaliciousRep3Share<gf2n_long>]’:
./Protocols/ReplicatedInput.hpp:208:3:   required from here
./Protocols/ReplicatedInput.hpp:208:3: note: parameter passing for argument of type ‘MaliciousRep3Share<gf2n_long>’ when C++17 is enabled changed to match C++14 in GCC 10.1
In file included from ./Processor/Program.h:5,
                 from ./Processor/Memory.h:15,
                 from ./Protocols/Replicated.h:18,
                 from ./Protocols/Rep3Share.h:11:
./Processor/Data_Files.h: In instantiation of ‘T Preprocessing<T>::get_bit() [with T = Rep3Share<gf2n_long>]’:
./Processor/Data_Files.h:451:3:   required from here
./Processor/Data_Files.h:451:3: note: parameter passing for argument of type ‘Rep3Share<gf2n_long>’ when C++17 is enabled changed to match C++14 in GCC 10.1
  451 | T Preprocessing<T>::get_bit()
      |   ^~~~~~~~~~~~~~~~
In file included from ./Protocols/Beaver.hpp:11,
                 from ./Machines/Rep.hpp:14,
                 from Machines/BMR/mal-rep-bmr-party.cpp:9:
./Protocols/Replicated.hpp: In instantiation of ‘FixedVec<T, 2> ReplicatedBase::get_random() [with T = gf2n_long]’:
./Protocols/Replicated.hpp:374:61:   required from ‘T Replicated<T>::get_random() [with T = Rep3Share<gf2n_long>]’
./Protocols/Replicated.hpp:372:3:   required from here
./Protocols/Replicated.hpp:378:16: note: parameter passing for argument of type ‘FixedVec<gf2n_long, 2>’ when C++17 is enabled changed to match C++14 in GCC 10.1
  378 | FixedVec<T, 2> ReplicatedBase::get_random()
      |                ^~~~~~~~~~~~~~
In file included from ./GC/ShareThread.hpp:15,
                 from ./GC/ShareSecret.hpp:18,
                 from ./BMR/ProgramParty.hpp:11,
                 from ./BMR/RealProgramParty.hpp:16:
./Processor/Data_Files.hpp: In instantiation of ‘T Preprocessing<T>::get_random_from_inputs(int) [with T = MaliciousRep3Share<gf2n_long>]’:
./Processor/Data_Files.h:477:10:   required from ‘T Preprocessing<T>::get_random_no_count() [with T = MaliciousRep3Share<gf2n_long>]’
./Processor/Data_Files.h:474:3:   required from here
./Processor/Data_Files.hpp:47:3: note: parameter passing for argument of type ‘MaliciousRep3Share<gf2n_long>’ when C++17 is enabled changed to match C++14 in GCC 10.1
   47 | T Preprocessing<T>::get_random_from_inputs(int nplayers)
      |   ^~~~~~~~~~~~~~~~
./Processor/Data_Files.hpp: In instantiation of ‘T Preprocessing<T>::get_random_from_inputs(int) [with T = Rep3Share<gf2n_long>]’:
./Processor/Data_Files.h:477:10:   required from ‘T Preprocessing<T>::get_random_no_count() [with T = Rep3Share<gf2n_long>]’
./Processor/Data_Files.h:474:3:   required from here
./Processor/Data_Files.hpp:47:3: note: parameter passing for argument of type ‘Rep3Share<gf2n_long>’ when C++17 is enabled changed to match C++14 in GCC 10.1
In file included from ./Protocols/edabit.h:9,
                 from ./Processor/Data_Files.h:13:
./Tools/FixedVector.h: In instantiation of ‘T FixedVector<T, L>::pop() [with T = MaliciousRep3Share<gf2n_long>; long unsigned int L = 64]’:
./Protocols/edabit.h:80:26:   required from ‘edabit<T> edabitvec<T>::next() [with T = MaliciousRep3Share<gf2n_long>; edabit<T> = std::pair<MaliciousRep3Share<gf2n_long>, FixedVector<GC::SmallMalRepSecret, 5> >]’
./Protocols/ReplicatedPrep.hpp:1314:23:   required from ‘void Sub_Data_Files<T>::get_edabit_no_count(bool, int, edabit<T>&) [with T = MaliciousRep3Share<gf2n_long>; edabit<T> = std::pair<MaliciousRep3Share<gf2n_long>, FixedVector<GC::SmallMalRepSecret, 5> >]’
./Protocols/ReplicatedPrep.hpp:1306:6:   required from here
./Tools/FixedVector.h:52:7: note: parameter passing for argument of type ‘MaliciousRep3Share<gf2n_long>’ when C++17 is enabled changed to match C++14 in GCC 10.1
   52 |     T pop()
      |       ^~~
./Math/FixedVec.h: In instantiation of ‘static FixedVec<T, L> FixedVec<T, L>::Mul(const FixedVec<U, L>&, const V&) [with U = gf2n_long; V = gf2n_long; T = gf2n_long; int L = 2]’:
./Protocols/MaliciousRepPrep.hpp:127:32:   required from ‘void sacrifice(const std::vector<std::array<T, 5> >&, Player&) [with T = MaliciousRep3Share<gf2n_long>; U = gf2n_long]’
./Protocols/MaliciousRepPrep.hpp:107:42:   required from ‘void MaliciousRepPrep<T>::buffer_triples() [with T = MaliciousRep3Share<gf2n_long>]’
./Protocols/MaliciousRepPrep.hpp:76:6:   required from here
./Math/FixedVec.h:58:21: note: parameter passing for argument of type ‘FixedVec<gf2n_long, 2>’ when C++17 is enabled changed to match C++14 in GCC 10.1
   58 |     static FixedVec Mul(const FixedVec<U, L>& a, const V& b)
      |                     ^~~
./Tools/FixedVector.h: In instantiation of ‘T FixedVector<T, L>::pop() [with T = Rep3Share<gf2n_long>; long unsigned int L = 64]’:
./Protocols/edabit.h:80:26:   required from ‘edabit<T> edabitvec<T>::next() [with T = Rep3Share<gf2n_long>; edabit<T> = std::pair<Rep3Share<gf2n_long>, FixedVector<GC::SmallRepSecret, 5> >]’
./Protocols/ReplicatedPrep.hpp:1302:23:   required from ‘void BufferPrep<T>::get_edabit_no_count(bool, int, edabit<T>&) [with T = Rep3Share<gf2n_long>; edabit<T> = std::pair<Rep3Share<gf2n_long>, FixedVector<GC::SmallRepSecret, 5> >]’
./Protocols/ReplicatedPrep.hpp:1295:6:   required from here
./Tools/FixedVector.h:52:7: note: parameter passing for argument of type ‘Rep3Share<gf2n_long>’ when C++17 is enabled changed to match C++14 in GCC 10.1
   52 |     T pop()
      |       ^~~
./BMR/RealProgramParty.hpp: In constructor ‘RealProgramParty<T>::RealProgramParty(int, const char**) [with T = MaliciousRep3Share<gf2n_long>]’:
./BMR/RealProgramParty.hpp:136:51: note: parameter passing for argument of type ‘MaliciousRep3Share<gf2n_long>’ when C++17 is enabled changed to match C++14 in GCC 10.1
  136 |                 deltas.push_back(inputter.finalize(i));
      |                                  ~~~~~~~~~~~~~~~~~^~~
./Protocols/Beaver.hpp: In member function ‘void Beaver<T>::prepare_mul(const T&, const T&, int) [with T = MaliciousRep3Share<gf2n_long>]’:
./Protocols/Beaver.hpp:50:24: note: parameter passing for argument of type ‘FixedVec<gf2n_long, 2>’ when C++17 is enabled changed to match C++14 in GCC 10.1
   50 |     shares.push_back(x - triple[0]);
      |                      ~~^~~~~~~~~
In file included from ./Machines/MalRep.hpp:10,
                 from Machines/BMR/mal-rep-bmr-party.cpp:10:
./Protocols/MaliciousRepPrep.hpp: In member function ‘void MaliciousRepPrep<T>::buffer_triples() [with T = MaliciousRep3Share<gf2n_long>]’:
./Protocols/MaliciousRepPrep.hpp:99:46: note: parameter passing for argument of type ‘Rep3Share<gf2n_long>’ when C++17 is enabled changed to match C++14 in GCC 10.1
   99 |             tuple[j] = honest_prot.get_random();
      |                        ~~~~~~~~~~~~~~~~~~~~~~^~
./Protocols/Replicated.hpp: In member function ‘T Replicated<T>::get_random() [with T = Rep3Share<gf2n_long>]’:
./Protocols/Replicated.hpp:374:61: note: parameter passing for argument of type ‘FixedVec<gf2n_long, 2>’ when C++17 is enabled changed to match C++14 in GCC 10.1
  374 |     return ReplicatedBase::get_random<typename T::open_type>();
      |            ~~~~~~~~~~~~~~~~~~~~~~~~~~~~~~~~~~~~~~~~~~~~~~~~~^~
./Protocols/Replicated.hpp: In member function ‘T Replicated<T>::finalize_mul(int) [with T = Rep3Share<gf2n_long>]’:
./Protocols/Replicated.hpp:320:10: note: parameter passing for argument of type ‘Rep3Share<gf2n_long>’ when C++17 is enabled changed to match C++14 in GCC 10.1
  320 | inline T Replicated<T>::finalize_mul(int n)
      |          ^~~~~~~~~~~~~
./Protocols/ReplicatedInput.hpp: In member function ‘T PrepLessInput<T>::finalize_mine() [with T = MaliciousRep3Share<gf2n_long>]’:
./Protocols/ReplicatedInput.hpp:208:3: note: parameter passing for argument of type ‘MaliciousRep3Share<gf2n_long>’ when C++17 is enabled changed to match C++14 in GCC 10.1
  208 | T PrepLessInput<T>::finalize_mine()
      |   ^~~~~~~~~~~~~~~~
./Protocols/MaliciousRepPrep.hpp: In function ‘void sacrifice(const std::vector<std::array<T, 5> >&, Player&) [with T = MaliciousRep3Share<gf2n_long>; U = gf2n_long]’:
./Protocols/MaliciousRepPrep.hpp:127:39: note: parameter passing for argument of type ‘FixedVec<gf2n_long, 2>’ when C++17 is enabled changed to match C++14 in GCC 10.1
  127 |         masked.push_back(T::Mul(a, t) - a_prime);
      |                          ~~~~~~~~~~~~~^~~~~~~~~
./Protocols/MaliciousRepPrep.hpp: In member function ‘void MaliciousRepPrep<T>::buffer_squares() [with T = MaliciousRep3Share<gf2n_long>]’:
./Protocols/MaliciousRepPrep.hpp:174:28: note: parameter passing for argument of type ‘RepShare<gf2n_long, 2>’ when C++17 is enabled changed to match C++14 in GCC 10.1
  174 |         masked.push_back(a * t - f);
      |                          ~~^~~
./Protocols/MaliciousRepPrep.hpp:174:32: note: parameter passing for argument of type ‘FixedVec<gf2n_long, 2>’ when C++17 is enabled changed to match C++14 in GCC 10.1
  174 |         masked.push_back(a * t - f);
      |                          ~~~~~~^~~
In file included from ./GC/RepPrep.hpp:14,
                 from ./Machines/Rep.hpp:20:
./Protocols/ReplicatedPrep.hpp: In function ‘void generate_squares(std::vector<std::array<T, 2> >&, int, U*) [with T = Rep3Share<gf2n_long>; U = Replicated<Rep3Share<gf2n_long> >]’:
./Protocols/ReplicatedPrep.hpp:290:9: note: parameter passing for argument of type ‘Rep3Share<gf2n_long>’ when C++17 is enabled changed to match C++14 in GCC 10.1
  290 |         square[0] = protocol->get_random();
      |         ^~~~~~
./Protocols/ReplicatedPrep.hpp: In member function ‘void BitPrep<T>::buffer_squares() [with T = Rep3Share<gf2n_long>]’:
./Protocols/ReplicatedPrep.hpp:260:29: note: parameter passing for argument of type ‘FixedVec<gf2n_long, 2>’ when C++17 is enabled changed to match C++14 in GCC 10.1
  260 |         a_plus_b[i] = as[i] + b;
      |                       ~~~~~~^~~
./Protocols/ReplicatedPrep.hpp:265:48: note: parameter passing for argument of type ‘RepShare<gf2n_long, 2>’ when C++17 is enabled changed to match C++14 in GCC 10.1
  265 |         this->squares.push_back({{as[i], as[i] * opened[i] - cs[i]}});
      |                                          ~~~~~~^~~~~~~~~
./Protocols/ReplicatedPrep.hpp:265:60: note: parameter passing for argument of type ‘FixedVec<gf2n_long, 2>’ when C++17 is enabled changed to match C++14 in GCC 10.1
  265 |         this->squares.push_back({{as[i], as[i] * opened[i] - cs[i]}});
      |                                          ~~~~~~~~~~~~~~~~~~^~~~~
./Protocols/Replicated.hpp: In member function ‘void ProtocolBase<T>::finalize_mult(T&, int) [with T = Rep3Share<gf2n_long>]’:
./Protocols/Replicated.hpp:167:5: note: parameter passing for argument of type ‘Rep3Share<gf2n_long>’ when C++17 is enabled changed to match C++14 in GCC 10.1
  167 |     res = finalize_mul(n);
      |     ^~~
./Protocols/ReplicatedPrep.hpp: In member function ‘void BufferPrep<T>::buffer_inverses(std::true_type) [with int <anonymous> = 0; T = Rep3Share<gf2n_long>]’:
./Protocols/ReplicatedPrep.hpp:327:63: note: parameter passing for argument of type ‘FixedVec<gf2n_long, 2>’ when C++17 is enabled changed to match C++14 in GCC 10.1
  327 |             inverses.push_back({{triples[i][0], triples[i][1] / c_open[i]}});
      |                                                 ~~~~~~~~~~~~~~^~~~~~~~~
./Protocols/Rep3Share.h: In member function ‘RepShare<T, L> RepShare<T, L>::operator*(const U&) const [with U = gf2n_long; T = gf2n_long; int L = 2]’:
./Protocols/Rep3Share.h:58:14: note: parameter passing for argument of type ‘RepShare<gf2n_long, 2>’ when C++17 is enabled changed to match C++14 in GCC 10.1
   58 |     RepShare operator*(const U& other) const
      |              ^~~~~~~~
./Math/FixedVec.h: In member function ‘FixedVec<T, L> FixedVec<T, L>::operator+(const FixedVec<T, L>&) const [with T = gf2n_long; int L = 2]’:
./Math/FixedVec.h:170:19: note: parameter passing for argument of type ‘FixedVec<gf2n_long, 2>’ when C++17 is enabled changed to match C++14 in GCC 10.1
  170 |     FixedVec<T, L>operator+(const FixedVec<T, L>& other) const
      |                   ^~~~~~~~
./Protocols/ReplicatedPrep.hpp: In member function ‘void BitPrep<T>::buffer_squares() [with T = MaliciousRep3Share<gf2n_long>]’:
./Protocols/ReplicatedPrep.hpp:265:48: note: parameter passing for argument of type ‘RepShare<gf2n_long, 2>’ when C++17 is enabled changed to match C++14 in GCC 10.1
  265 |         this->squares.push_back({{as[i], as[i] * opened[i] - cs[i]}});
      |                                          ~~~~~~^~~~~~~~~
./Protocols/ReplicatedPrep.hpp:265:60: note: parameter passing for argument of type ‘FixedVec<gf2n_long, 2>’ when C++17 is enabled changed to match C++14 in GCC 10.1
  265 |         this->squares.push_back({{as[i], as[i] * opened[i] - cs[i]}});
      |                                          ~~~~~~~~~~~~~~~~~~^~~~~
./Protocols/ReplicatedPrep.hpp: In function ‘void buffer_bits_from_players(std::vector<std::vector<T> >&, PRNG&, SubProcessor<T>&, int, int, int) [with T = Rep3Share<gf2n_long>]’:
./Protocols/ReplicatedPrep.hpp:698:35: note: parameter passing for argument of type ‘Rep3Share<gf2n_long>’ when C++17 is enabled changed to match C++14 in GCC 10.1
  698 |                     input.finalize((base_player + i) % P.num_players(),
      |                     ~~~~~~~~~~~~~~^~~~~~~~~~~~~~~~~~~~~~~~~~~~~~~~~~~~~
  699 |                             n_bits));
      |                             ~~~~~~~
./Protocols/ReplicatedPrep.hpp: In function ‘void XOR(std::vector<T>&, std::vector<T>&, std::vector<T>&, typename T::Protocol&) [with T = Rep3Share<gf2n_long>]’:
./Protocols/ReplicatedPrep.hpp:381:27: note: parameter passing for argument of type ‘FixedVec<gf2n_long, 2>’ when C++17 is enabled changed to match C++14 in GCC 10.1
  381 |             res[i] = x[i] + y[i];
      |                      ~~~~~^~~~
./Protocols/ReplicatedPrep.hpp:391:52: note: parameter passing for argument of type ‘RepShare<gf2n_long, 2>’ when C++17 is enabled changed to match C++14 in GCC 10.1
  391 |         res[i] = x[i] + y[i] - prot.finalize_mul() * two;
      |                                ~~~~~~~~~~~~~~~~~~~~^~~~~
./Protocols/ReplicatedPrep.hpp:391:49: note: parameter passing for argument of type ‘Rep3Share<gf2n_long>’ when C++17 is enabled changed to match C++14 in GCC 10.1
  391 |         res[i] = x[i] + y[i] - prot.finalize_mul() * two;
      |                                ~~~~~~~~~~~~~~~~~^~
./Protocols/ReplicatedPrep.hpp:391:52: note: parameter passing for argument of type ‘RepShare<gf2n_long, 2>’ when C++17 is enabled changed to match C++14 in GCC 10.1
  391 |         res[i] = x[i] + y[i] - prot.finalize_mul() * two;
      |                                ~~~~~~~~~~~~~~~~~~~~^~~~~
./Protocols/ReplicatedPrep.hpp:391:30: note: parameter passing for argument of type ‘FixedVec<gf2n_long, 2>’ when C++17 is enabled changed to match C++14 in GCC 10.1
  391 |         res[i] = x[i] + y[i] - prot.finalize_mul() * two;
      |                  ~~~~~~~~~~~~^~~~~~~~~~~~~~~~~~~~~~~~~~~
In file included from ./Machines/Rep.hpp:15:
./Protocols/Spdz2kPrep.hpp: In member function ‘void MaliciousRingPrep<T>::buffer_bits() [with T = MaliciousRep3Share<gf2n_long>]’:
./Protocols/Spdz2kPrep.hpp:65:10: note: parameter passing for argument of type ‘Rep3Share<gf2n_long>’ when C++17 is enabled changed to match C++14 in GCC 10.1
   65 |     auto one = T::constant(1, protocol.P.my_num(), this->proc->MC.get_alphai());
      |          ^~~
./Protocols/Spdz2kPrep.hpp:69:38: note: parameter passing for argument of type ‘FixedVec<gf2n_long, 2>’ when C++17 is enabled changed to match C++14 in GCC 10.1
   69 |         protocol.prepare_dotprod(one - bit, bit * G.get<typename T::open_type>());
      |                                  ~~~~^~~~~
./Protocols/Spdz2kPrep.hpp:69:49: note: parameter passing for argument of type ‘RepShare<gf2n_long, 2>’ when C++17 is enabled changed to match C++14 in GCC 10.1
   69 |         protocol.prepare_dotprod(one - bit, bit * G.get<typename T::open_type>());
      |                                             ~~~~^~~~~~~~~~~~~~~~~~~~~~~~~~~~~~~~
./Protocols/Spdz2kPrep.hpp:72:28: note: parameter passing for argument of type ‘MaliciousRep3Share<gf2n_long>’ when C++17 is enabled changed to match C++14 in GCC 10.1
   72 |     this->proc->MC.CheckFor(0, {protocol.finalize_dotprod(this->bits.size())},
      |     ~~~~~~~~~~~~~~~~~~~~~~~^~~~~~~~~~~~~~~~~~~~~~~~~~~~~~~~~~~~~~~~~~~~~~~~~~~
   73 |             protocol.P);
      |             ~~~~~~~~~~~     
./Protocols/ReplicatedPrep.hpp: In function ‘void XOR(std::vector<T>&, std::vector<T>&, std::vector<T>&, typename T::Protocol&) [with T = MaliciousRep3Share<gf2n_long>]’:
./Protocols/ReplicatedPrep.hpp:381:27: note: parameter passing for argument of type ‘FixedVec<gf2n_long, 2>’ when C++17 is enabled changed to match C++14 in GCC 10.1
  381 |             res[i] = x[i] + y[i];
      |                      ~~~~~^~~~
./Protocols/ReplicatedPrep.hpp:391:52: note: parameter passing for argument of type ‘RepShare<gf2n_long, 2>’ when C++17 is enabled changed to match C++14 in GCC 10.1
  391 |         res[i] = x[i] + y[i] - prot.finalize_mul() * two;
      |                                ~~~~~~~~~~~~~~~~~~~~^~~~~
./Protocols/ReplicatedPrep.hpp:391:49: note: parameter passing for argument of type ‘MaliciousRep3Share<gf2n_long>’ when C++17 is enabled changed to match C++14 in GCC 10.1
  391 |         res[i] = x[i] + y[i] - prot.finalize_mul() * two;
      |                                ~~~~~~~~~~~~~~~~~^~
./Protocols/ReplicatedPrep.hpp:391:52: note: parameter passing for argument of type ‘RepShare<gf2n_long, 2>’ when C++17 is enabled changed to match C++14 in GCC 10.1
  391 |         res[i] = x[i] + y[i] - prot.finalize_mul() * two;
      |                                ~~~~~~~~~~~~~~~~~~~~^~~~~
./Protocols/ReplicatedPrep.hpp:391:30: note: parameter passing for argument of type ‘FixedVec<gf2n_long, 2>’ when C++17 is enabled changed to match C++14 in GCC 10.1
  391 |         res[i] = x[i] + y[i] - prot.finalize_mul() * two;
      |                  ~~~~~~~~~~~~^~~~~~~~~~~~~~~~~~~~~~~~~~~
./Protocols/Beaver.hpp: In member function ‘T Beaver<T>::finalize_mul(int) [with T = MaliciousRep3Share<gf2n_long>]’:
./Protocols/Beaver.hpp:85:3: note: parameter passing for argument of type ‘MaliciousRep3Share<gf2n_long>’ when C++17 is enabled changed to match C++14 in GCC 10.1
   85 | T Beaver<T>::finalize_mul(int n)
      |   ^~~~~~~~~
./Protocols/Beaver.hpp:94:23: note: parameter passing for argument of type ‘FixedVec<gf2n_long, 2>’ when C++17 is enabled changed to match C++14 in GCC 10.1
   94 |     tmp += (masked[0] * (*triple)[1]);
      |            ~~~~~~~~~~~^~~~~~~~~~~~~~~
./Protocols/Beaver.hpp:95:26: note: parameter passing for argument of type ‘RepShare<gf2n_long, 2>’ when C++17 is enabled changed to match C++14 in GCC 10.1
   95 |     tmp += ((*triple)[0] * masked[1]);
      |            ~~~~~~~~~~~~~~^~~~~~~~~~~~
./Protocols/Beaver.hpp:96:23: note: parameter passing for argument of type ‘Rep3Share<gf2n_long>’ when C++17 is enabled changed to match C++14 in GCC 10.1
   96 |     tmp += T::constant(masked[0] * masked[1], P.my_num(), MC->get_alphai());
      |            ~~~~~~~~~~~^~~~~~~~~~~~~~~~~~~~~~~~~~~~~~~~~~~~~~~~~~~~~~~~~~~~~
./Protocols/Beaver.hpp:98:12: note: parameter passing for argument of type ‘MaliciousRep3Share<gf2n_long>’ when C++17 is enabled changed to match C++14 in GCC 10.1
   98 |     return tmp;
      |            ^~~
./Protocols/Rep3Share.h: In static member function ‘static Rep3Share<T> Rep3Share<T>::constant(T, int, typename super::mac_key_type) [with T = gf2n_long]’:
./Protocols/Rep3Share.h:160:22: note: parameter passing for argument of type ‘Rep3Share<gf2n_long>’ when C++17 is enabled changed to match C++14 in GCC 10.1
  160 |     static Rep3Share constant(T value, int my_num,
      |                      ^~~~~~~~
./Protocols/Replicated.hpp: In member function ‘T ProtocolBase<T>::finalize_dotprod(int) [with T = MaliciousRep3Share<gf2n_long>]’:
./Protocols/Replicated.hpp:171:3: note: parameter passing for argument of type ‘MaliciousRep3Share<gf2n_long>’ when C++17 is enabled changed to match C++14 in GCC 10.1
  171 | T ProtocolBase<T>::finalize_dotprod(int length)
      |   ^~~~~~~~~~~~~~~
./Protocols/edabit.h: In member function ‘edabit<T> edabitvec<T>::next() [with T = Rep3Share<gf2n_long>]’:
./Protocols/edabit.h:80:9: note: parameter passing for argument of type ‘Rep3Share<gf2n_long>’ when C++17 is enabled changed to match C++14 in GCC 10.1
   80 |         res.first = a.pop();
      |         ^~~
./Protocols/Replicated.hpp: In member function ‘void ProtocolBase<T>::finalize_mult(T&, int) [with T = MaliciousRep3Share<gf2n_long>]’:
./Protocols/Replicated.hpp:167:5: note: parameter passing for argument of type ‘MaliciousRep3Share<gf2n_long>’ when C++17 is enabled changed to match C++14 in GCC 10.1
  167 |     res = finalize_mul(n);
      |     ^~~
In file included from ./BMR/RealProgramParty.hpp:13:
./BMR/RealGarbleWire.hpp: In member function ‘void RealGarbleWire<T>::XOR(const RealGarbleWire<T>&, const RealGarbleWire<T>&) [with T = MaliciousRep3Share<gf2n_long>]’:
./BMR/RealGarbleWire.hpp:93:26: note: parameter passing for argument of type ‘FixedVec<gf2n_long, 2>’ when C++17 is enabled changed to match C++14 in GCC 10.1
   93 |         mask = left.mask + right.mask;
      |                ~~~~~~~~~~^~~~~~~~~~~~
./BMR/RealGarbleWire.hpp: In member function ‘void GarbleInputter<T>::exchange() [with T = MaliciousRep3Share<gf2n_long>]’:
./BMR/RealGarbleWire.hpp:165:17: note: parameter passing for argument of type ‘MaliciousRep3Share<gf2n_long>’ when C++17 is enabled changed to match C++14 in GCC 10.1
  165 |                 tuple.first->mask = (inputter.finalize(tuple.second));
      |                 ^~~~~
./BMR/RealGarbleWire.hpp:182:57: note: parameter passing for argument of type ‘FixedVec<gf2n_long, 2>’ when C++17 is enabled changed to match C++14 in GCC 10.1
  181 |                                         T::constant(1, party.P->my_num(), party.mac_key)
      |                                         ~~~~~~~~~~~~~~~~~~~~~~~~~~~~~~~~~~~~~~~~~~~~~~~~
  182 |                                                         - tuple.first->mask);
      |                                                         ^~~~~~~~~~~~~~~~~~~
./BMR/RealGarbleWire.hpp:181:52: note: parameter passing for argument of type ‘Rep3Share<gf2n_long>’ when C++17 is enabled changed to match C++14 in GCC 10.1
  181 |                                         T::constant(1, party.P->my_num(), party.mac_key)
      |                                         ~~~~~~~~~~~^~~~~~~~~~~~~~~~~~~~~~~~~~~~~~~~~~~~~
./BMR/RealGarbleWire.hpp:182:57: note: parameter passing for argument of type ‘FixedVec<gf2n_long, 2>’ when C++17 is enabled changed to match C++14 in GCC 10.1
  181 |                                         T::constant(1, party.P->my_num(), party.mac_key)
      |                                         ~~~~~~~~~~~~~~~~~~~~~~~~~~~~~~~~~~~~~~~~~~~~~~~~
  182 |                                                         - tuple.first->mask);
      |                                                         ^~~~~~~~~~~~~~~~~~~
./BMR/RealGarbleWire.hpp:188:65: note: parameter passing for argument of type ‘MaliciousRep3Share<gf2n_long>’ when C++17 is enabled changed to match C++14 in GCC 10.1
  188 |                         to_check.push_back(protocol.finalize_mul());
      |                                            ~~~~~~~~~~~~~~~~~~~~~^~
./BMR/RealGarbleWire.hpp: In member function ‘void GarbleJob<T>::middle_round(RealProgramParty<T>&, Protocol&) [with T = MaliciousRep3Share<gf2n_long>]’:
./BMR/RealGarbleWire.hpp:62:65: note: parameter passing for argument of type ‘FixedVec<gf2n_long, 2>’ when C++17 is enabled changed to match C++14 in GCC 10.1
   60 |                                                 lambda_uv + lambda_v * alpha + lambda_u * beta
      |                                                 ~~~~~~~~~~~~~~~~~~~~~~~~~~~~~~~~~~~~~~~~~~~~~~
   61 |                                                                 + T::constant(alpha * beta, me, party.MC->get_alphai())
      |                                                                 ~~~~~~~~~~~~~~~~~~~~~~~~~~~~~~~~~~~~~~~~~~~~~~~~~~~~~~~
   62 |                                                                 + lambda_w);
      |                                                                 ^~~~~~~~~~
./BMR/RealGarbleWire.hpp:60:70: note: parameter passing for argument of type ‘RepShare<gf2n_long, 2>’ when C++17 is enabled changed to match C++14 in GCC 10.1
   60 |                                                 lambda_uv + lambda_v * alpha + lambda_u * beta
      |                                                             ~~~~~~~~~^~~~~~~
./BMR/RealGarbleWire.hpp:60:59: note: parameter passing for argument of type ‘FixedVec<gf2n_long, 2>’ when C++17 is enabled changed to match C++14 in GCC 10.1
   60 |                                                 lambda_uv + lambda_v * alpha + lambda_u * beta
      |                                                 ~~~~~~~~~~^~~~~~~~~~~~~~~~~~
./BMR/RealGarbleWire.hpp:60:89: note: parameter passing for argument of type ‘RepShare<gf2n_long, 2>’ when C++17 is enabled changed to match C++14 in GCC 10.1
   60 |                                                 lambda_uv + lambda_v * alpha + lambda_u * beta
      |                                                                                ~~~~~~~~~^~~~~~
./BMR/RealGarbleWire.hpp:60:78: note: parameter passing for argument of type ‘FixedVec<gf2n_long, 2>’ when C++17 is enabled changed to match C++14 in GCC 10.1
   60 |                                                 lambda_uv + lambda_v * alpha + lambda_u * beta
      |                                                 ~~~~~~~~~~~~~~~~~~~~~~~~~~~~~^~~~~~~~~~~~~~~~~
./BMR/RealGarbleWire.hpp:61:78: note: parameter passing for argument of type ‘Rep3Share<gf2n_long>’ when C++17 is enabled changed to match C++14 in GCC 10.1
   61 |                                                                 + T::constant(alpha * beta, me, party.MC->get_alphai())
      |                                                                   ~~~~~~~~~~~^~~~~~~~~~~~~~~~~~~~~~~~~~~~~~~~~~~~~~~~~~
./BMR/RealGarbleWire.hpp:61:65: note: parameter passing for argument of type ‘FixedVec<gf2n_long, 2>’ when C++17 is enabled changed to match C++14 in GCC 10.1
   60 |                                                 lambda_uv + lambda_v * alpha + lambda_u * beta
      |                                                 ~~~~~~~~~~~~~~~~~~~~~~~~~~~~~~~~~~~~~~~~~~~~~~
   61 |                                                                 + T::constant(alpha * beta, me, party.MC->get_alphai())
      |                                                                 ^~~~~~~~~~~~~~~~~~~~~~~~~~~~~~~~~~~~~~~~~~~~~~~~~~~~~~~
In file included from ./BMR/RealProgramParty.hpp:6:
./BMR/RealProgramParty.h: In member function ‘T RealProgramParty<T>::shared_delta(int) [with T = MaliciousRep3Share<gf2n_long>]’:
./BMR/RealProgramParty.h:71:11: note: parameter passing for argument of type ‘MaliciousRep3Share<gf2n_long>’ when C++17 is enabled changed to match C++14 in GCC 10.1
   71 |         T shared_delta(int i) { return deltas[i]; }
      |           ^~~~~~~~~~~~
./Protocols/Rep3Share.h: In member function ‘RepShare<T, L> RepShare<T, L>::operator*(const U&) const [with U = int; T = gf2n_long; int L = 2]’:
./Protocols/Rep3Share.h:58:14: note: parameter passing for argument of type ‘RepShare<gf2n_long, 2>’ when C++17 is enabled changed to match C++14 in GCC 10.1
   58 |     RepShare operator*(const U& other) const
      |              ^~~~~~~~
./BMR/RealGarbleWire.hpp: In member function ‘void GarbleJob<T>::last_round(RealProgramParty<T>&, Inputter&, Protocol&, std::vector<T>&) [with T = MaliciousRep3Share<gf2n_long>]’:
./BMR/RealGarbleWire.hpp:75:54: note: parameter passing for argument of type ‘MaliciousRep3Share<gf2n_long>’ when C++17 is enabled changed to match C++14 in GCC 10.1
   75 |                 base_keys.push_back(inputter.finalize(i));
      |                                     ~~~~~~~~~~~~~~~~~^~~
In file included from ./BMR/RealProgramParty.hpp:15:
./BMR/Register.hpp: In static member function ‘static void EvalRegister::load(std::vector<GC::ReadAccess<U> >&, const GC::Memory<U>&) [with T = GC::Secret<EvalRegister>; U = MaliciousRep3Share<gf2n_long>]’:
./BMR/Register.hpp:189:56: note: parameter passing for argument of type ‘FixedVec<gf2n_long, 2>’ when C++17 is enabled changed to match C++14 in GCC 10.1
  189 |                         mask += spdz_wires.back().mask << i;
      |                                 ~~~~~~~~~~~~~~~~~~~~~~~^~~~
./BMR/Register.hpp: In static member function ‘static void EvalRegister::store(GC::Memory<U>&, const std::vector<GC::WriteAccess<U> >&) [with T = GC::Secret<EvalRegister>; U = MaliciousRep3Share<gf2n_long>]’:
./BMR/Register.hpp:100:59: note: parameter passing for argument of type ‘Rep3Share<gf2n_long>’ when C++17 is enabled changed to match C++14 in GCC 10.1
  100 |                         tmp = spdz_wire.mask + U::constant(ext, (int)party.get_id() - 1, party.get_mac_key());
      |                                                ~~~~~~~~~~~^~~~~~~~~~~~~~~~~~~~~~~~~~~~~~~~~~~~~~~~~~~~~~~~~~~
./BMR/Register.hpp:100:46: note: parameter passing for argument of type ‘FixedVec<gf2n_long, 2>’ when C++17 is enabled changed to match C++14 in GCC 10.1
  100 |                         tmp = spdz_wire.mask + U::constant(ext, (int)party.get_id() - 1, party.get_mac_key());
      |                               ~~~~~~~~~~~~~~~^~~~~~~~~~~~~~~~~~~~~~~~~~~~~~~~~~~~~~~~~~~~~~~~~~~~~~~~~~~~~~~~
./BMR/Register.hpp: In static member function ‘static void EvalRegister::store_clear_in_dynamic(GC::Memory<T>&, const std::vector<GC::ClearWriteAccess>&) [with T = MaliciousRep3Share<gf2n_long>]’:
./BMR/Register.hpp:51:35: note: parameter passing for argument of type ‘Rep3Share<gf2n_long>’ when C++17 is enabled changed to match C++14 in GCC 10.1
   51 |                 dest = T::constant(value.get(), party.get_id() - 1, party.get_mac_key().get());
      |                        ~~~~~~~~~~~^~~~~~~~~~~~~~~~~~~~~~~~~~~~~~~~~~~~~~~~~~~~~~~~~~~~~~~~~~~~
./Processor/Data_Files.h: In member function ‘T Preprocessing<T>::get_random_for_open() [with T = Rep3Share<gf2n_long>]’:
./Processor/Data_Files.h:466:3: note: parameter passing for argument of type ‘Rep3Share<gf2n_long>’ when C++17 is enabled changed to match C++14 in GCC 10.1
  466 | T Preprocessing<T>::get_random_for_open()
      |   ^~~~~~~~~~~~~~~~
./Protocols/Replicated.hpp: In member function ‘T ProtocolBase<T>::get_random() [with T = MaliciousRep3Share<gf2n_long>]’:
./Protocols/Replicated.hpp:182:3: note: parameter passing for argument of type ‘MaliciousRep3Share<gf2n_long>’ when C++17 is enabled changed to match C++14 in GCC 10.1
  182 | T ProtocolBase<T>::get_random()
      |   ^~~~~~~~~~~~~~~
./Protocols/Replicated.hpp: In member function ‘T ProtocolBase<T>::get_random() [with T = Rep3Share<gf2n_long>]’:
./Protocols/Replicated.hpp:182:3: note: parameter passing for argument of type ‘Rep3Share<gf2n_long>’ when C++17 is enabled changed to match C++14 in GCC 10.1
In file included from ./Processor/DummyProtocol.h:17,
                 from ./GC/NoShare.h:9,
                 from ./GC/ShareSecret.h:16,
                 from ./Protocols/Rep3Share.h:13:
./Processor/Input.h: In member function ‘T InputBase<T>::finalize_mine() [with T = MaliciousRep3Share<gf2n_long>]’:
./Processor/Input.h:38:15: note: parameter passing for argument of type ‘MaliciousRep3Share<gf2n_long>’ when C++17 is enabled changed to match C++14 in GCC 10.1
   38 |     virtual T finalize_mine()
      |               ^~~~~~~~~~~~~
./Protocols/Replicated.hpp: In member function ‘T Replicated<T>::get_random() [with T = Rep3Share<gf2n_long>]’:
./Protocols/Replicated.hpp:372:3: note: parameter passing for argument of type ‘Rep3Share<gf2n_long>’ when C++17 is enabled changed to match C++14 in GCC 10.1
  372 | T Replicated<T>::get_random()
      |   ^~~~~~~~~~~~~
Machines/BMR/mal-rep-bmr-party.cpp: In member function ‘T InputBase<T>::finalize(int, int) [with T = MaliciousRep3Share<gf2n_long>]’:
Machines/BMR/mal-rep-bmr-party.cpp:15:1: note: parameter passing for argument of type ‘MaliciousRep3Share<gf2n_long>’ when C++17 is enabled changed to match C++14 in GCC 10.1
   15 | }
      | ^
./BMR/RealGarbleWire.hpp: In member function ‘void GarbleJob<T>::middle_round(RealProgramParty<T>&, Protocol&) [with T = MaliciousRep3Share<gf2n_long>]’:
./BMR/RealGarbleWire.hpp:60:70: note: parameter passing for argument of type ‘RepShare<gf2n_long, 2>’ when C++17 is enabled changed to match C++14 in GCC 10.1
   60 |                                                 lambda_uv + lambda_v * alpha + lambda_u * beta
      |                                                             ~~~~~~~~~^~~~~~~
./BMR/RealGarbleWire.hpp:59:79: note: parameter passing for argument of type ‘MaliciousRep3Share<gf2n_long>’ when C++17 is enabled changed to match C++14 in GCC 10.1
   59 |                                 second_protocol.prepare_mul(party.shared_delta(j),
      |                                                             ~~~~~~~~~~~~~~~~~~^~~
./BMR/RealGarbleWire.hpp:60:89: note: parameter passing for argument of type ‘RepShare<gf2n_long, 2>’ when C++17 is enabled changed to match C++14 in GCC 10.1
   60 |                                                 lambda_uv + lambda_v * alpha + lambda_u * beta
      |                                                                                ~~~~~~~~~^~~~~~
Machines/BMR/mal-rep-bmr-party.cpp: In member function ‘virtual Rep3Share<gf2n_long> Replicated<Rep3Share<gf2n_long> >::_ZThn6040_N10ReplicatedI9Rep3ShareI9gf2n_longEE12finalize_mulEi(int)’:
Machines/BMR/mal-rep-bmr-party.cpp:15:1: note: parameter passing for argument of type ‘Rep3Share<gf2n_long>’ when C++17 is enabled changed to match C++14 in GCC 10.1
   15 | }
      | ^
./Protocols/ReplicatedInput.hpp: In member function ‘T PrepLessInput<T>::finalize_mine() [with T = MaliciousRep3Share<gf2n_long>]’:
./Protocols/ReplicatedInput.hpp:208:3: note: parameter passing for argument of type ‘MaliciousRep3Share<gf2n_long>’ when C++17 is enabled changed to match C++14 in GCC 10.1
  208 | T PrepLessInput<T>::finalize_mine()
      |   ^~~~~~~~~~~~~~~~
./Processor/Data_Files.h: In member function ‘T Preprocessing<T>::get_random_for_open() [with T = Rep3Share<gf2n_long>]’:
./Processor/Data_Files.h:466:3: note: parameter passing for argument of type ‘Rep3Share<gf2n_long>’ when C++17 is enabled changed to match C++14 in GCC 10.1
  466 | T Preprocessing<T>::get_random_for_open()
      |   ^~~~~~~~~~~~~~~~
./Protocols/Replicated.hpp: In member function ‘T ProtocolBase<T>::get_random() [with T = MaliciousRep3Share<gf2n_long>]’:
./Protocols/Replicated.hpp:182:3: note: parameter passing for argument of type ‘MaliciousRep3Share<gf2n_long>’ when C++17 is enabled changed to match C++14 in GCC 10.1
  182 | T ProtocolBase<T>::get_random()
      |   ^~~~~~~~~~~~~~~
./Protocols/Replicated.hpp: In member function ‘T ProtocolBase<T>::get_random() [with T = Rep3Share<gf2n_long>]’:
./Protocols/Replicated.hpp:182:3: note: parameter passing for argument of type ‘Rep3Share<gf2n_long>’ when C++17 is enabled changed to match C++14 in GCC 10.1
./Protocols/ReplicatedPrep.hpp: In member function ‘T BufferPrep<T>::get_random() [with T = MaliciousRep3Share<gf2n_long>]’:
./Protocols/ReplicatedPrep.hpp:1437:3: note: parameter passing for argument of type ‘MaliciousRep3Share<gf2n_long>’ when C++17 is enabled changed to match C++14 in GCC 10.1
 1437 | T BufferPrep<T>::get_random()
      |   ^~~~~~~~~~~~~
In file included from ./Processor/DummyProtocol.h:17,
                 from ./GC/NoShare.h:9,
                 from ./GC/ShareSecret.h:16,
                 from ./Protocols/Rep3Share.h:13:
./Processor/Input.h: In member function ‘T InputBase<T>::finalize_mine() [with T = MaliciousRep3Share<gf2n_long>]’:
./Processor/Input.h:38:15: note: parameter passing for argument of type ‘MaliciousRep3Share<gf2n_long>’ when C++17 is enabled changed to match C++14 in GCC 10.1
   38 |     virtual T finalize_mine()
      |               ^~~~~~~~~~~~~
./Protocols/Replicated.hpp: In member function ‘T Replicated<T>::get_random() [with T = Rep3Share<gf2n_long>]’:
./Protocols/Replicated.hpp:372:3: note: parameter passing for argument of type ‘Rep3Share<gf2n_long>’ when C++17 is enabled changed to match C++14 in GCC 10.1
  372 | T Replicated<T>::get_random()
      |   ^~~~~~~~~~~~~
./Processor/Input.hpp: In member function ‘T InputBase<T>::finalize(int, int) [with T = Rep3Share<gf2n_long>]’:
./Processor/Input.hpp:216:3: note: parameter passing for argument of type ‘Rep3Share<gf2n_long>’ when C++17 is enabled changed to match C++14 in GCC 10.1
  216 | T InputBase<T>::finalize(int player, int n_bits)
      |   ^~~~~~~~~~~~
./Protocols/ReplicatedPrep.hpp: In member function ‘T BufferPrep<T>::get_random() [with T = MaliciousRep3Share<gf2n_long>]’:
./Protocols/ReplicatedPrep.hpp:1437:3: note: parameter passing for argument of type ‘MaliciousRep3Share<gf2n_long>’ when C++17 is enabled changed to match C++14 in GCC 10.1
 1437 | T BufferPrep<T>::get_random()
      |   ^~~~~~~~~~~~~
./Processor/Input.hpp: In member function ‘T InputBase<T>::finalize(int, int) [with T = Rep3Share<gf2n_long>]’:
./Processor/Input.hpp:216:3: note: parameter passing for argument of type ‘Rep3Share<gf2n_long>’ when C++17 is enabled changed to match C++14 in GCC 10.1
  216 | T InputBase<T>::finalize(int player, int n_bits)
      |   ^~~~~~~~~~~~
./Processor/Input.hpp: In function ‘T InputBase<T>::finalize(int, int) [with T = MaliciousRep3Share<gf2n_long>]’:
./Processor/Input.hpp:216:3: note: parameter passing for argument of type ‘MaliciousRep3Share<gf2n_long>’ when C++17 is enabled changed to match C++14 in GCC 10.1
./Protocols/Replicated.hpp: In member function ‘virtual Rep3Share<gf2n_long> Replicated<Rep3Share<gf2n_long> >::_ZThn6040_N10ReplicatedI9Rep3ShareI9gf2n_longEE10get_randomEv()’:
./Protocols/Replicated.hpp:372:3: note: parameter passing for argument of type ‘Rep3Share<gf2n_long>’ when C++17 is enabled changed to match C++14 in GCC 10.1
  372 | T Replicated<T>::get_random()
      |   ^~~~~~~~~~~~~
./Processor/Input.hpp: In member function ‘T InputBase<T>::finalize(int, int) [with T = MaliciousRep3Share<gf2n_long>]’:
./Processor/Input.hpp:216:3: note: parameter passing for argument of type ‘MaliciousRep3Share<gf2n_long>’ when C++17 is enabled changed to match C++14 in GCC 10.1
./Processor/Input.hpp: In function ‘T InputBase<T>::finalize(int, int) [with T = MaliciousRep3Share<gf2n_long>]’:
./Processor/Input.hpp:216:3: note: parameter passing for argument of type ‘MaliciousRep3Share<gf2n_long>’ when C++17 is enabled changed to match C++14 in GCC 10.1
  216 | T InputBase<T>::finalize(int player, int n_bits)
      |   ^~~~~~~~~~~~
./Math/FixedVec.h: In member function ‘FixedVec<T, L> FixedVec<T, L>::operator+(const FixedVec<T, L>&) const [with T = gf2n_long; int L = 2]’:
./Math/FixedVec.h:170:19: note: parameter passing for argument of type ‘FixedVec<gf2n_long, 2>’ when C++17 is enabled changed to match C++14 in GCC 10.1
  170 |     FixedVec<T, L>operator+(const FixedVec<T, L>& other) const
      |                   ^~~~~~~~
./Protocols/Rep3Share.h: In member function ‘RepShare<T, L> RepShare<T, L>::operator*(const U&) const [with U = gf2n_long; T = gf2n_long; int L = 2]’:
./Protocols/Rep3Share.h:58:14: note: parameter passing for argument of type ‘RepShare<gf2n_long, 2>’ when C++17 is enabled changed to match C++14 in GCC 10.1
   58 |     RepShare operator*(const U& other) const
      |              ^~~~~~~~
./Protocols/ReplicatedPrep.hpp: In member function ‘T BufferPrep<T>::get_random() [with T = Rep3Share<gf2n_long>]’:
./Protocols/ReplicatedPrep.hpp:1437:3: note: parameter passing for argument of type ‘Rep3Share<gf2n_long>’ when C++17 is enabled changed to match C++14 in GCC 10.1
 1437 | T BufferPrep<T>::get_random()
      |   ^~~~~~~~~~~~~
./Math/FixedVec.h: In member function ‘FixedVec<T, L> FixedVec<T, L>::operator+(const FixedVec<T, L>&) const [with T = gf2n_long; int L = 2]’:
./Math/FixedVec.h:170:19: note: parameter passing for argument of type ‘FixedVec<gf2n_long, 2>’ when C++17 is enabled changed to match C++14 in GCC 10.1
  170 |     FixedVec<T, L>operator+(const FixedVec<T, L>& other) const
      |                   ^~~~~~~~
./Processor/Input.hpp: In static member function ‘static void InputBase<T>::input(SubProcessor<T>&, const ArgVector&, int) [with U = IntInput<gf2n_long>; T = Rep3Share<gf2n_long>]’:
./Processor/Input.hpp:267:6: note: parameter passing for argument of type ‘Rep3Share<gf2n_long>’ when C++17 is enabled changed to match C++14 in GCC 10.1
  267 | void InputBase<T>::input(SubProcessor<T>& Proc,
      |      ^~~~~~~~~~~~
./Protocols/Beaver.hpp: In member function ‘T Beaver<T>::finalize_mul(int) [with T = MaliciousRep3Share<gf2n_long>]’:
./Protocols/Beaver.hpp:95:26: note: parameter passing for argument of type ‘RepShare<gf2n_long, 2>’ when C++17 is enabled changed to match C++14 in GCC 10.1
   95 |     tmp += ((*triple)[0] * masked[1]);
      |            ~~~~~~~~~~~~~~^~~~~~~~~~~~
./Protocols/Beaver.hpp:96:23: note: parameter passing for argument of type ‘Rep3Share<gf2n_long>’ when C++17 is enabled changed to match C++14 in GCC 10.1
   96 |     tmp += T::constant(masked[0] * masked[1], P.my_num(), MC->get_alphai());
      |            ~~~~~~~~~~~^~~~~~~~~~~~~~~~~~~~~~~~~~~~~~~~~~~~~~~~~~~~~~~~~~~~~
./Protocols/Beaver.hpp:85:3: note: parameter passing for argument of type ‘FixedVec<gf2n_long, 2>’ when C++17 is enabled changed to match C++14 in GCC 10.1
   85 | T Beaver<T>::finalize_mul(int n)
      |   ^~~~~~~~~
./Protocols/Beaver.hpp:85:3: note: parameter passing for argument of type ‘MaliciousRep3Share<gf2n_long>’ when C++17 is enabled changed to match C++14 in GCC 10.1
./Protocols/Beaver.hpp:85:3: note: parameter passing for argument of type ‘FixedVec<gf2n_long, 2>’ when C++17 is enabled changed to match C++14 in GCC 10.1
./Protocols/Beaver.hpp:85:3: note: parameter passing for argument of type ‘MaliciousRep3Share<gf2n_long>’ when C++17 is enabled changed to match C++14 in GCC 10.1
./Protocols/Beaver.hpp:94:23: note: parameter passing for argument of type ‘FixedVec<gf2n_long, 2>’ when C++17 is enabled changed to match C++14 in GCC 10.1
   94 |     tmp += (masked[0] * (*triple)[1]);
      |            ~~~~~~~~~~~^~~~~~~~~~~~~~~
./BMR/Register.hpp: In static member function ‘static void EvalRegister::store(GC::Memory<U>&, const std::vector<GC::WriteAccess<U> >&) [with T = GC::Secret<EvalRegister>; U = MaliciousRep3Share<gf2n_long>]’:
./BMR/Register.hpp:100:59: note: parameter passing for argument of type ‘Rep3Share<gf2n_long>’ when C++17 is enabled changed to match C++14 in GCC 10.1
  100 |                         tmp = spdz_wire.mask + U::constant(ext, (int)party.get_id() - 1, party.get_mac_key());
      |                                                ~~~~~~~~~~~^~~~~~~~~~~~~~~~~~~~~~~~~~~~~~~~~~~~~~~~~~~~~~~~~~~
In member function ‘FixedVec<T, L>& FixedVec<T, L>::operator<<=(int) [with T = gf2n_long; int L = 2]’,
    inlined from ‘static void EvalRegister::store(GC::Memory<U>&, const std::vector<GC::WriteAccess<U> >&) [with T = GC::Secret<EvalRegister>; U = MaliciousRep3Share<gf2n_long>]’ at ./BMR/Register.hpp:102:8:
./Math/FixedVec.h:288:23: note: parameter passing for argument of type ‘FixedVec<gf2n_long, 2>’ when C++17 is enabled changed to match C++14 in GCC 10.1
  288 |         *this = *this << i;
      |                 ~~~~~~^~~~
./BMR/RealGarbleWire.hpp: In member function ‘void GarbleInputter<T>::exchange() [with T = MaliciousRep3Share<gf2n_long>]’:
./BMR/RealGarbleWire.hpp:136:6: note: parameter passing for argument of type ‘MaliciousRep3Share<gf2n_long>’ when C++17 is enabled changed to match C++14 in GCC 10.1
  136 | void GarbleInputter<T>::exchange()
      |      ^~~~~~~~~~~~~~~~~
In function ‘RepShare<T, L> RepShare<T, L>::operator*=(const U&) [with U = int; T = gf2n_long; int L = 2]’:
cc1plus: note: parameter passing for argument of type ‘RepShare<gf2n_long, 2>’ when C++17 is enabled changed to match C++14 in GCC 10.1
In member function ‘void GarbleJob<T>::middle_round(RealProgramParty<T>&, Protocol&) [with T = MaliciousRep3Share<gf2n_long>]’,
    inlined from ‘void RealProgramParty<T>::garble() [with T = MaliciousRep3Share<gf2n_long>]’ at ./BMR/RealProgramParty.hpp:243:20:
./BMR/RealGarbleWire.hpp:60:59: note: parameter passing for argument of type ‘FixedVec<gf2n_long, 2>’ when C++17 is enabled changed to match C++14 in GCC 10.1
   60 |                                                 lambda_uv + lambda_v * alpha + lambda_u * beta
      |                                                 ~~~~~~~~~~^~~~~~~~~~~~~~~~~~
./BMR/RealGarbleWire.hpp:61:78: note: parameter passing for argument of type ‘Rep3Share<gf2n_long>’ when C++17 is enabled changed to match C++14 in GCC 10.1
   61 |                                                                 + T::constant(alpha * beta, me, party.MC->get_alphai())
      |                                                                   ~~~~~~~~~~~^~~~~~~~~~~~~~~~~~~~~~~~~~~~~~~~~~~~~~~~~~
./BMR/RealGarbleWire.hpp:60:78: note: parameter passing for argument of type ‘FixedVec<gf2n_long, 2>’ when C++17 is enabled changed to match C++14 in GCC 10.1
   60 |                                                 lambda_uv + lambda_v * alpha + lambda_u * beta
      |                                                 ~~~~~~~~~~~~~~~~~~~~~~~~~~~~~^~~~~~~~~~~~~~~~~
./BMR/RealProgramParty.hpp: In member function ‘void RealProgramParty<T>::garble() [with T = MaliciousRep3Share<gf2n_long>]’:
./BMR/RealProgramParty.hpp:219:6: note: parameter passing for argument of type ‘MaliciousRep3Share<gf2n_long>’ when C++17 is enabled changed to match C++14 in GCC 10.1
  219 | void RealProgramParty<T>::garble()
      |      ^~~~~~~~~~~~~~~~~~~
./Protocols/ReplicatedPrep.hpp: In member function ‘void BitPrep<T>::buffer_squares() [with T = MaliciousRep3Share<gf2n_long>]’:
./Protocols/ReplicatedPrep.hpp:265:48: note: parameter passing for argument of type ‘RepShare<gf2n_long, 2>’ when C++17 is enabled changed to match C++14 in GCC 10.1
  265 |         this->squares.push_back({{as[i], as[i] * opened[i] - cs[i]}});
      |                                          ~~~~~~^~~~~~~~~
./Protocols/ReplicatedPrep.hpp:247:6: note: parameter passing for argument of type ‘FixedVec<gf2n_long, 2>’ when C++17 is enabled changed to match C++14 in GCC 10.1
  247 | void BitPrep<T>::buffer_squares()
      |      ^~~~~~~~~~
./Protocols/ReplicatedPrep.hpp: In member function ‘void BufferPrep<T>::buffer_inputs_as_usual(int, SubProcessor<T>*) [with T = MaliciousRep3Share<gf2n_long>]’:
./Protocols/ReplicatedPrep.hpp:1384:6: note: parameter passing for argument of type ‘MaliciousRep3Share<gf2n_long>’ when C++17 is enabled changed to match C++14 in GCC 10.1
 1384 | void BufferPrep<T>::buffer_inputs_as_usual(int player, SubProcessor<T>* proc)
      |      ^~~~~~~~~~~~~
./Protocols/ReplicatedPrep.hpp: In member function ‘void BitPrep<T>::buffer_squares() [with T = Rep3Share<gf2n_long>]’:
./Protocols/ReplicatedPrep.hpp:265:48: note: parameter passing for argument of type ‘RepShare<gf2n_long, 2>’ when C++17 is enabled changed to match C++14 in GCC 10.1
  265 |         this->squares.push_back({{as[i], as[i] * opened[i] - cs[i]}});
      |                                          ~~~~~~^~~~~~~~~
./Protocols/ReplicatedPrep.hpp:247:6: note: parameter passing for argument of type ‘FixedVec<gf2n_long, 2>’ when C++17 is enabled changed to match C++14 in GCC 10.1
  247 | void BitPrep<T>::buffer_squares()
      |      ^~~~~~~~~~
./Protocols/ReplicatedPrep.hpp: In function ‘void generate_squares(std::vector<std::array<T, 2> >&, int, U*) [with T = Rep3Share<gf2n_long>; U = Replicated<Rep3Share<gf2n_long> >]’:
./Protocols/ReplicatedPrep.hpp:276:6: note: parameter passing for argument of type ‘Rep3Share<gf2n_long>’ when C++17 is enabled changed to match C++14 in GCC 10.1
  276 | void generate_squares(vector<array<T, 2>>& squares, int n_squares,
      |      ^~~~~~~~~~~~~~~~
./Protocols/MaliciousRepPrep.hpp: In function ‘void sacrifice(const std::vector<std::array<T, 5> >&, Player&) [with T = MaliciousRep3Share<gf2n_long>; U = gf2n_long]’:
./Protocols/MaliciousRepPrep.hpp:127:32: note: parameter passing for argument of type ‘FixedVec<gf2n_long, 2>’ when C++17 is enabled changed to match C++14 in GCC 10.1
  127 |         masked.push_back(T::Mul(a, t) - a_prime);
      |                          ~~~~~~^~~~~~
./Protocols/MaliciousRepPrep.hpp: In member function ‘void MaliciousRepPrep<T>::buffer_squares() [with T = MaliciousRep3Share<gf2n_long>]’:
./Protocols/MaliciousRepPrep.hpp:174:28: note: parameter passing for argument of type ‘RepShare<gf2n_long, 2>’ when C++17 is enabled changed to match C++14 in GCC 10.1
  174 |         masked.push_back(a * t - f);
      |                          ~~^~~
./Protocols/MaliciousRepPrep.hpp:185:52: note: parameter passing for argument of type ‘FixedVec<gf2n_long, 2>’ when C++17 is enabled changed to match C++14 in GCC 10.1
  185 |         checks.push_back(t2 * b - h - rho * (t * a + f));
      |                                             ~~~~~~~^~~~
./Protocols/MaliciousRepPrep.hpp: In member function ‘void MaliciousRepPrep<T>::buffer_squares() [with T = MaliciousRep3Share<gf2n_long>]’:
./Protocols/MaliciousRepPrep.hpp:174:28: note: parameter passing for argument of type ‘RepShare<gf2n_long, 2>’ when C++17 is enabled changed to match C++14 in GCC 10.1
  174 |         masked.push_back(a * t - f);
      |                          ~~^~~
./Protocols/MaliciousRepPrep.hpp:185:52: note: parameter passing for argument of type ‘FixedVec<gf2n_long, 2>’ when C++17 is enabled changed to match C++14 in GCC 10.1
  185 |         checks.push_back(t2 * b - h - rho * (t * a + f));
      |                                             ~~~~~~~^~~~
./Protocols/ReplicatedPrep.hpp: In member function ‘void BitPrep<T>::buffer_ring_bits_without_check(std::vector<T>&, PRNG&, int) [with T = MaliciousRep3Share<gf2n_long>]’:
./Protocols/ReplicatedPrep.hpp:706:6: note: parameter passing for argument of type ‘MaliciousRep3Share<gf2n_long>’ when C++17 is enabled changed to match C++14 in GCC 10.1
  706 | void BitPrep<T>::buffer_ring_bits_without_check(vector<T>& bits, PRNG& G,
      |      ^~~~~~~~~~
./Protocols/ReplicatedPrep.hpp:706:6: note: parameter passing for argument of type ‘FixedVec<gf2n_long, 2>’ when C++17 is enabled changed to match C++14 in GCC 10.1
In function ‘void buffer_bits_from_players(std::vector<std::vector<T> >&, PRNG&, SubProcessor<T>&, int, int, int) [with T = MaliciousRep3Share<gf2n_long>]’,
    inlined from ‘void BitPrep<T>::buffer_ring_bits_without_check(std::vector<T>&, PRNG&, int) [with T = MaliciousRep3Share<gf2n_long>]’ at ./Protocols/ReplicatedPrep.hpp:719:29:
./Protocols/ReplicatedPrep.hpp:698:35: note: parameter passing for argument of type ‘MaliciousRep3Share<gf2n_long>’ when C++17 is enabled changed to match C++14 in GCC 10.1
  698 |                     input.finalize((base_player + i) % P.num_players(),
      |                     ~~~~~~~~~~~~~~^~~~~~~~~~~~~~~~~~~~~~~~~~~~~~~~~~~~~
  699 |                             n_bits));
      |                             ~~~~~~~
In function ‘void XOR(std::vector<T>&, std::vector<T>&, std::vector<T>&, typename T::Protocol&) [with T = MaliciousRep3Share<gf2n_long>]’,
    inlined from ‘void BitPrep<T>::buffer_ring_bits_without_check(std::vector<T>&, PRNG&, int) [with T = MaliciousRep3Share<gf2n_long>]’ at ./Protocols/ReplicatedPrep.hpp:723:8:
./Protocols/ReplicatedPrep.hpp:381:27: note: parameter passing for argument of type ‘FixedVec<gf2n_long, 2>’ when C++17 is enabled changed to match C++14 in GCC 10.1
  381 |             res[i] = x[i] + y[i];
      |                      ~~~~~^~~~
./Protocols/Spdz2kPrep.hpp: In member function ‘void MaliciousRingPrep<T>::buffer_bits() [with T = MaliciousRep3Share<gf2n_long>]’:
./Protocols/Spdz2kPrep.hpp:65:27: note: parameter passing for argument of type ‘Rep3Share<gf2n_long>’ when C++17 is enabled changed to match C++14 in GCC 10.1
   65 |     auto one = T::constant(1, protocol.P.my_num(), this->proc->MC.get_alphai());
      |                ~~~~~~~~~~~^~~~~~~~~~~~~~~~~~~~~~~~~~~~~~~~~~~~~~~~~~~~~~~~~~~~~
./Protocols/Spdz2kPrep.hpp:72:58: note: parameter passing for argument of type ‘MaliciousRep3Share<gf2n_long>’ when C++17 is enabled changed to match C++14 in GCC 10.1
   72 |     this->proc->MC.CheckFor(0, {protocol.finalize_dotprod(this->bits.size())},
      |                                 ~~~~~~~~~~~~~~~~~~~~~~~~~^~~~~~~~~~~~~~~~~~~
./Protocols/Spdz2kPrep.hpp:57:6: note: parameter passing for argument of type ‘FixedVec<gf2n_long, 2>’ when C++17 is enabled changed to match C++14 in GCC 10.1
   57 | void MaliciousRingPrep<T>::buffer_bits()
      |      ^~~~~~~~~~~~~~~~~~~~
./Protocols/Spdz2kPrep.hpp:57:6: note: parameter passing for argument of type ‘MaliciousRep3Share<gf2n_long>’ when C++17 is enabled changed to match C++14 in GCC 10.1
./Protocols/Spdz2kPrep.hpp:57:6: note: parameter passing for argument of type ‘FixedVec<gf2n_long, 2>’ when C++17 is enabled changed to match C++14 in GCC 10.1
./Protocols/Spdz2kPrep.hpp:57:6: note: parameter passing for argument of type ‘MaliciousRep3Share<gf2n_long>’ when C++17 is enabled changed to match C++14 in GCC 10.1
./Protocols/Spdz2kPrep.hpp:69:38: note: parameter passing for argument of type ‘FixedVec<gf2n_long, 2>’ when C++17 is enabled changed to match C++14 in GCC 10.1
   69 |         protocol.prepare_dotprod(one - bit, bit * G.get<typename T::open_type>());
      |                                  ~~~~^~~~~
In member function ‘T ProtocolBase<T>::finalize_dotprod(int) [with T = MaliciousRep3Share<gf2n_long>]’,
    inlined from ‘void MaliciousRingPrep<T>::buffer_bits() [with T = MaliciousRep3Share<gf2n_long>]’ at ./Protocols/Spdz2kPrep.hpp:72:58:
./Protocols/Replicated.hpp:177:28: note: parameter passing for argument of type ‘MaliciousRep3Share<gf2n_long>’ when C++17 is enabled changed to match C++14 in GCC 10.1
  177 |         res += finalize_mul();
      |                ~~~~~~~~~~~~^~
./Protocols/ReplicatedPrep.hpp: In function ‘void generate_triples_initialized(std::vector<std::array<T, 3> >&, int, U*, int) [with T = Rep3Share<gf2n_long>; U = Replicated<Rep3Share<gf2n_long> >]’:
./Protocols/ReplicatedPrep.hpp:207:6: note: parameter passing for argument of type ‘Rep3Share<gf2n_long>’ when C++17 is enabled changed to match C++14 in GCC 10.1
  207 | void generate_triples_initialized(vector<array<T, 3>>& triples, int n_triples,
      |      ^~~~~~~~~~~~~~~~~~~~~~~~~~~~
./Protocols/MaliciousRepPrep.hpp: In member function ‘void MaliciousBitOnlyRepPrep<T>::buffer_bits() [with T = MaliciousRep3Share<gf2n_long>]’:
./Protocols/MaliciousRepPrep.hpp:191:6: note: parameter passing for argument of type ‘FixedVec<gf2n_long, 2>’ when C++17 is enabled changed to match C++14 in GCC 10.1
  191 | void MaliciousBitOnlyRepPrep<T>::buffer_bits()
      |      ^~~~~~~~~~~~~~~~~~~~~~~~~~
In member function ‘edabit<T> edabitvec<T>::next() [with T = MaliciousRep3Share<gf2n_long>]’,
    inlined from ‘void BufferPrep<T>::get_edabit_no_count(bool, int, edabit<T>&) [with T = MaliciousRep3Share<gf2n_long>]’ at ./Protocols/ReplicatedPrep.hpp:1302:23:
./Protocols/edabit.h:80:26: note: parameter passing for argument of type ‘MaliciousRep3Share<gf2n_long>’ when C++17 is enabled changed to match C++14 in GCC 10.1
   80 |         res.first = a.pop();
      |                     ~~~~~^~
./Math/FixedVec.h: In member function ‘FixedVec<T, L> FixedVec<T, L>::operator+(const FixedVec<T, L>&) const [with T = gf2n_long; int L = 2]’:
./Math/FixedVec.h:170:19: note: parameter passing for argument of type ‘FixedVec<gf2n_long, 2>’ when C++17 is enabled changed to match C++14 in GCC 10.1
  170 |     FixedVec<T, L>operator+(const FixedVec<T, L>& other) const
      |                   ^~~~~~~~
./Protocols/Rep3Share.h: In member function ‘RepShare<T, L> RepShare<T, L>::operator*(const U&) const [with U = gf2n_long; T = gf2n_long; int L = 2]’:
./Protocols/Rep3Share.h:58:14: note: parameter passing for argument of type ‘RepShare<gf2n_long, 2>’ when C++17 is enabled changed to match C++14 in GCC 10.1
   58 |     RepShare operator*(const U& other) const
      |              ^~~~~~~~
In member function ‘edabit<T> edabitvec<T>::next() [with T = Rep3Share<gf2n_long>]’,
    inlined from ‘void BufferPrep<T>::get_edabit_no_count(bool, int, edabit<T>&) [with T = Rep3Share<gf2n_long>]’ at ./Protocols/ReplicatedPrep.hpp:1302:23:
./Protocols/edabit.h:80:26: note: parameter passing for argument of type ‘Rep3Share<gf2n_long>’ when C++17 is enabled changed to match C++14 in GCC 10.1
   80 |         res.first = a.pop();
      |                     ~~~~~^~
./Processor/Input.hpp: In static member function ‘static void InputBase<T>::input(SubProcessor<T>&, const ArgVector&, int) [with U = IntInput<gf2n_long>; T = MaliciousRep3Share<gf2n_long>]’:
./Processor/Input.hpp:267:6: note: parameter passing for argument of type ‘MaliciousRep3Share<gf2n_long>’ when C++17 is enabled changed to match C++14 in GCC 10.1
  267 | void InputBase<T>::input(SubProcessor<T>& Proc,
      |      ^~~~~~~~~~~~
g++ -o mal-rep-bmr-party.x -DNO_AVX_OT -I./local/include -march=armv8.2-a+crypto  -g -Wextra -Wall -O3 -I. -I./deps -pthread    -DUSE_GF2N_LONG '-DPREP_DIR="Player-Data/"' '-DSSL_DIR="Player-Data/"'  -std=c++20 -Wno-overloaded-virtual  -fPIC Machines/BMR/mal-rep-bmr-party.o BMR/AndJob.o BMR/CommonParty.o BMR/GarbledGate.o BMR/Key.o BMR/Party.o BMR/Register.o BMR/TrustedParty.o BMR/msg_types.o BMR/proto_utils.o BMR/network/Client.o BMR/network/Node.o BMR/network/Server.o BMR/network/utils.o libSPDZ.so -lboost_thread  -lgmpxx -lgmp -lsodium   -Wl,-rpath -Wl,/home/ubuntu/MP-SPDZ/local/lib -L/home/ubuntu/MP-SPDZ/local/lib -lssl -lcrypto -lboost_filesystem -lboost_iostreams -lrt -z noexecstack -Wl,-rpath -Wl,/home/ubuntu/MP-SPDZ
./Processor/Instruction.hpp: In member function ‘void Program::execute_with_errors(Processor<sint, sgf2n>&) const [with sint = Rep3Share<gfp_<0, 1> >; sgf2n = Rep3Share<gf2n_long>]’:
./Processor/Instruction.hpp:1513:6: note: parameter passing for argument of type ‘FixedVec<gf2n_long, 2>’ when C++17 is enabled changed to match C++14 in GCC 10.1
 1513 | void Program::execute_with_errors(Processor<sint, sgf2n>& Proc) const
      |      ^~~~~~~
./Processor/Instruction.hpp:1513:6: note: parameter passing for argument of type ‘Rep3Share<gf2n_long>’ when C++17 is enabled changed to match C++14 in GCC 10.1
./Processor/Instruction.hpp:1513:6: note: parameter passing for argument of type ‘FixedVec<gf2n_long, 2>’ when C++17 is enabled changed to match C++14 in GCC 10.1
./Processor/Instruction.hpp:1513:6: note: parameter passing for argument of type ‘Rep3Share<gf2n_long>’ when C++17 is enabled changed to match C++14 in GCC 10.1
./Processor/Instruction.hpp:1513:6: note: parameter passing for argument of type ‘FixedVec<gf2n_long, 2>’ when C++17 is enabled changed to match C++14 in GCC 10.1
./Processor/Instruction.hpp:1513:6: note: parameter passing for argument of type ‘Rep3Share<gf2n_long>’ when C++17 is enabled changed to match C++14 in GCC 10.1
./Processor/Instruction.hpp:1513:6: note: parameter passing for argument of type ‘FixedVec<gf2n_long, 2>’ when C++17 is enabled changed to match C++14 in GCC 10.1
./Processor/Instruction.hpp:1513:6: note: parameter passing for argument of type ‘Rep3Share<gf2n_long>’ when C++17 is enabled changed to match C++14 in GCC 10.1
./Processor/Instruction.hpp:1513:6: note: parameter passing for argument of type ‘FixedVec<gf2n_long, 2>’ when C++17 is enabled changed to match C++14 in GCC 10.1
./Processor/Instruction.hpp:1513:6: note: parameter passing for argument of type ‘Rep3Share<gf2n_long>’ when C++17 is enabled changed to match C++14 in GCC 10.1
./Processor/Instruction.hpp:1513:6: note: parameter passing for argument of type ‘FixedVec<gf2n_long, 2>’ when C++17 is enabled changed to match C++14 in GCC 10.1
./Processor/Instruction.hpp:1513:6: note: parameter passing for argument of type ‘Rep3Share<gf2n_long>’ when C++17 is enabled changed to match C++14 in GCC 10.1
./Processor/Instruction.hpp:1513:6: note: parameter passing for argument of type ‘FixedVec<gf2n_long, 2>’ when C++17 is enabled changed to match C++14 in GCC 10.1
./Processor/Instruction.hpp:1513:6: note: parameter passing for argument of type ‘RepShare<gf2n_long, 2>’ when C++17 is enabled changed to match C++14 in GCC 10.1
./Processor/Instruction.hpp:1513:6: note: parameter passing for argument of type ‘Rep3Share<gf2n_long>’ when C++17 is enabled changed to match C++14 in GCC 10.1
./Processor/Instruction.hpp:1513:6: note: parameter passing for argument of type ‘FixedVec<gf2n_long, 2>’ when C++17 is enabled changed to match C++14 in GCC 10.1
./Processor/Instruction.hpp:1513:6: note: parameter passing for argument of type ‘Rep3Share<gf2n_long>’ when C++17 is enabled changed to match C++14 in GCC 10.1
./Processor/Instruction.hpp:1513:6: note: parameter passing for argument of type ‘FixedVec<gf2n_long, 2>’ when C++17 is enabled changed to match C++14 in GCC 10.1
./Processor/Instruction.hpp:1513:6: note: parameter passing for argument of type ‘Rep3Share<gf2n_long>’ when C++17 is enabled changed to match C++14 in GCC 10.1
./Processor/Instruction.hpp:1513:6: note: parameter passing for argument of type ‘FixedVec<gf2n_long, 2>’ when C++17 is enabled changed to match C++14 in GCC 10.1
./Processor/Instruction.hpp:1513:6: note: parameter passing for argument of type ‘Rep3Share<gf2n_long>’ when C++17 is enabled changed to match C++14 in GCC 10.1
./Processor/Instruction.hpp:1513:6: note: parameter passing for argument of type ‘FixedVec<gf2n_long, 2>’ when C++17 is enabled changed to match C++14 in GCC 10.1
./Processor/Instruction.hpp:1513:6: note: parameter passing for argument of type ‘Rep3Share<gf2n_long>’ when C++17 is enabled changed to match C++14 in GCC 10.1
./Processor/Instruction.hpp:1513:6: note: parameter passing for argument of type ‘FixedVec<gf2n_long, 2>’ when C++17 is enabled changed to match C++14 in GCC 10.1
./Processor/Instruction.hpp:1513:6: note: parameter passing for argument of type ‘Rep3Share<gf2n_long>’ when C++17 is enabled changed to match C++14 in GCC 10.1
./Processor/Instruction.hpp:1513:6: note: parameter passing for argument of type ‘FixedVec<gf2n_long, 2>’ when C++17 is enabled changed to match C++14 in GCC 10.1
./Processor/Instruction.hpp:1513:6: note: parameter passing for argument of type ‘Rep3Share<gf2n_long>’ when C++17 is enabled changed to match C++14 in GCC 10.1
./Processor/Instruction.hpp:1513:6: note: parameter passing for argument of type ‘FixedVec<gf2n_long, 2>’ when C++17 is enabled changed to match C++14 in GCC 10.1
./Processor/Instruction.hpp:1513:6: note: parameter passing for argument of type ‘Rep3Share<gf2n_long>’ when C++17 is enabled changed to match C++14 in GCC 10.1
./Processor/Instruction.hpp:1513:6: note: parameter passing for argument of type ‘FixedVec<gf2n_long, 2>’ when C++17 is enabled changed to match C++14 in GCC 10.1
./Processor/Instruction.hpp:1513:6: note: parameter passing for argument of type ‘Rep3Share<gf2n_long>’ when C++17 is enabled changed to match C++14 in GCC 10.1
./Processor/Instruction.hpp:1513:6: note: parameter passing for argument of type ‘FixedVec<gf2n_long, 2>’ when C++17 is enabled changed to match C++14 in GCC 10.1
./Processor/Instruction.hpp:1513:6: note: parameter passing for argument of type ‘Rep3Share<gf2n_long>’ when C++17 is enabled changed to match C++14 in GCC 10.1
./Processor/Instruction.hpp:1513:6: note: parameter passing for argument of type ‘FixedVec<gf2n_long, 2>’ when C++17 is enabled changed to match C++14 in GCC 10.1
./Processor/Instruction.hpp:1513:6: note: parameter passing for argument of type ‘Rep3Share<gf2n_long>’ when C++17 is enabled changed to match C++14 in GCC 10.1
./Processor/Instruction.hpp:1513:6: note: parameter passing for argument of type ‘FixedVec<gf2n_long, 2>’ when C++17 is enabled changed to match C++14 in GCC 10.1
./Processor/Instruction.hpp:1513:6: note: parameter passing for argument of type ‘Rep3Share<gf2n_long>’ when C++17 is enabled changed to match C++14 in GCC 10.1
./Processor/Instruction.hpp:1513:6: note: parameter passing for argument of type ‘FixedVec<gf2n_long, 2>’ when C++17 is enabled changed to match C++14 in GCC 10.1
./Processor/Instruction.hpp:1513:6: note: parameter passing for argument of type ‘Rep3Share<gf2n_long>’ when C++17 is enabled changed to match C++14 in GCC 10.1
./Processor/Instruction.hpp:1513:6: note: parameter passing for argument of type ‘FixedVec<gf2n_long, 2>’ when C++17 is enabled changed to match C++14 in GCC 10.1
./Processor/Instruction.hpp:1513:6: note: parameter passing for argument of type ‘Rep3Share<gf2n_long>’ when C++17 is enabled changed to match C++14 in GCC 10.1
./Processor/Instruction.hpp:1513:6: note: parameter passing for argument of type ‘FixedVec<gf2n_long, 2>’ when C++17 is enabled changed to match C++14 in GCC 10.1
./Processor/Instruction.hpp:1513:6: note: parameter passing for argument of type ‘RepShare<gf2n_long, 2>’ when C++17 is enabled changed to match C++14 in GCC 10.1
./Processor/instructions.h:118:39: note: parameter passing for argument of type ‘Rep3Share<gf2n_long>’ when C++17 is enabled changed to match C++14 in GCC 10.1
  118 |             auto tmp = sgf2n::constant(int(n), Proc.P.my_num(), Proc2.MC.get_alphai()), \
      |                        ~~~~~~~~~~~~~~~^~~~~~~~~~~~~~~~~~~~~~~~~~~~~~~~~~~~~~~~~~~~~~~~
./Processor/Instruction.hpp:1562:22: note: in definition of macro ‘X’
 1562 |         case NAME: { PRE; for (int i = 0; i < size; i++) { CODE; } } break;
      |                      ^~~
./Processor/Instruction.hpp:1563:9: note: in expansion of macro ‘ARITHMETIC_INSTRUCTIONS’
 1563 |         ARITHMETIC_INSTRUCTIONS
      |         ^~~~~~~~~~~~~~~~~~~~~~~
./Processor/instructions.h:130:30: note: parameter passing for argument of type ‘FixedVec<gf2n_long, 2>’ when C++17 is enabled changed to match C++14 in GCC 10.1
  130 |             *dest++ = *op1++ + *op2++) \
      |                       ~~~~~~~^~~~~~~~
./Processor/Instruction.hpp:1562:60: note: in definition of macro ‘X’
 1562 |         case NAME: { PRE; for (int i = 0; i < size; i++) { CODE; } } break;
      |                                                            ^~~~
./Processor/Instruction.hpp:1563:9: note: in expansion of macro ‘ARITHMETIC_INSTRUCTIONS’
 1563 |         ARITHMETIC_INSTRUCTIONS
      |         ^~~~~~~~~~~~~~~~~~~~~~~
./Processor/instructions.h:133:47: note: parameter passing for argument of type ‘Rep3Share<gf2n_long>’ when C++17 is enabled changed to match C++14 in GCC 10.1
  133 |             *dest++ = *op1++ + sgf2n::constant(*op2++, Proc.P.my_num(), Proc2.MC.get_alphai())) \
      |                                ~~~~~~~~~~~~~~~^~~~~~~~~~~~~~~~~~~~~~~~~~~~~~~~~~~~~~~~~~~~~~~~
./Processor/Instruction.hpp:1562:60: note: in definition of macro ‘X’
 1562 |         case NAME: { PRE; for (int i = 0; i < size; i++) { CODE; } } break;
      |                                                            ^~~~
./Processor/Instruction.hpp:1563:9: note: in expansion of macro ‘ARITHMETIC_INSTRUCTIONS’
 1563 |         ARITHMETIC_INSTRUCTIONS
      |         ^~~~~~~~~~~~~~~~~~~~~~~
./Processor/instructions.h:133:30: note: parameter passing for argument of type ‘FixedVec<gf2n_long, 2>’ when C++17 is enabled changed to match C++14 in GCC 10.1
  133 |             *dest++ = *op1++ + sgf2n::constant(*op2++, Proc.P.my_num(), Proc2.MC.get_alphai())) \
      |                       ~~~~~~~^~~~~~~~~~~~~~~~~~~~~~~~~~~~~~~~~~~~~~~~~~~~~~~~~~~~~~~~~~~~~~~~~
./Processor/Instruction.hpp:1562:60: note: in definition of macro ‘X’
 1562 |         case NAME: { PRE; for (int i = 0; i < size; i++) { CODE; } } break;
      |                                                            ^~~~
./Processor/Instruction.hpp:1563:9: note: in expansion of macro ‘ARITHMETIC_INSTRUCTIONS’
 1563 |         ARITHMETIC_INSTRUCTIONS
      |         ^~~~~~~~~~~~~~~~~~~~~~~
./Processor/instructions.h:133:47: note: parameter passing for argument of type ‘Rep3Share<gf2n_long>’ when C++17 is enabled changed to match C++14 in GCC 10.1
  133 |             *dest++ = *op1++ + sgf2n::constant(*op2++, Proc.P.my_num(), Proc2.MC.get_alphai())) \
      |                                ~~~~~~~~~~~~~~~^~~~~~~~~~~~~~~~~~~~~~~~~~~~~~~~~~~~~~~~~~~~~~~~
./Processor/Instruction.hpp:1562:60: note: in definition of macro ‘X’
 1562 |         case NAME: { PRE; for (int i = 0; i < size; i++) { CODE; } } break;
      |                                                            ^~~~
./Processor/Instruction.hpp:1563:9: note: in expansion of macro ‘ARITHMETIC_INSTRUCTIONS’
 1563 |         ARITHMETIC_INSTRUCTIONS
      |         ^~~~~~~~~~~~~~~~~~~~~~~
./Processor/instructions.h:133:30: note: parameter passing for argument of type ‘FixedVec<gf2n_long, 2>’ when C++17 is enabled changed to match C++14 in GCC 10.1
  133 |             *dest++ = *op1++ + sgf2n::constant(*op2++, Proc.P.my_num(), Proc2.MC.get_alphai())) \
      |                       ~~~~~~~^~~~~~~~~~~~~~~~~~~~~~~~~~~~~~~~~~~~~~~~~~~~~~~~~~~~~~~~~~~~~~~~~
./Processor/Instruction.hpp:1562:60: note: in definition of macro ‘X’
 1562 |         case NAME: { PRE; for (int i = 0; i < size; i++) { CODE; } } break;
      |                                                            ^~~~
./Processor/Instruction.hpp:1563:9: note: in expansion of macro ‘ARITHMETIC_INSTRUCTIONS’
 1563 |         ARITHMETIC_INSTRUCTIONS
      |         ^~~~~~~~~~~~~~~~~~~~~~~
./Processor/instructions.h:133:47: note: parameter passing for argument of type ‘Rep3Share<gf2n_long>’ when C++17 is enabled changed to match C++14 in GCC 10.1
  133 |             *dest++ = *op1++ + sgf2n::constant(*op2++, Proc.P.my_num(), Proc2.MC.get_alphai())) \
      |                                ~~~~~~~~~~~~~~~^~~~~~~~~~~~~~~~~~~~~~~~~~~~~~~~~~~~~~~~~~~~~~~~
./Processor/Instruction.hpp:1562:60: note: in definition of macro ‘X’
 1562 |         case NAME: { PRE; for (int i = 0; i < size; i++) { CODE; } } break;
      |                                                            ^~~~
./Processor/Instruction.hpp:1563:9: note: in expansion of macro ‘ARITHMETIC_INSTRUCTIONS’
 1563 |         ARITHMETIC_INSTRUCTIONS
      |         ^~~~~~~~~~~~~~~~~~~~~~~
./Processor/instructions.h:133:30: note: parameter passing for argument of type ‘FixedVec<gf2n_long, 2>’ when C++17 is enabled changed to match C++14 in GCC 10.1
  133 |             *dest++ = *op1++ + sgf2n::constant(*op2++, Proc.P.my_num(), Proc2.MC.get_alphai())) \
      |                       ~~~~~~~^~~~~~~~~~~~~~~~~~~~~~~~~~~~~~~~~~~~~~~~~~~~~~~~~~~~~~~~~~~~~~~~~
./Processor/Instruction.hpp:1562:60: note: in definition of macro ‘X’
 1562 |         case NAME: { PRE; for (int i = 0; i < size; i++) { CODE; } } break;
      |                                                            ^~~~
./Processor/Instruction.hpp:1563:9: note: in expansion of macro ‘ARITHMETIC_INSTRUCTIONS’
 1563 |         ARITHMETIC_INSTRUCTIONS
      |         ^~~~~~~~~~~~~~~~~~~~~~~
./Processor/instructions.h:135:47: note: parameter passing for argument of type ‘Rep3Share<gf2n_long>’ when C++17 is enabled changed to match C++14 in GCC 10.1
  135 |             *dest++ = *op1++ + sgf2n::constant(int(n), Proc.P.my_num(), Proc2.MC.get_alphai())) \
      |                                ~~~~~~~~~~~~~~~^~~~~~~~~~~~~~~~~~~~~~~~~~~~~~~~~~~~~~~~~~~~~~~~
./Processor/Instruction.hpp:1562:60: note: in definition of macro ‘X’
 1562 |         case NAME: { PRE; for (int i = 0; i < size; i++) { CODE; } } break;
      |                                                            ^~~~
./Processor/Instruction.hpp:1563:9: note: in expansion of macro ‘ARITHMETIC_INSTRUCTIONS’
 1563 |         ARITHMETIC_INSTRUCTIONS
      |         ^~~~~~~~~~~~~~~~~~~~~~~
./Processor/instructions.h:135:30: note: parameter passing for argument of type ‘FixedVec<gf2n_long, 2>’ when C++17 is enabled changed to match C++14 in GCC 10.1
  135 |             *dest++ = *op1++ + sgf2n::constant(int(n), Proc.P.my_num(), Proc2.MC.get_alphai())) \
      |                       ~~~~~~~^~~~~~~~~~~~~~~~~~~~~~~~~~~~~~~~~~~~~~~~~~~~~~~~~~~~~~~~~~~~~~~~~
./Processor/Instruction.hpp:1562:60: note: in definition of macro ‘X’
 1562 |         case NAME: { PRE; for (int i = 0; i < size; i++) { CODE; } } break;
      |                                                            ^~~~
./Processor/Instruction.hpp:1563:9: note: in expansion of macro ‘ARITHMETIC_INSTRUCTIONS’
 1563 |         ARITHMETIC_INSTRUCTIONS
      |         ^~~~~~~~~~~~~~~~~~~~~~~
./Processor/instructions.h:135:47: note: parameter passing for argument of type ‘Rep3Share<gf2n_long>’ when C++17 is enabled changed to match C++14 in GCC 10.1
  135 |             *dest++ = *op1++ + sgf2n::constant(int(n), Proc.P.my_num(), Proc2.MC.get_alphai())) \
      |                                ~~~~~~~~~~~~~~~^~~~~~~~~~~~~~~~~~~~~~~~~~~~~~~~~~~~~~~~~~~~~~~~
./Processor/Instruction.hpp:1562:60: note: in definition of macro ‘X’
 1562 |         case NAME: { PRE; for (int i = 0; i < size; i++) { CODE; } } break;
      |                                                            ^~~~
./Processor/Instruction.hpp:1563:9: note: in expansion of macro ‘ARITHMETIC_INSTRUCTIONS’
 1563 |         ARITHMETIC_INSTRUCTIONS
      |         ^~~~~~~~~~~~~~~~~~~~~~~
./Processor/instructions.h:135:30: note: parameter passing for argument of type ‘FixedVec<gf2n_long, 2>’ when C++17 is enabled changed to match C++14 in GCC 10.1
  135 |             *dest++ = *op1++ + sgf2n::constant(int(n), Proc.P.my_num(), Proc2.MC.get_alphai())) \
      |                       ~~~~~~~^~~~~~~~~~~~~~~~~~~~~~~~~~~~~~~~~~~~~~~~~~~~~~~~~~~~~~~~~~~~~~~~~
./Processor/Instruction.hpp:1562:60: note: in definition of macro ‘X’
 1562 |         case NAME: { PRE; for (int i = 0; i < size; i++) { CODE; } } break;
      |                                                            ^~~~
./Processor/Instruction.hpp:1563:9: note: in expansion of macro ‘ARITHMETIC_INSTRUCTIONS’
 1563 |         ARITHMETIC_INSTRUCTIONS
      |         ^~~~~~~~~~~~~~~~~~~~~~~
./Processor/instructions.h:135:47: note: parameter passing for argument of type ‘Rep3Share<gf2n_long>’ when C++17 is enabled changed to match C++14 in GCC 10.1
  135 |             *dest++ = *op1++ + sgf2n::constant(int(n), Proc.P.my_num(), Proc2.MC.get_alphai())) \
      |                                ~~~~~~~~~~~~~~~^~~~~~~~~~~~~~~~~~~~~~~~~~~~~~~~~~~~~~~~~~~~~~~~
./Processor/Instruction.hpp:1562:60: note: in definition of macro ‘X’
 1562 |         case NAME: { PRE; for (int i = 0; i < size; i++) { CODE; } } break;
      |                                                            ^~~~
./Processor/Instruction.hpp:1563:9: note: in expansion of macro ‘ARITHMETIC_INSTRUCTIONS’
 1563 |         ARITHMETIC_INSTRUCTIONS
      |         ^~~~~~~~~~~~~~~~~~~~~~~
./Processor/instructions.h:135:30: note: parameter passing for argument of type ‘FixedVec<gf2n_long, 2>’ when C++17 is enabled changed to match C++14 in GCC 10.1
  135 |             *dest++ = *op1++ + sgf2n::constant(int(n), Proc.P.my_num(), Proc2.MC.get_alphai())) \
      |                       ~~~~~~~^~~~~~~~~~~~~~~~~~~~~~~~~~~~~~~~~~~~~~~~~~~~~~~~~~~~~~~~~~~~~~~~~
./Processor/Instruction.hpp:1562:60: note: in definition of macro ‘X’
 1562 |         case NAME: { PRE; for (int i = 0; i < size; i++) { CODE; } } break;
      |                                                            ^~~~
./Processor/Instruction.hpp:1563:9: note: in expansion of macro ‘ARITHMETIC_INSTRUCTIONS’
 1563 |         ARITHMETIC_INSTRUCTIONS
      |         ^~~~~~~~~~~~~~~~~~~~~~~
./Processor/instructions.h:140:39: note: parameter passing for argument of type ‘Rep3Share<gf2n_long>’ when C++17 is enabled changed to match C++14 in GCC 10.1
  140 |             auto op2 = sgf2n::constant(int(n), Proc.P.my_num(), Proc2.MC.get_alphai()), \
      |                        ~~~~~~~~~~~~~~~^~~~~~~~~~~~~~~~~~~~~~~~~~~~~~~~~~~~~~~~~~~~~~~~
./Processor/Instruction.hpp:1562:22: note: in definition of macro ‘X’
 1562 |         case NAME: { PRE; for (int i = 0; i < size; i++) { CODE; } } break;
      |                      ^~~
./Processor/Instruction.hpp:1563:9: note: in expansion of macro ‘ARITHMETIC_INSTRUCTIONS’
 1563 |         ARITHMETIC_INSTRUCTIONS
      |         ^~~~~~~~~~~~~~~~~~~~~~~
./Processor/instructions.h:141:30: note: parameter passing for argument of type ‘FixedVec<gf2n_long, 2>’ when C++17 is enabled changed to match C++14 in GCC 10.1
  141 |             *dest++ = *op1++ - op2) \
      |                       ~~~~~~~^~~~~
./Processor/Instruction.hpp:1562:60: note: in definition of macro ‘X’
 1562 |         case NAME: { PRE; for (int i = 0; i < size; i++) { CODE; } } break;
      |                                                            ^~~~
./Processor/Instruction.hpp:1563:9: note: in expansion of macro ‘ARITHMETIC_INSTRUCTIONS’
 1563 |         ARITHMETIC_INSTRUCTIONS
      |         ^~~~~~~~~~~~~~~~~~~~~~~
./Processor/instructions.h:143:39: note: parameter passing for argument of type ‘Rep3Share<gf2n_long>’ when C++17 is enabled changed to match C++14 in GCC 10.1
  143 |             auto op2 = sgf2n::constant(int(n), Proc.P.my_num(), Proc2.MC.get_alphai()), \
      |                        ~~~~~~~~~~~~~~~^~~~~~~~~~~~~~~~~~~~~~~~~~~~~~~~~~~~~~~~~~~~~~~~
./Processor/Instruction.hpp:1562:22: note: in definition of macro ‘X’
 1562 |         case NAME: { PRE; for (int i = 0; i < size; i++) { CODE; } } break;
      |                      ^~~
./Processor/Instruction.hpp:1563:9: note: in expansion of macro ‘ARITHMETIC_INSTRUCTIONS’
 1563 |         ARITHMETIC_INSTRUCTIONS
      |         ^~~~~~~~~~~~~~~~~~~~~~~
./Processor/instructions.h:144:27: note: parameter passing for argument of type ‘FixedVec<gf2n_long, 2>’ when C++17 is enabled changed to match C++14 in GCC 10.1
  144 |             *dest++ = op2 - *op1++) \
      |                       ~~~~^~~~~~~~
./Processor/Instruction.hpp:1562:60: note: in definition of macro ‘X’
 1562 |         case NAME: { PRE; for (int i = 0; i < size; i++) { CODE; } } break;
      |                                                            ^~~~
./Processor/Instruction.hpp:1563:9: note: in expansion of macro ‘ARITHMETIC_INSTRUCTIONS’
 1563 |         ARITHMETIC_INSTRUCTIONS
      |         ^~~~~~~~~~~~~~~~~~~~~~~
./Processor/instructions.h:147:47: note: parameter passing for argument of type ‘Rep3Share<gf2n_long>’ when C++17 is enabled changed to match C++14 in GCC 10.1
  147 |             *dest++ = *op1++ - sgf2n::constant(*op2++, Proc.P.my_num(), Proc2.MC.get_alphai())) \
      |                                ~~~~~~~~~~~~~~~^~~~~~~~~~~~~~~~~~~~~~~~~~~~~~~~~~~~~~~~~~~~~~~~
./Processor/Instruction.hpp:1562:60: note: in definition of macro ‘X’
 1562 |         case NAME: { PRE; for (int i = 0; i < size; i++) { CODE; } } break;
      |                                                            ^~~~
./Processor/Instruction.hpp:1563:9: note: in expansion of macro ‘ARITHMETIC_INSTRUCTIONS’
 1563 |         ARITHMETIC_INSTRUCTIONS
      |         ^~~~~~~~~~~~~~~~~~~~~~~
./Processor/instructions.h:147:30: note: parameter passing for argument of type ‘FixedVec<gf2n_long, 2>’ when C++17 is enabled changed to match C++14 in GCC 10.1
  147 |             *dest++ = *op1++ - sgf2n::constant(*op2++, Proc.P.my_num(), Proc2.MC.get_alphai())) \
      |                       ~~~~~~~^~~~~~~~~~~~~~~~~~~~~~~~~~~~~~~~~~~~~~~~~~~~~~~~~~~~~~~~~~~~~~~~~
./Processor/Instruction.hpp:1562:60: note: in definition of macro ‘X’
 1562 |         case NAME: { PRE; for (int i = 0; i < size; i++) { CODE; } } break;
      |                                                            ^~~~
./Processor/Instruction.hpp:1563:9: note: in expansion of macro ‘ARITHMETIC_INSTRUCTIONS’
 1563 |         ARITHMETIC_INSTRUCTIONS
      |         ^~~~~~~~~~~~~~~~~~~~~~~
./Processor/instructions.h:147:47: note: parameter passing for argument of type ‘Rep3Share<gf2n_long>’ when C++17 is enabled changed to match C++14 in GCC 10.1
  147 |             *dest++ = *op1++ - sgf2n::constant(*op2++, Proc.P.my_num(), Proc2.MC.get_alphai())) \
      |                                ~~~~~~~~~~~~~~~^~~~~~~~~~~~~~~~~~~~~~~~~~~~~~~~~~~~~~~~~~~~~~~~
./Processor/Instruction.hpp:1562:60: note: in definition of macro ‘X’
 1562 |         case NAME: { PRE; for (int i = 0; i < size; i++) { CODE; } } break;
      |                                                            ^~~~
./Processor/Instruction.hpp:1563:9: note: in expansion of macro ‘ARITHMETIC_INSTRUCTIONS’
 1563 |         ARITHMETIC_INSTRUCTIONS
      |         ^~~~~~~~~~~~~~~~~~~~~~~
./Processor/instructions.h:147:30: note: parameter passing for argument of type ‘FixedVec<gf2n_long, 2>’ when C++17 is enabled changed to match C++14 in GCC 10.1
  147 |             *dest++ = *op1++ - sgf2n::constant(*op2++, Proc.P.my_num(), Proc2.MC.get_alphai())) \
      |                       ~~~~~~~^~~~~~~~~~~~~~~~~~~~~~~~~~~~~~~~~~~~~~~~~~~~~~~~~~~~~~~~~~~~~~~~~
./Processor/Instruction.hpp:1562:60: note: in definition of macro ‘X’
 1562 |         case NAME: { PRE; for (int i = 0; i < size; i++) { CODE; } } break;
      |                                                            ^~~~
./Processor/Instruction.hpp:1563:9: note: in expansion of macro ‘ARITHMETIC_INSTRUCTIONS’
 1563 |         ARITHMETIC_INSTRUCTIONS
      |         ^~~~~~~~~~~~~~~~~~~~~~~
./Processor/instructions.h:147:47: note: parameter passing for argument of type ‘Rep3Share<gf2n_long>’ when C++17 is enabled changed to match C++14 in GCC 10.1
  147 |             *dest++ = *op1++ - sgf2n::constant(*op2++, Proc.P.my_num(), Proc2.MC.get_alphai())) \
      |                                ~~~~~~~~~~~~~~~^~~~~~~~~~~~~~~~~~~~~~~~~~~~~~~~~~~~~~~~~~~~~~~~
./Processor/Instruction.hpp:1562:60: note: in definition of macro ‘X’
 1562 |         case NAME: { PRE; for (int i = 0; i < size; i++) { CODE; } } break;
      |                                                            ^~~~
./Processor/Instruction.hpp:1563:9: note: in expansion of macro ‘ARITHMETIC_INSTRUCTIONS’
 1563 |         ARITHMETIC_INSTRUCTIONS
      |         ^~~~~~~~~~~~~~~~~~~~~~~
./Processor/instructions.h:147:30: note: parameter passing for argument of type ‘FixedVec<gf2n_long, 2>’ when C++17 is enabled changed to match C++14 in GCC 10.1
  147 |             *dest++ = *op1++ - sgf2n::constant(*op2++, Proc.P.my_num(), Proc2.MC.get_alphai())) \
      |                       ~~~~~~~^~~~~~~~~~~~~~~~~~~~~~~~~~~~~~~~~~~~~~~~~~~~~~~~~~~~~~~~~~~~~~~~~
./Processor/Instruction.hpp:1562:60: note: in definition of macro ‘X’
 1562 |         case NAME: { PRE; for (int i = 0; i < size; i++) { CODE; } } break;
      |                                                            ^~~~
./Processor/Instruction.hpp:1563:9: note: in expansion of macro ‘ARITHMETIC_INSTRUCTIONS’
 1563 |         ARITHMETIC_INSTRUCTIONS
      |         ^~~~~~~~~~~~~~~~~~~~~~~
./Processor/instructions.h:150:38: note: parameter passing for argument of type ‘Rep3Share<gf2n_long>’ when C++17 is enabled changed to match C++14 in GCC 10.1
  150 |             *dest++ = sgf2n::constant(*op1++, Proc.P.my_num(), Proc2.MC.get_alphai()) - *op2++) \
      |                       ~~~~~~~~~~~~~~~^~~~~~~~~~~~~~~~~~~~~~~~~~~~~~~~~~~~~~~~~~~~~~~~
./Processor/Instruction.hpp:1562:60: note: in definition of macro ‘X’
 1562 |         case NAME: { PRE; for (int i = 0; i < size; i++) { CODE; } } break;
      |                                                            ^~~~
./Processor/Instruction.hpp:1563:9: note: in expansion of macro ‘ARITHMETIC_INSTRUCTIONS’
 1563 |         ARITHMETIC_INSTRUCTIONS
      |         ^~~~~~~~~~~~~~~~~~~~~~~
./Processor/instructions.h:150:87: note: parameter passing for argument of type ‘FixedVec<gf2n_long, 2>’ when C++17 is enabled changed to match C++14 in GCC 10.1
  150 |             *dest++ = sgf2n::constant(*op1++, Proc.P.my_num(), Proc2.MC.get_alphai()) - *op2++) \
      |                       ~~~~~~~~~~~~~~~~~~~~~~~~~~~~~~~~~~~~~~~~~~~~~~~~~~~~~~~~~~~~~~~~^~~~~~~~
./Processor/Instruction.hpp:1562:60: note: in definition of macro ‘X’
 1562 |         case NAME: { PRE; for (int i = 0; i < size; i++) { CODE; } } break;
      |                                                            ^~~~
./Processor/Instruction.hpp:1563:9: note: in expansion of macro ‘ARITHMETIC_INSTRUCTIONS’
 1563 |         ARITHMETIC_INSTRUCTIONS
      |         ^~~~~~~~~~~~~~~~~~~~~~~
./Processor/instructions.h:150:38: note: parameter passing for argument of type ‘Rep3Share<gf2n_long>’ when C++17 is enabled changed to match C++14 in GCC 10.1
  150 |             *dest++ = sgf2n::constant(*op1++, Proc.P.my_num(), Proc2.MC.get_alphai()) - *op2++) \
      |                       ~~~~~~~~~~~~~~~^~~~~~~~~~~~~~~~~~~~~~~~~~~~~~~~~~~~~~~~~~~~~~~~
./Processor/Instruction.hpp:1562:60: note: in definition of macro ‘X’
 1562 |         case NAME: { PRE; for (int i = 0; i < size; i++) { CODE; } } break;
      |                                                            ^~~~
./Processor/Instruction.hpp:1563:9: note: in expansion of macro ‘ARITHMETIC_INSTRUCTIONS’
 1563 |         ARITHMETIC_INSTRUCTIONS
      |         ^~~~~~~~~~~~~~~~~~~~~~~
./Processor/instructions.h:150:87: note: parameter passing for argument of type ‘FixedVec<gf2n_long, 2>’ when C++17 is enabled changed to match C++14 in GCC 10.1
  150 |             *dest++ = sgf2n::constant(*op1++, Proc.P.my_num(), Proc2.MC.get_alphai()) - *op2++) \
      |                       ~~~~~~~~~~~~~~~~~~~~~~~~~~~~~~~~~~~~~~~~~~~~~~~~~~~~~~~~~~~~~~~~^~~~~~~~
./Processor/Instruction.hpp:1562:60: note: in definition of macro ‘X’
 1562 |         case NAME: { PRE; for (int i = 0; i < size; i++) { CODE; } } break;
      |                                                            ^~~~
./Processor/Instruction.hpp:1563:9: note: in expansion of macro ‘ARITHMETIC_INSTRUCTIONS’
 1563 |         ARITHMETIC_INSTRUCTIONS
      |         ^~~~~~~~~~~~~~~~~~~~~~~
./Processor/instructions.h:153:30: note: parameter passing for argument of type ‘RepShare<gf2n_long, 2>’ when C++17 is enabled changed to match C++14 in GCC 10.1
  153 |             *dest++ = *op1++ * *op2++) \
      |                       ~~~~~~~^~~~~~~~
./Processor/Instruction.hpp:1562:60: note: in definition of macro ‘X’
 1562 |         case NAME: { PRE; for (int i = 0; i < size; i++) { CODE; } } break;
      |                                                            ^~~~
./Processor/Instruction.hpp:1563:9: note: in expansion of macro ‘ARITHMETIC_INSTRUCTIONS’
 1563 |         ARITHMETIC_INSTRUCTIONS
      |         ^~~~~~~~~~~~~~~~~~~~~~~
./Processor/Instruction.hpp: In member function ‘void Program::execute_with_errors(Processor<sint, sgf2n>&) const [with sint = Rep3Share<gfp_<0, 2> >; sgf2n = Rep3Share<gf2n_long>]’:
./Processor/Instruction.hpp:1513:6: note: parameter passing for argument of type ‘Rep3Share<gf2n_long>’ when C++17 is enabled changed to match C++14 in GCC 10.1
 1513 | void Program::execute_with_errors(Processor<sint, sgf2n>& Proc) const
      |      ^~~~~~~
./Processor/Instruction.hpp:1513:6: note: parameter passing for argument of type ‘FixedVec<gf2n_long, 2>’ when C++17 is enabled changed to match C++14 in GCC 10.1
./Processor/Instruction.hpp:1513:6: note: parameter passing for argument of type ‘Rep3Share<gf2n_long>’ when C++17 is enabled changed to match C++14 in GCC 10.1
./Processor/Instruction.hpp:1513:6: note: parameter passing for argument of type ‘FixedVec<gf2n_long, 2>’ when C++17 is enabled changed to match C++14 in GCC 10.1
./Processor/Instruction.hpp:1513:6: note: parameter passing for argument of type ‘Rep3Share<gf2n_long>’ when C++17 is enabled changed to match C++14 in GCC 10.1
./Processor/Instruction.hpp:1513:6: note: parameter passing for argument of type ‘FixedVec<gf2n_long, 2>’ when C++17 is enabled changed to match C++14 in GCC 10.1
./Processor/Instruction.hpp:1513:6: note: parameter passing for argument of type ‘Rep3Share<gf2n_long>’ when C++17 is enabled changed to match C++14 in GCC 10.1
./Processor/Instruction.hpp:1513:6: note: parameter passing for argument of type ‘FixedVec<gf2n_long, 2>’ when C++17 is enabled changed to match C++14 in GCC 10.1
./Processor/Instruction.hpp:1513:6: note: parameter passing for argument of type ‘Rep3Share<gf2n_long>’ when C++17 is enabled changed to match C++14 in GCC 10.1
./Processor/Instruction.hpp:1513:6: note: parameter passing for argument of type ‘FixedVec<gf2n_long, 2>’ when C++17 is enabled changed to match C++14 in GCC 10.1
./Processor/Instruction.hpp:1513:6: note: parameter passing for argument of type ‘Rep3Share<gf2n_long>’ when C++17 is enabled changed to match C++14 in GCC 10.1
./Processor/Instruction.hpp:1513:6: note: parameter passing for argument of type ‘FixedVec<gf2n_long, 2>’ when C++17 is enabled changed to match C++14 in GCC 10.1
./Processor/Instruction.hpp:1513:6: note: parameter passing for argument of type ‘Rep3Share<gf2n_long>’ when C++17 is enabled changed to match C++14 in GCC 10.1
./Processor/Instruction.hpp:1513:6: note: parameter passing for argument of type ‘FixedVec<gf2n_long, 2>’ when C++17 is enabled changed to match C++14 in GCC 10.1
./Processor/Instruction.hpp:1513:6: note: parameter passing for argument of type ‘RepShare<gf2n_long, 2>’ when C++17 is enabled changed to match C++14 in GCC 10.1
./Processor/instructions.h:118:39: note: parameter passing for argument of type ‘Rep3Share<gf2n_long>’ when C++17 is enabled changed to match C++14 in GCC 10.1
  118 |             auto tmp = sgf2n::constant(int(n), Proc.P.my_num(), Proc2.MC.get_alphai()), \
      |                        ~~~~~~~~~~~~~~~^~~~~~~~~~~~~~~~~~~~~~~~~~~~~~~~~~~~~~~~~~~~~~~~
./Processor/Instruction.hpp:1562:22: note: in definition of macro ‘X’
 1562 |         case NAME: { PRE; for (int i = 0; i < size; i++) { CODE; } } break;
      |                      ^~~
./Processor/Instruction.hpp:1563:9: note: in expansion of macro ‘ARITHMETIC_INSTRUCTIONS’
 1563 |         ARITHMETIC_INSTRUCTIONS
      |         ^~~~~~~~~~~~~~~~~~~~~~~
./Processor/instructions.h:130:30: note: parameter passing for argument of type ‘FixedVec<gf2n_long, 2>’ when C++17 is enabled changed to match C++14 in GCC 10.1
  130 |             *dest++ = *op1++ + *op2++) \
      |                       ~~~~~~~^~~~~~~~
./Processor/Instruction.hpp:1562:60: note: in definition of macro ‘X’
 1562 |         case NAME: { PRE; for (int i = 0; i < size; i++) { CODE; } } break;
      |                                                            ^~~~
./Processor/Instruction.hpp:1563:9: note: in expansion of macro ‘ARITHMETIC_INSTRUCTIONS’
 1563 |         ARITHMETIC_INSTRUCTIONS
      |         ^~~~~~~~~~~~~~~~~~~~~~~
./Processor/instructions.h:133:47: note: parameter passing for argument of type ‘Rep3Share<gf2n_long>’ when C++17 is enabled changed to match C++14 in GCC 10.1
  133 |             *dest++ = *op1++ + sgf2n::constant(*op2++, Proc.P.my_num(), Proc2.MC.get_alphai())) \
      |                                ~~~~~~~~~~~~~~~^~~~~~~~~~~~~~~~~~~~~~~~~~~~~~~~~~~~~~~~~~~~~~~~
./Processor/Instruction.hpp:1562:60: note: in definition of macro ‘X’
 1562 |         case NAME: { PRE; for (int i = 0; i < size; i++) { CODE; } } break;
      |                                                            ^~~~
./Processor/Instruction.hpp:1563:9: note: in expansion of macro ‘ARITHMETIC_INSTRUCTIONS’
 1563 |         ARITHMETIC_INSTRUCTIONS
      |         ^~~~~~~~~~~~~~~~~~~~~~~
./Processor/instructions.h:133:30: note: parameter passing for argument of type ‘FixedVec<gf2n_long, 2>’ when C++17 is enabled changed to match C++14 in GCC 10.1
  133 |             *dest++ = *op1++ + sgf2n::constant(*op2++, Proc.P.my_num(), Proc2.MC.get_alphai())) \
      |                       ~~~~~~~^~~~~~~~~~~~~~~~~~~~~~~~~~~~~~~~~~~~~~~~~~~~~~~~~~~~~~~~~~~~~~~~~
./Processor/Instruction.hpp:1562:60: note: in definition of macro ‘X’
 1562 |         case NAME: { PRE; for (int i = 0; i < size; i++) { CODE; } } break;
      |                                                            ^~~~
./Processor/Instruction.hpp:1563:9: note: in expansion of macro ‘ARITHMETIC_INSTRUCTIONS’
 1563 |         ARITHMETIC_INSTRUCTIONS
      |         ^~~~~~~~~~~~~~~~~~~~~~~
./Processor/instructions.h:133:47: note: parameter passing for argument of type ‘Rep3Share<gf2n_long>’ when C++17 is enabled changed to match C++14 in GCC 10.1
  133 |             *dest++ = *op1++ + sgf2n::constant(*op2++, Proc.P.my_num(), Proc2.MC.get_alphai())) \
      |                                ~~~~~~~~~~~~~~~^~~~~~~~~~~~~~~~~~~~~~~~~~~~~~~~~~~~~~~~~~~~~~~~
./Processor/Instruction.hpp:1562:60: note: in definition of macro ‘X’
 1562 |         case NAME: { PRE; for (int i = 0; i < size; i++) { CODE; } } break;
      |                                                            ^~~~
./Processor/Instruction.hpp:1563:9: note: in expansion of macro ‘ARITHMETIC_INSTRUCTIONS’
 1563 |         ARITHMETIC_INSTRUCTIONS
      |         ^~~~~~~~~~~~~~~~~~~~~~~
./Processor/instructions.h:133:30: note: parameter passing for argument of type ‘FixedVec<gf2n_long, 2>’ when C++17 is enabled changed to match C++14 in GCC 10.1
  133 |             *dest++ = *op1++ + sgf2n::constant(*op2++, Proc.P.my_num(), Proc2.MC.get_alphai())) \
      |                       ~~~~~~~^~~~~~~~~~~~~~~~~~~~~~~~~~~~~~~~~~~~~~~~~~~~~~~~~~~~~~~~~~~~~~~~~
./Processor/Instruction.hpp:1562:60: note: in definition of macro ‘X’
 1562 |         case NAME: { PRE; for (int i = 0; i < size; i++) { CODE; } } break;
      |                                                            ^~~~
./Processor/Instruction.hpp:1563:9: note: in expansion of macro ‘ARITHMETIC_INSTRUCTIONS’
 1563 |         ARITHMETIC_INSTRUCTIONS
      |         ^~~~~~~~~~~~~~~~~~~~~~~
./Processor/instructions.h:133:47: note: parameter passing for argument of type ‘Rep3Share<gf2n_long>’ when C++17 is enabled changed to match C++14 in GCC 10.1
  133 |             *dest++ = *op1++ + sgf2n::constant(*op2++, Proc.P.my_num(), Proc2.MC.get_alphai())) \
      |                                ~~~~~~~~~~~~~~~^~~~~~~~~~~~~~~~~~~~~~~~~~~~~~~~~~~~~~~~~~~~~~~~
./Processor/Instruction.hpp:1562:60: note: in definition of macro ‘X’
 1562 |         case NAME: { PRE; for (int i = 0; i < size; i++) { CODE; } } break;
      |                                                            ^~~~
./Processor/Instruction.hpp:1563:9: note: in expansion of macro ‘ARITHMETIC_INSTRUCTIONS’
 1563 |         ARITHMETIC_INSTRUCTIONS
      |         ^~~~~~~~~~~~~~~~~~~~~~~
./Processor/instructions.h:133:30: note: parameter passing for argument of type ‘FixedVec<gf2n_long, 2>’ when C++17 is enabled changed to match C++14 in GCC 10.1
  133 |             *dest++ = *op1++ + sgf2n::constant(*op2++, Proc.P.my_num(), Proc2.MC.get_alphai())) \
      |                       ~~~~~~~^~~~~~~~~~~~~~~~~~~~~~~~~~~~~~~~~~~~~~~~~~~~~~~~~~~~~~~~~~~~~~~~~
./Processor/Instruction.hpp:1562:60: note: in definition of macro ‘X’
 1562 |         case NAME: { PRE; for (int i = 0; i < size; i++) { CODE; } } break;
      |                                                            ^~~~
./Processor/Instruction.hpp:1563:9: note: in expansion of macro ‘ARITHMETIC_INSTRUCTIONS’
 1563 |         ARITHMETIC_INSTRUCTIONS
      |         ^~~~~~~~~~~~~~~~~~~~~~~
./Processor/instructions.h:135:47: note: parameter passing for argument of type ‘Rep3Share<gf2n_long>’ when C++17 is enabled changed to match C++14 in GCC 10.1
  135 |             *dest++ = *op1++ + sgf2n::constant(int(n), Proc.P.my_num(), Proc2.MC.get_alphai())) \
      |                                ~~~~~~~~~~~~~~~^~~~~~~~~~~~~~~~~~~~~~~~~~~~~~~~~~~~~~~~~~~~~~~~
./Processor/Instruction.hpp:1562:60: note: in definition of macro ‘X’
 1562 |         case NAME: { PRE; for (int i = 0; i < size; i++) { CODE; } } break;
      |                                                            ^~~~
./Processor/Instruction.hpp:1563:9: note: in expansion of macro ‘ARITHMETIC_INSTRUCTIONS’
 1563 |         ARITHMETIC_INSTRUCTIONS
      |         ^~~~~~~~~~~~~~~~~~~~~~~
./Processor/instructions.h:135:30: note: parameter passing for argument of type ‘FixedVec<gf2n_long, 2>’ when C++17 is enabled changed to match C++14 in GCC 10.1
  135 |             *dest++ = *op1++ + sgf2n::constant(int(n), Proc.P.my_num(), Proc2.MC.get_alphai())) \
      |                       ~~~~~~~^~~~~~~~~~~~~~~~~~~~~~~~~~~~~~~~~~~~~~~~~~~~~~~~~~~~~~~~~~~~~~~~~
./Processor/Instruction.hpp:1562:60: note: in definition of macro ‘X’
 1562 |         case NAME: { PRE; for (int i = 0; i < size; i++) { CODE; } } break;
      |                                                            ^~~~
./Processor/Instruction.hpp:1563:9: note: in expansion of macro ‘ARITHMETIC_INSTRUCTIONS’
 1563 |         ARITHMETIC_INSTRUCTIONS
      |         ^~~~~~~~~~~~~~~~~~~~~~~
./Processor/instructions.h:135:47: note: parameter passing for argument of type ‘Rep3Share<gf2n_long>’ when C++17 is enabled changed to match C++14 in GCC 10.1
  135 |             *dest++ = *op1++ + sgf2n::constant(int(n), Proc.P.my_num(), Proc2.MC.get_alphai())) \
      |                                ~~~~~~~~~~~~~~~^~~~~~~~~~~~~~~~~~~~~~~~~~~~~~~~~~~~~~~~~~~~~~~~
./Processor/Instruction.hpp:1562:60: note: in definition of macro ‘X’
 1562 |         case NAME: { PRE; for (int i = 0; i < size; i++) { CODE; } } break;
      |                                                            ^~~~
./Processor/Instruction.hpp:1563:9: note: in expansion of macro ‘ARITHMETIC_INSTRUCTIONS’
 1563 |         ARITHMETIC_INSTRUCTIONS
      |         ^~~~~~~~~~~~~~~~~~~~~~~
./Processor/instructions.h:135:30: note: parameter passing for argument of type ‘FixedVec<gf2n_long, 2>’ when C++17 is enabled changed to match C++14 in GCC 10.1
  135 |             *dest++ = *op1++ + sgf2n::constant(int(n), Proc.P.my_num(), Proc2.MC.get_alphai())) \
      |                       ~~~~~~~^~~~~~~~~~~~~~~~~~~~~~~~~~~~~~~~~~~~~~~~~~~~~~~~~~~~~~~~~~~~~~~~~
./Processor/Instruction.hpp:1562:60: note: in definition of macro ‘X’
 1562 |         case NAME: { PRE; for (int i = 0; i < size; i++) { CODE; } } break;
      |                                                            ^~~~
./Processor/Instruction.hpp:1563:9: note: in expansion of macro ‘ARITHMETIC_INSTRUCTIONS’
 1563 |         ARITHMETIC_INSTRUCTIONS
      |         ^~~~~~~~~~~~~~~~~~~~~~~
./Processor/instructions.h:135:47: note: parameter passing for argument of type ‘Rep3Share<gf2n_long>’ when C++17 is enabled changed to match C++14 in GCC 10.1
  135 |             *dest++ = *op1++ + sgf2n::constant(int(n), Proc.P.my_num(), Proc2.MC.get_alphai())) \
      |                                ~~~~~~~~~~~~~~~^~~~~~~~~~~~~~~~~~~~~~~~~~~~~~~~~~~~~~~~~~~~~~~~
./Processor/Instruction.hpp:1562:60: note: in definition of macro ‘X’
 1562 |         case NAME: { PRE; for (int i = 0; i < size; i++) { CODE; } } break;
      |                                                            ^~~~
./Processor/Instruction.hpp:1563:9: note: in expansion of macro ‘ARITHMETIC_INSTRUCTIONS’
 1563 |         ARITHMETIC_INSTRUCTIONS
      |         ^~~~~~~~~~~~~~~~~~~~~~~
./Processor/instructions.h:135:30: note: parameter passing for argument of type ‘FixedVec<gf2n_long, 2>’ when C++17 is enabled changed to match C++14 in GCC 10.1
  135 |             *dest++ = *op1++ + sgf2n::constant(int(n), Proc.P.my_num(), Proc2.MC.get_alphai())) \
      |                       ~~~~~~~^~~~~~~~~~~~~~~~~~~~~~~~~~~~~~~~~~~~~~~~~~~~~~~~~~~~~~~~~~~~~~~~~
./Processor/Instruction.hpp:1562:60: note: in definition of macro ‘X’
 1562 |         case NAME: { PRE; for (int i = 0; i < size; i++) { CODE; } } break;
      |                                                            ^~~~
./Processor/Instruction.hpp:1563:9: note: in expansion of macro ‘ARITHMETIC_INSTRUCTIONS’
 1563 |         ARITHMETIC_INSTRUCTIONS
      |         ^~~~~~~~~~~~~~~~~~~~~~~
./Processor/instructions.h:140:39: note: parameter passing for argument of type ‘Rep3Share<gf2n_long>’ when C++17 is enabled changed to match C++14 in GCC 10.1
  140 |             auto op2 = sgf2n::constant(int(n), Proc.P.my_num(), Proc2.MC.get_alphai()), \
      |                        ~~~~~~~~~~~~~~~^~~~~~~~~~~~~~~~~~~~~~~~~~~~~~~~~~~~~~~~~~~~~~~~
./Processor/Instruction.hpp:1562:22: note: in definition of macro ‘X’
 1562 |         case NAME: { PRE; for (int i = 0; i < size; i++) { CODE; } } break;
      |                      ^~~
./Processor/Instruction.hpp:1563:9: note: in expansion of macro ‘ARITHMETIC_INSTRUCTIONS’
 1563 |         ARITHMETIC_INSTRUCTIONS
      |         ^~~~~~~~~~~~~~~~~~~~~~~
./Processor/instructions.h:141:30: note: parameter passing for argument of type ‘FixedVec<gf2n_long, 2>’ when C++17 is enabled changed to match C++14 in GCC 10.1
  141 |             *dest++ = *op1++ - op2) \
      |                       ~~~~~~~^~~~~
./Processor/Instruction.hpp:1562:60: note: in definition of macro ‘X’
 1562 |         case NAME: { PRE; for (int i = 0; i < size; i++) { CODE; } } break;
      |                                                            ^~~~
./Processor/Instruction.hpp:1563:9: note: in expansion of macro ‘ARITHMETIC_INSTRUCTIONS’
 1563 |         ARITHMETIC_INSTRUCTIONS
      |         ^~~~~~~~~~~~~~~~~~~~~~~
./Processor/instructions.h:143:39: note: parameter passing for argument of type ‘Rep3Share<gf2n_long>’ when C++17 is enabled changed to match C++14 in GCC 10.1
  143 |             auto op2 = sgf2n::constant(int(n), Proc.P.my_num(), Proc2.MC.get_alphai()), \
      |                        ~~~~~~~~~~~~~~~^~~~~~~~~~~~~~~~~~~~~~~~~~~~~~~~~~~~~~~~~~~~~~~~
./Processor/Instruction.hpp:1562:22: note: in definition of macro ‘X’
 1562 |         case NAME: { PRE; for (int i = 0; i < size; i++) { CODE; } } break;
      |                      ^~~
./Processor/Instruction.hpp:1563:9: note: in expansion of macro ‘ARITHMETIC_INSTRUCTIONS’
 1563 |         ARITHMETIC_INSTRUCTIONS
      |         ^~~~~~~~~~~~~~~~~~~~~~~
./Processor/instructions.h:144:27: note: parameter passing for argument of type ‘FixedVec<gf2n_long, 2>’ when C++17 is enabled changed to match C++14 in GCC 10.1
  144 |             *dest++ = op2 - *op1++) \
      |                       ~~~~^~~~~~~~
./Processor/Instruction.hpp:1562:60: note: in definition of macro ‘X’
 1562 |         case NAME: { PRE; for (int i = 0; i < size; i++) { CODE; } } break;
      |                                                            ^~~~
./Processor/Instruction.hpp:1563:9: note: in expansion of macro ‘ARITHMETIC_INSTRUCTIONS’
 1563 |         ARITHMETIC_INSTRUCTIONS
      |         ^~~~~~~~~~~~~~~~~~~~~~~
./Processor/instructions.h:147:47: note: parameter passing for argument of type ‘Rep3Share<gf2n_long>’ when C++17 is enabled changed to match C++14 in GCC 10.1
  147 |             *dest++ = *op1++ - sgf2n::constant(*op2++, Proc.P.my_num(), Proc2.MC.get_alphai())) \
      |                                ~~~~~~~~~~~~~~~^~~~~~~~~~~~~~~~~~~~~~~~~~~~~~~~~~~~~~~~~~~~~~~~
./Processor/Instruction.hpp:1562:60: note: in definition of macro ‘X’
 1562 |         case NAME: { PRE; for (int i = 0; i < size; i++) { CODE; } } break;
      |                                                            ^~~~
./Processor/Instruction.hpp:1563:9: note: in expansion of macro ‘ARITHMETIC_INSTRUCTIONS’
 1563 |         ARITHMETIC_INSTRUCTIONS
      |         ^~~~~~~~~~~~~~~~~~~~~~~
./Processor/instructions.h:147:30: note: parameter passing for argument of type ‘FixedVec<gf2n_long, 2>’ when C++17 is enabled changed to match C++14 in GCC 10.1
  147 |             *dest++ = *op1++ - sgf2n::constant(*op2++, Proc.P.my_num(), Proc2.MC.get_alphai())) \
      |                       ~~~~~~~^~~~~~~~~~~~~~~~~~~~~~~~~~~~~~~~~~~~~~~~~~~~~~~~~~~~~~~~~~~~~~~~~
./Processor/Instruction.hpp:1562:60: note: in definition of macro ‘X’
 1562 |         case NAME: { PRE; for (int i = 0; i < size; i++) { CODE; } } break;
      |                                                            ^~~~
./Processor/Instruction.hpp:1563:9: note: in expansion of macro ‘ARITHMETIC_INSTRUCTIONS’
 1563 |         ARITHMETIC_INSTRUCTIONS
      |         ^~~~~~~~~~~~~~~~~~~~~~~
./Processor/instructions.h:147:47: note: parameter passing for argument of type ‘Rep3Share<gf2n_long>’ when C++17 is enabled changed to match C++14 in GCC 10.1
  147 |             *dest++ = *op1++ - sgf2n::constant(*op2++, Proc.P.my_num(), Proc2.MC.get_alphai())) \
      |                                ~~~~~~~~~~~~~~~^~~~~~~~~~~~~~~~~~~~~~~~~~~~~~~~~~~~~~~~~~~~~~~~
./Processor/Instruction.hpp:1562:60: note: in definition of macro ‘X’
 1562 |         case NAME: { PRE; for (int i = 0; i < size; i++) { CODE; } } break;
      |                                                            ^~~~
./Processor/Instruction.hpp:1563:9: note: in expansion of macro ‘ARITHMETIC_INSTRUCTIONS’
 1563 |         ARITHMETIC_INSTRUCTIONS
      |         ^~~~~~~~~~~~~~~~~~~~~~~
./Processor/instructions.h:147:30: note: parameter passing for argument of type ‘FixedVec<gf2n_long, 2>’ when C++17 is enabled changed to match C++14 in GCC 10.1
  147 |             *dest++ = *op1++ - sgf2n::constant(*op2++, Proc.P.my_num(), Proc2.MC.get_alphai())) \
      |                       ~~~~~~~^~~~~~~~~~~~~~~~~~~~~~~~~~~~~~~~~~~~~~~~~~~~~~~~~~~~~~~~~~~~~~~~~
./Processor/Instruction.hpp:1562:60: note: in definition of macro ‘X’
 1562 |         case NAME: { PRE; for (int i = 0; i < size; i++) { CODE; } } break;
      |                                                            ^~~~
./Processor/Instruction.hpp:1563:9: note: in expansion of macro ‘ARITHMETIC_INSTRUCTIONS’
 1563 |         ARITHMETIC_INSTRUCTIONS
      |         ^~~~~~~~~~~~~~~~~~~~~~~
./Processor/instructions.h:147:47: note: parameter passing for argument of type ‘Rep3Share<gf2n_long>’ when C++17 is enabled changed to match C++14 in GCC 10.1
  147 |             *dest++ = *op1++ - sgf2n::constant(*op2++, Proc.P.my_num(), Proc2.MC.get_alphai())) \
      |                                ~~~~~~~~~~~~~~~^~~~~~~~~~~~~~~~~~~~~~~~~~~~~~~~~~~~~~~~~~~~~~~~
./Processor/Instruction.hpp:1562:60: note: in definition of macro ‘X’
 1562 |         case NAME: { PRE; for (int i = 0; i < size; i++) { CODE; } } break;
      |                                                            ^~~~
./Processor/Instruction.hpp:1563:9: note: in expansion of macro ‘ARITHMETIC_INSTRUCTIONS’
 1563 |         ARITHMETIC_INSTRUCTIONS
      |         ^~~~~~~~~~~~~~~~~~~~~~~
./Processor/instructions.h:147:30: note: parameter passing for argument of type ‘FixedVec<gf2n_long, 2>’ when C++17 is enabled changed to match C++14 in GCC 10.1
  147 |             *dest++ = *op1++ - sgf2n::constant(*op2++, Proc.P.my_num(), Proc2.MC.get_alphai())) \
      |                       ~~~~~~~^~~~~~~~~~~~~~~~~~~~~~~~~~~~~~~~~~~~~~~~~~~~~~~~~~~~~~~~~~~~~~~~~
./Processor/Instruction.hpp:1562:60: note: in definition of macro ‘X’
 1562 |         case NAME: { PRE; for (int i = 0; i < size; i++) { CODE; } } break;
      |                                                            ^~~~
./Processor/Instruction.hpp:1563:9: note: in expansion of macro ‘ARITHMETIC_INSTRUCTIONS’
 1563 |         ARITHMETIC_INSTRUCTIONS
      |         ^~~~~~~~~~~~~~~~~~~~~~~
./Processor/instructions.h:150:38: note: parameter passing for argument of type ‘Rep3Share<gf2n_long>’ when C++17 is enabled changed to match C++14 in GCC 10.1
  150 |             *dest++ = sgf2n::constant(*op1++, Proc.P.my_num(), Proc2.MC.get_alphai()) - *op2++) \
      |                       ~~~~~~~~~~~~~~~^~~~~~~~~~~~~~~~~~~~~~~~~~~~~~~~~~~~~~~~~~~~~~~~
./Processor/Instruction.hpp:1562:60: note: in definition of macro ‘X’
 1562 |         case NAME: { PRE; for (int i = 0; i < size; i++) { CODE; } } break;
      |                                                            ^~~~
./Processor/Instruction.hpp:1563:9: note: in expansion of macro ‘ARITHMETIC_INSTRUCTIONS’
 1563 |         ARITHMETIC_INSTRUCTIONS
      |         ^~~~~~~~~~~~~~~~~~~~~~~
./Processor/instructions.h:150:87: note: parameter passing for argument of type ‘FixedVec<gf2n_long, 2>’ when C++17 is enabled changed to match C++14 in GCC 10.1
  150 |             *dest++ = sgf2n::constant(*op1++, Proc.P.my_num(), Proc2.MC.get_alphai()) - *op2++) \
      |                       ~~~~~~~~~~~~~~~~~~~~~~~~~~~~~~~~~~~~~~~~~~~~~~~~~~~~~~~~~~~~~~~~^~~~~~~~
./Processor/Instruction.hpp:1562:60: note: in definition of macro ‘X’
 1562 |         case NAME: { PRE; for (int i = 0; i < size; i++) { CODE; } } break;
      |                                                            ^~~~
./Processor/Instruction.hpp:1563:9: note: in expansion of macro ‘ARITHMETIC_INSTRUCTIONS’
 1563 |         ARITHMETIC_INSTRUCTIONS
      |         ^~~~~~~~~~~~~~~~~~~~~~~
./Processor/instructions.h:150:38: note: parameter passing for argument of type ‘Rep3Share<gf2n_long>’ when C++17 is enabled changed to match C++14 in GCC 10.1
  150 |             *dest++ = sgf2n::constant(*op1++, Proc.P.my_num(), Proc2.MC.get_alphai()) - *op2++) \
      |                       ~~~~~~~~~~~~~~~^~~~~~~~~~~~~~~~~~~~~~~~~~~~~~~~~~~~~~~~~~~~~~~~
./Processor/Instruction.hpp:1562:60: note: in definition of macro ‘X’
 1562 |         case NAME: { PRE; for (int i = 0; i < size; i++) { CODE; } } break;
      |                                                            ^~~~
./Processor/Instruction.hpp:1563:9: note: in expansion of macro ‘ARITHMETIC_INSTRUCTIONS’
 1563 |         ARITHMETIC_INSTRUCTIONS
      |         ^~~~~~~~~~~~~~~~~~~~~~~
./Processor/instructions.h:150:87: note: parameter passing for argument of type ‘FixedVec<gf2n_long, 2>’ when C++17 is enabled changed to match C++14 in GCC 10.1
  150 |             *dest++ = sgf2n::constant(*op1++, Proc.P.my_num(), Proc2.MC.get_alphai()) - *op2++) \
      |                       ~~~~~~~~~~~~~~~~~~~~~~~~~~~~~~~~~~~~~~~~~~~~~~~~~~~~~~~~~~~~~~~~^~~~~~~~
./Processor/Instruction.hpp:1562:60: note: in definition of macro ‘X’
 1562 |         case NAME: { PRE; for (int i = 0; i < size; i++) { CODE; } } break;
      |                                                            ^~~~
./Processor/Instruction.hpp:1563:9: note: in expansion of macro ‘ARITHMETIC_INSTRUCTIONS’
 1563 |         ARITHMETIC_INSTRUCTIONS
      |         ^~~~~~~~~~~~~~~~~~~~~~~
./Processor/instructions.h:153:30: note: parameter passing for argument of type ‘RepShare<gf2n_long, 2>’ when C++17 is enabled changed to match C++14 in GCC 10.1
  153 |             *dest++ = *op1++ * *op2++) \
      |                       ~~~~~~~^~~~~~~~
./Processor/Instruction.hpp:1562:60: note: in definition of macro ‘X’
 1562 |         case NAME: { PRE; for (int i = 0; i < size; i++) { CODE; } } break;
      |                                                            ^~~~
./Processor/Instruction.hpp:1563:9: note: in expansion of macro ‘ARITHMETIC_INSTRUCTIONS’
 1563 |         ARITHMETIC_INSTRUCTIONS
      |         ^~~~~~~~~~~~~~~~~~~~~~~
./Math/FixedVec.h: In function ‘FixedVec<T, L> operator*(const U&, const FixedVec<T, L>&) [with U = gf2n_long; T = gf2n_long; int L = 2]’:
./Math/FixedVec.h:430:16: note: parameter passing for argument of type ‘FixedVec<gf2n_long, 2>’ when C++17 is enabled changed to match C++14 in GCC 10.1
  430 | FixedVec<T, L> operator*(const U& a, const FixedVec<T, L>& b)
      |                ^~~~~~~~
./Protocols/Beaver.hpp: In member function ‘T Beaver<T>::finalize_mul(int) [with T = MaliciousRep3Share<gf2n_long>]’:
./Protocols/Beaver.hpp:95:26: note: parameter passing for argument of type ‘RepShare<gf2n_long, 2>’ when C++17 is enabled changed to match C++14 in GCC 10.1
   95 |     tmp += ((*triple)[0] * masked[1]);
      |            ~~~~~~~~~~~~~~^~~~~~~~~~~~
./Protocols/Beaver.hpp:85:3: note: parameter passing for argument of type ‘FixedVec<gf2n_long, 2>’ when C++17 is enabled changed to match C++14 in GCC 10.1
   85 | T Beaver<T>::finalize_mul(int n)
      |   ^~~~~~~~~
./Protocols/Beaver.hpp:85:3: note: parameter passing for argument of type ‘Rep3Share<gf2n_long>’ when C++17 is enabled changed to match C++14 in GCC 10.1
./Protocols/Beaver.hpp:85:3: note: parameter passing for argument of type ‘MaliciousRep3Share<gf2n_long>’ when C++17 is enabled changed to match C++14 in GCC 10.1
./Protocols/Beaver.hpp:85:3: note: parameter passing for argument of type ‘FixedVec<gf2n_long, 2>’ when C++17 is enabled changed to match C++14 in GCC 10.1
./Protocols/Beaver.hpp:85:3: note: parameter passing for argument of type ‘Rep3Share<gf2n_long>’ when C++17 is enabled changed to match C++14 in GCC 10.1
./Protocols/Beaver.hpp:85:3: note: parameter passing for argument of type ‘MaliciousRep3Share<gf2n_long>’ when C++17 is enabled changed to match C++14 in GCC 10.1
./Protocols/Beaver.hpp:94:23: note: parameter passing for argument of type ‘FixedVec<gf2n_long, 2>’ when C++17 is enabled changed to match C++14 in GCC 10.1
   94 |     tmp += (masked[0] * (*triple)[1]);
      |            ~~~~~~~~~~~^~~~~~~~~~~~~~~
./Protocols/Beaver.hpp:96:23: note: parameter passing for argument of type ‘Rep3Share<gf2n_long>’ when C++17 is enabled changed to match C++14 in GCC 10.1
   96 |     tmp += T::constant(masked[0] * masked[1], P.my_num(), MC->get_alphai());
      |            ~~~~~~~~~~~^~~~~~~~~~~~~~~~~~~~~~~~~~~~~~~~~~~~~~~~~~~~~~~~~~~~~
./Protocols/Beaver.hpp: In function ‘T Beaver<T>::finalize_mul(int) [with T = MaliciousRep3Share<gf2n_long>]’:
./Protocols/Beaver.hpp:95:26: note: parameter passing for argument of type ‘RepShare<gf2n_long, 2>’ when C++17 is enabled changed to match C++14 in GCC 10.1
   95 |     tmp += ((*triple)[0] * masked[1]);
      |            ~~~~~~~~~~~~~~^~~~~~~~~~~~
./Protocols/Beaver.hpp:85:3: note: parameter passing for argument of type ‘FixedVec<gf2n_long, 2>’ when C++17 is enabled changed to match C++14 in GCC 10.1
   85 | T Beaver<T>::finalize_mul(int n)
      |   ^~~~~~~~~
./Protocols/Beaver.hpp:85:3: note: parameter passing for argument of type ‘Rep3Share<gf2n_long>’ when C++17 is enabled changed to match C++14 in GCC 10.1
./Protocols/Beaver.hpp:85:3: note: parameter passing for argument of type ‘MaliciousRep3Share<gf2n_long>’ when C++17 is enabled changed to match C++14 in GCC 10.1
./Protocols/Beaver.hpp:85:3: note: parameter passing for argument of type ‘FixedVec<gf2n_long, 2>’ when C++17 is enabled changed to match C++14 in GCC 10.1
./Protocols/Beaver.hpp:85:3: note: parameter passing for argument of type ‘Rep3Share<gf2n_long>’ when C++17 is enabled changed to match C++14 in GCC 10.1
./Protocols/Beaver.hpp:85:3: note: parameter passing for argument of type ‘MaliciousRep3Share<gf2n_long>’ when C++17 is enabled changed to match C++14 in GCC 10.1
./Protocols/Beaver.hpp:94:23: note: parameter passing for argument of type ‘FixedVec<gf2n_long, 2>’ when C++17 is enabled changed to match C++14 in GCC 10.1
   94 |     tmp += (masked[0] * (*triple)[1]);
      |            ~~~~~~~~~~~^~~~~~~~~~~~~~~
./Protocols/Beaver.hpp:96:23: note: parameter passing for argument of type ‘Rep3Share<gf2n_long>’ when C++17 is enabled changed to match C++14 in GCC 10.1
   96 |     tmp += T::constant(masked[0] * masked[1], P.my_num(), MC->get_alphai());
      |            ~~~~~~~~~~~^~~~~~~~~~~~~~~~~~~~~~~~~~~~~~~~~~~~~~~~~~~~~~~~~~~~~
./Protocols/Replicated.hpp: In member function ‘T ProtocolBase<T>::finalize_dotprod(int) [with T = MaliciousRep3Share<gf2n_long>]’:
./Protocols/Replicated.hpp:171:3: note: parameter passing for argument of type ‘MaliciousRep3Share<gf2n_long>’ when C++17 is enabled changed to match C++14 in GCC 10.1
  171 | T ProtocolBase<T>::finalize_dotprod(int length)
      |   ^~~~~~~~~~~~~~~
./Processor/Instruction.hpp: In member function ‘void Program::execute_with_errors(Processor<sint, sgf2n>&) const [with sint = Rep3Share<gfp_<0, 3> >; sgf2n = Rep3Share<gf2n_long>]’:
./Processor/Instruction.hpp:1513:6: note: parameter passing for argument of type ‘Rep3Share<gf2n_long>’ when C++17 is enabled changed to match C++14 in GCC 10.1
 1513 | void Program::execute_with_errors(Processor<sint, sgf2n>& Proc) const
      |      ^~~~~~~
./Processor/Instruction.hpp:1513:6: note: parameter passing for argument of type ‘FixedVec<gf2n_long, 2>’ when C++17 is enabled changed to match C++14 in GCC 10.1
./Processor/Instruction.hpp:1513:6: note: parameter passing for argument of type ‘Rep3Share<gf2n_long>’ when C++17 is enabled changed to match C++14 in GCC 10.1
./Processor/Instruction.hpp:1513:6: note: parameter passing for argument of type ‘FixedVec<gf2n_long, 2>’ when C++17 is enabled changed to match C++14 in GCC 10.1
./Processor/Instruction.hpp:1513:6: note: parameter passing for argument of type ‘Rep3Share<gf2n_long>’ when C++17 is enabled changed to match C++14 in GCC 10.1
./Processor/Instruction.hpp:1513:6: note: parameter passing for argument of type ‘FixedVec<gf2n_long, 2>’ when C++17 is enabled changed to match C++14 in GCC 10.1
./Processor/Instruction.hpp:1513:6: note: parameter passing for argument of type ‘Rep3Share<gf2n_long>’ when C++17 is enabled changed to match C++14 in GCC 10.1
./Processor/Instruction.hpp:1513:6: note: parameter passing for argument of type ‘FixedVec<gf2n_long, 2>’ when C++17 is enabled changed to match C++14 in GCC 10.1
./Processor/Instruction.hpp:1513:6: note: parameter passing for argument of type ‘Rep3Share<gf2n_long>’ when C++17 is enabled changed to match C++14 in GCC 10.1
./Processor/Instruction.hpp:1513:6: note: parameter passing for argument of type ‘FixedVec<gf2n_long, 2>’ when C++17 is enabled changed to match C++14 in GCC 10.1
./Processor/Instruction.hpp:1513:6: note: parameter passing for argument of type ‘Rep3Share<gf2n_long>’ when C++17 is enabled changed to match C++14 in GCC 10.1
./Processor/Instruction.hpp:1513:6: note: parameter passing for argument of type ‘FixedVec<gf2n_long, 2>’ when C++17 is enabled changed to match C++14 in GCC 10.1
./Processor/Instruction.hpp:1513:6: note: parameter passing for argument of type ‘Rep3Share<gf2n_long>’ when C++17 is enabled changed to match C++14 in GCC 10.1
./Processor/Instruction.hpp:1513:6: note: parameter passing for argument of type ‘FixedVec<gf2n_long, 2>’ when C++17 is enabled changed to match C++14 in GCC 10.1
./Processor/Instruction.hpp:1513:6: note: parameter passing for argument of type ‘RepShare<gf2n_long, 2>’ when C++17 is enabled changed to match C++14 in GCC 10.1
./Processor/instructions.h:118:39: note: parameter passing for argument of type ‘Rep3Share<gf2n_long>’ when C++17 is enabled changed to match C++14 in GCC 10.1
  118 |             auto tmp = sgf2n::constant(int(n), Proc.P.my_num(), Proc2.MC.get_alphai()), \
      |                        ~~~~~~~~~~~~~~~^~~~~~~~~~~~~~~~~~~~~~~~~~~~~~~~~~~~~~~~~~~~~~~~
./Processor/Instruction.hpp:1562:22: note: in definition of macro ‘X’
 1562 |         case NAME: { PRE; for (int i = 0; i < size; i++) { CODE; } } break;
      |                      ^~~
./Processor/Instruction.hpp:1563:9: note: in expansion of macro ‘ARITHMETIC_INSTRUCTIONS’
 1563 |         ARITHMETIC_INSTRUCTIONS
      |         ^~~~~~~~~~~~~~~~~~~~~~~
./Processor/instructions.h:130:30: note: parameter passing for argument of type ‘FixedVec<gf2n_long, 2>’ when C++17 is enabled changed to match C++14 in GCC 10.1
  130 |             *dest++ = *op1++ + *op2++) \
      |                       ~~~~~~~^~~~~~~~
./Processor/Instruction.hpp:1562:60: note: in definition of macro ‘X’
 1562 |         case NAME: { PRE; for (int i = 0; i < size; i++) { CODE; } } break;
      |                                                            ^~~~
./Processor/Instruction.hpp:1563:9: note: in expansion of macro ‘ARITHMETIC_INSTRUCTIONS’
 1563 |         ARITHMETIC_INSTRUCTIONS
      |         ^~~~~~~~~~~~~~~~~~~~~~~
./Processor/instructions.h:133:47: note: parameter passing for argument of type ‘Rep3Share<gf2n_long>’ when C++17 is enabled changed to match C++14 in GCC 10.1
  133 |             *dest++ = *op1++ + sgf2n::constant(*op2++, Proc.P.my_num(), Proc2.MC.get_alphai())) \
      |                                ~~~~~~~~~~~~~~~^~~~~~~~~~~~~~~~~~~~~~~~~~~~~~~~~~~~~~~~~~~~~~~~
./Processor/Instruction.hpp:1562:60: note: in definition of macro ‘X’
 1562 |         case NAME: { PRE; for (int i = 0; i < size; i++) { CODE; } } break;
      |                                                            ^~~~
./Processor/Instruction.hpp:1563:9: note: in expansion of macro ‘ARITHMETIC_INSTRUCTIONS’
 1563 |         ARITHMETIC_INSTRUCTIONS
      |         ^~~~~~~~~~~~~~~~~~~~~~~
./Processor/instructions.h:133:30: note: parameter passing for argument of type ‘FixedVec<gf2n_long, 2>’ when C++17 is enabled changed to match C++14 in GCC 10.1
  133 |             *dest++ = *op1++ + sgf2n::constant(*op2++, Proc.P.my_num(), Proc2.MC.get_alphai())) \
      |                       ~~~~~~~^~~~~~~~~~~~~~~~~~~~~~~~~~~~~~~~~~~~~~~~~~~~~~~~~~~~~~~~~~~~~~~~~
./Processor/Instruction.hpp:1562:60: note: in definition of macro ‘X’
 1562 |         case NAME: { PRE; for (int i = 0; i < size; i++) { CODE; } } break;
      |                                                            ^~~~
./Processor/Instruction.hpp:1563:9: note: in expansion of macro ‘ARITHMETIC_INSTRUCTIONS’
 1563 |         ARITHMETIC_INSTRUCTIONS
      |         ^~~~~~~~~~~~~~~~~~~~~~~
./Processor/instructions.h:133:47: note: parameter passing for argument of type ‘Rep3Share<gf2n_long>’ when C++17 is enabled changed to match C++14 in GCC 10.1
  133 |             *dest++ = *op1++ + sgf2n::constant(*op2++, Proc.P.my_num(), Proc2.MC.get_alphai())) \
      |                                ~~~~~~~~~~~~~~~^~~~~~~~~~~~~~~~~~~~~~~~~~~~~~~~~~~~~~~~~~~~~~~~
./Processor/Instruction.hpp:1562:60: note: in definition of macro ‘X’
 1562 |         case NAME: { PRE; for (int i = 0; i < size; i++) { CODE; } } break;
      |                                                            ^~~~
./Processor/Instruction.hpp:1563:9: note: in expansion of macro ‘ARITHMETIC_INSTRUCTIONS’
 1563 |         ARITHMETIC_INSTRUCTIONS
      |         ^~~~~~~~~~~~~~~~~~~~~~~
./Processor/instructions.h:133:30: note: parameter passing for argument of type ‘FixedVec<gf2n_long, 2>’ when C++17 is enabled changed to match C++14 in GCC 10.1
  133 |             *dest++ = *op1++ + sgf2n::constant(*op2++, Proc.P.my_num(), Proc2.MC.get_alphai())) \
      |                       ~~~~~~~^~~~~~~~~~~~~~~~~~~~~~~~~~~~~~~~~~~~~~~~~~~~~~~~~~~~~~~~~~~~~~~~~
./Processor/Instruction.hpp:1562:60: note: in definition of macro ‘X’
 1562 |         case NAME: { PRE; for (int i = 0; i < size; i++) { CODE; } } break;
      |                                                            ^~~~
./Processor/Instruction.hpp:1563:9: note: in expansion of macro ‘ARITHMETIC_INSTRUCTIONS’
 1563 |         ARITHMETIC_INSTRUCTIONS
      |         ^~~~~~~~~~~~~~~~~~~~~~~
./Processor/instructions.h:133:47: note: parameter passing for argument of type ‘Rep3Share<gf2n_long>’ when C++17 is enabled changed to match C++14 in GCC 10.1
  133 |             *dest++ = *op1++ + sgf2n::constant(*op2++, Proc.P.my_num(), Proc2.MC.get_alphai())) \
      |                                ~~~~~~~~~~~~~~~^~~~~~~~~~~~~~~~~~~~~~~~~~~~~~~~~~~~~~~~~~~~~~~~
./Processor/Instruction.hpp:1562:60: note: in definition of macro ‘X’
 1562 |         case NAME: { PRE; for (int i = 0; i < size; i++) { CODE; } } break;
      |                                                            ^~~~
./Processor/Instruction.hpp:1563:9: note: in expansion of macro ‘ARITHMETIC_INSTRUCTIONS’
 1563 |         ARITHMETIC_INSTRUCTIONS
      |         ^~~~~~~~~~~~~~~~~~~~~~~
./Processor/instructions.h:133:30: note: parameter passing for argument of type ‘FixedVec<gf2n_long, 2>’ when C++17 is enabled changed to match C++14 in GCC 10.1
  133 |             *dest++ = *op1++ + sgf2n::constant(*op2++, Proc.P.my_num(), Proc2.MC.get_alphai())) \
      |                       ~~~~~~~^~~~~~~~~~~~~~~~~~~~~~~~~~~~~~~~~~~~~~~~~~~~~~~~~~~~~~~~~~~~~~~~~
./Processor/Instruction.hpp:1562:60: note: in definition of macro ‘X’
 1562 |         case NAME: { PRE; for (int i = 0; i < size; i++) { CODE; } } break;
      |                                                            ^~~~
./Processor/Instruction.hpp:1563:9: note: in expansion of macro ‘ARITHMETIC_INSTRUCTIONS’
 1563 |         ARITHMETIC_INSTRUCTIONS
      |         ^~~~~~~~~~~~~~~~~~~~~~~
./Processor/instructions.h:135:47: note: parameter passing for argument of type ‘Rep3Share<gf2n_long>’ when C++17 is enabled changed to match C++14 in GCC 10.1
  135 |             *dest++ = *op1++ + sgf2n::constant(int(n), Proc.P.my_num(), Proc2.MC.get_alphai())) \
      |                                ~~~~~~~~~~~~~~~^~~~~~~~~~~~~~~~~~~~~~~~~~~~~~~~~~~~~~~~~~~~~~~~
./Processor/Instruction.hpp:1562:60: note: in definition of macro ‘X’
 1562 |         case NAME: { PRE; for (int i = 0; i < size; i++) { CODE; } } break;
      |                                                            ^~~~
./Processor/Instruction.hpp:1563:9: note: in expansion of macro ‘ARITHMETIC_INSTRUCTIONS’
 1563 |         ARITHMETIC_INSTRUCTIONS
      |         ^~~~~~~~~~~~~~~~~~~~~~~
./Processor/instructions.h:135:30: note: parameter passing for argument of type ‘FixedVec<gf2n_long, 2>’ when C++17 is enabled changed to match C++14 in GCC 10.1
  135 |             *dest++ = *op1++ + sgf2n::constant(int(n), Proc.P.my_num(), Proc2.MC.get_alphai())) \
      |                       ~~~~~~~^~~~~~~~~~~~~~~~~~~~~~~~~~~~~~~~~~~~~~~~~~~~~~~~~~~~~~~~~~~~~~~~~
./Processor/Instruction.hpp:1562:60: note: in definition of macro ‘X’
 1562 |         case NAME: { PRE; for (int i = 0; i < size; i++) { CODE; } } break;
      |                                                            ^~~~
./Processor/Instruction.hpp:1563:9: note: in expansion of macro ‘ARITHMETIC_INSTRUCTIONS’
 1563 |         ARITHMETIC_INSTRUCTIONS
      |         ^~~~~~~~~~~~~~~~~~~~~~~
./Processor/instructions.h:135:47: note: parameter passing for argument of type ‘Rep3Share<gf2n_long>’ when C++17 is enabled changed to match C++14 in GCC 10.1
  135 |             *dest++ = *op1++ + sgf2n::constant(int(n), Proc.P.my_num(), Proc2.MC.get_alphai())) \
      |                                ~~~~~~~~~~~~~~~^~~~~~~~~~~~~~~~~~~~~~~~~~~~~~~~~~~~~~~~~~~~~~~~
./Processor/Instruction.hpp:1562:60: note: in definition of macro ‘X’
 1562 |         case NAME: { PRE; for (int i = 0; i < size; i++) { CODE; } } break;
      |                                                            ^~~~
./Processor/Instruction.hpp:1563:9: note: in expansion of macro ‘ARITHMETIC_INSTRUCTIONS’
 1563 |         ARITHMETIC_INSTRUCTIONS
      |         ^~~~~~~~~~~~~~~~~~~~~~~
./Processor/instructions.h:135:30: note: parameter passing for argument of type ‘FixedVec<gf2n_long, 2>’ when C++17 is enabled changed to match C++14 in GCC 10.1
  135 |             *dest++ = *op1++ + sgf2n::constant(int(n), Proc.P.my_num(), Proc2.MC.get_alphai())) \
      |                       ~~~~~~~^~~~~~~~~~~~~~~~~~~~~~~~~~~~~~~~~~~~~~~~~~~~~~~~~~~~~~~~~~~~~~~~~
./Processor/Instruction.hpp:1562:60: note: in definition of macro ‘X’
 1562 |         case NAME: { PRE; for (int i = 0; i < size; i++) { CODE; } } break;
      |                                                            ^~~~
./Processor/Instruction.hpp:1563:9: note: in expansion of macro ‘ARITHMETIC_INSTRUCTIONS’
 1563 |         ARITHMETIC_INSTRUCTIONS
      |         ^~~~~~~~~~~~~~~~~~~~~~~
./Processor/instructions.h:135:47: note: parameter passing for argument of type ‘Rep3Share<gf2n_long>’ when C++17 is enabled changed to match C++14 in GCC 10.1
  135 |             *dest++ = *op1++ + sgf2n::constant(int(n), Proc.P.my_num(), Proc2.MC.get_alphai())) \
      |                                ~~~~~~~~~~~~~~~^~~~~~~~~~~~~~~~~~~~~~~~~~~~~~~~~~~~~~~~~~~~~~~~
./Processor/Instruction.hpp:1562:60: note: in definition of macro ‘X’
 1562 |         case NAME: { PRE; for (int i = 0; i < size; i++) { CODE; } } break;
      |                                                            ^~~~
./Processor/Instruction.hpp:1563:9: note: in expansion of macro ‘ARITHMETIC_INSTRUCTIONS’
 1563 |         ARITHMETIC_INSTRUCTIONS
      |         ^~~~~~~~~~~~~~~~~~~~~~~
./Processor/instructions.h:135:30: note: parameter passing for argument of type ‘FixedVec<gf2n_long, 2>’ when C++17 is enabled changed to match C++14 in GCC 10.1
  135 |             *dest++ = *op1++ + sgf2n::constant(int(n), Proc.P.my_num(), Proc2.MC.get_alphai())) \
      |                       ~~~~~~~^~~~~~~~~~~~~~~~~~~~~~~~~~~~~~~~~~~~~~~~~~~~~~~~~~~~~~~~~~~~~~~~~
./Processor/Instruction.hpp:1562:60: note: in definition of macro ‘X’
 1562 |         case NAME: { PRE; for (int i = 0; i < size; i++) { CODE; } } break;
      |                                                            ^~~~
./Processor/Instruction.hpp:1563:9: note: in expansion of macro ‘ARITHMETIC_INSTRUCTIONS’
 1563 |         ARITHMETIC_INSTRUCTIONS
      |         ^~~~~~~~~~~~~~~~~~~~~~~
./Processor/instructions.h:140:39: note: parameter passing for argument of type ‘Rep3Share<gf2n_long>’ when C++17 is enabled changed to match C++14 in GCC 10.1
  140 |             auto op2 = sgf2n::constant(int(n), Proc.P.my_num(), Proc2.MC.get_alphai()), \
      |                        ~~~~~~~~~~~~~~~^~~~~~~~~~~~~~~~~~~~~~~~~~~~~~~~~~~~~~~~~~~~~~~~
./Processor/Instruction.hpp:1562:22: note: in definition of macro ‘X’
 1562 |         case NAME: { PRE; for (int i = 0; i < size; i++) { CODE; } } break;
      |                      ^~~
./Processor/Instruction.hpp:1563:9: note: in expansion of macro ‘ARITHMETIC_INSTRUCTIONS’
 1563 |         ARITHMETIC_INSTRUCTIONS
      |         ^~~~~~~~~~~~~~~~~~~~~~~
./Processor/instructions.h:141:30: note: parameter passing for argument of type ‘FixedVec<gf2n_long, 2>’ when C++17 is enabled changed to match C++14 in GCC 10.1
  141 |             *dest++ = *op1++ - op2) \
      |                       ~~~~~~~^~~~~
./Processor/Instruction.hpp:1562:60: note: in definition of macro ‘X’
 1562 |         case NAME: { PRE; for (int i = 0; i < size; i++) { CODE; } } break;
      |                                                            ^~~~
./Processor/Instruction.hpp:1563:9: note: in expansion of macro ‘ARITHMETIC_INSTRUCTIONS’
 1563 |         ARITHMETIC_INSTRUCTIONS
      |         ^~~~~~~~~~~~~~~~~~~~~~~
./Processor/instructions.h:143:39: note: parameter passing for argument of type ‘Rep3Share<gf2n_long>’ when C++17 is enabled changed to match C++14 in GCC 10.1
  143 |             auto op2 = sgf2n::constant(int(n), Proc.P.my_num(), Proc2.MC.get_alphai()), \
      |                        ~~~~~~~~~~~~~~~^~~~~~~~~~~~~~~~~~~~~~~~~~~~~~~~~~~~~~~~~~~~~~~~
./Processor/Instruction.hpp:1562:22: note: in definition of macro ‘X’
 1562 |         case NAME: { PRE; for (int i = 0; i < size; i++) { CODE; } } break;
      |                      ^~~
./Processor/Instruction.hpp:1563:9: note: in expansion of macro ‘ARITHMETIC_INSTRUCTIONS’
 1563 |         ARITHMETIC_INSTRUCTIONS
      |         ^~~~~~~~~~~~~~~~~~~~~~~
./Processor/instructions.h:144:27: note: parameter passing for argument of type ‘FixedVec<gf2n_long, 2>’ when C++17 is enabled changed to match C++14 in GCC 10.1
  144 |             *dest++ = op2 - *op1++) \
      |                       ~~~~^~~~~~~~
./Processor/Instruction.hpp:1562:60: note: in definition of macro ‘X’
 1562 |         case NAME: { PRE; for (int i = 0; i < size; i++) { CODE; } } break;
      |                                                            ^~~~
./Processor/Instruction.hpp:1563:9: note: in expansion of macro ‘ARITHMETIC_INSTRUCTIONS’
 1563 |         ARITHMETIC_INSTRUCTIONS
      |         ^~~~~~~~~~~~~~~~~~~~~~~
./Processor/instructions.h:147:47: note: parameter passing for argument of type ‘Rep3Share<gf2n_long>’ when C++17 is enabled changed to match C++14 in GCC 10.1
  147 |             *dest++ = *op1++ - sgf2n::constant(*op2++, Proc.P.my_num(), Proc2.MC.get_alphai())) \
      |                                ~~~~~~~~~~~~~~~^~~~~~~~~~~~~~~~~~~~~~~~~~~~~~~~~~~~~~~~~~~~~~~~
./Processor/Instruction.hpp:1562:60: note: in definition of macro ‘X’
 1562 |         case NAME: { PRE; for (int i = 0; i < size; i++) { CODE; } } break;
      |                                                            ^~~~
./Processor/Instruction.hpp:1563:9: note: in expansion of macro ‘ARITHMETIC_INSTRUCTIONS’
 1563 |         ARITHMETIC_INSTRUCTIONS
      |         ^~~~~~~~~~~~~~~~~~~~~~~
./Processor/instructions.h:147:30: note: parameter passing for argument of type ‘FixedVec<gf2n_long, 2>’ when C++17 is enabled changed to match C++14 in GCC 10.1
  147 |             *dest++ = *op1++ - sgf2n::constant(*op2++, Proc.P.my_num(), Proc2.MC.get_alphai())) \
      |                       ~~~~~~~^~~~~~~~~~~~~~~~~~~~~~~~~~~~~~~~~~~~~~~~~~~~~~~~~~~~~~~~~~~~~~~~~
./Processor/Instruction.hpp:1562:60: note: in definition of macro ‘X’
 1562 |         case NAME: { PRE; for (int i = 0; i < size; i++) { CODE; } } break;
      |                                                            ^~~~
./Processor/Instruction.hpp:1563:9: note: in expansion of macro ‘ARITHMETIC_INSTRUCTIONS’
 1563 |         ARITHMETIC_INSTRUCTIONS
      |         ^~~~~~~~~~~~~~~~~~~~~~~
./Processor/instructions.h:147:47: note: parameter passing for argument of type ‘Rep3Share<gf2n_long>’ when C++17 is enabled changed to match C++14 in GCC 10.1
  147 |             *dest++ = *op1++ - sgf2n::constant(*op2++, Proc.P.my_num(), Proc2.MC.get_alphai())) \
      |                                ~~~~~~~~~~~~~~~^~~~~~~~~~~~~~~~~~~~~~~~~~~~~~~~~~~~~~~~~~~~~~~~
./Processor/Instruction.hpp:1562:60: note: in definition of macro ‘X’
 1562 |         case NAME: { PRE; for (int i = 0; i < size; i++) { CODE; } } break;
      |                                                            ^~~~
./Processor/Instruction.hpp:1563:9: note: in expansion of macro ‘ARITHMETIC_INSTRUCTIONS’
 1563 |         ARITHMETIC_INSTRUCTIONS
      |         ^~~~~~~~~~~~~~~~~~~~~~~
./Processor/instructions.h:147:30: note: parameter passing for argument of type ‘FixedVec<gf2n_long, 2>’ when C++17 is enabled changed to match C++14 in GCC 10.1
  147 |             *dest++ = *op1++ - sgf2n::constant(*op2++, Proc.P.my_num(), Proc2.MC.get_alphai())) \
      |                       ~~~~~~~^~~~~~~~~~~~~~~~~~~~~~~~~~~~~~~~~~~~~~~~~~~~~~~~~~~~~~~~~~~~~~~~~
./Processor/Instruction.hpp:1562:60: note: in definition of macro ‘X’
 1562 |         case NAME: { PRE; for (int i = 0; i < size; i++) { CODE; } } break;
      |                                                            ^~~~
./Processor/Instruction.hpp:1563:9: note: in expansion of macro ‘ARITHMETIC_INSTRUCTIONS’
 1563 |         ARITHMETIC_INSTRUCTIONS
      |         ^~~~~~~~~~~~~~~~~~~~~~~
./Processor/instructions.h:147:47: note: parameter passing for argument of type ‘Rep3Share<gf2n_long>’ when C++17 is enabled changed to match C++14 in GCC 10.1
  147 |             *dest++ = *op1++ - sgf2n::constant(*op2++, Proc.P.my_num(), Proc2.MC.get_alphai())) \
      |                                ~~~~~~~~~~~~~~~^~~~~~~~~~~~~~~~~~~~~~~~~~~~~~~~~~~~~~~~~~~~~~~~
./Processor/Instruction.hpp:1562:60: note: in definition of macro ‘X’
 1562 |         case NAME: { PRE; for (int i = 0; i < size; i++) { CODE; } } break;
      |                                                            ^~~~
./Processor/Instruction.hpp:1563:9: note: in expansion of macro ‘ARITHMETIC_INSTRUCTIONS’
 1563 |         ARITHMETIC_INSTRUCTIONS
      |         ^~~~~~~~~~~~~~~~~~~~~~~
./Processor/instructions.h:147:30: note: parameter passing for argument of type ‘FixedVec<gf2n_long, 2>’ when C++17 is enabled changed to match C++14 in GCC 10.1
  147 |             *dest++ = *op1++ - sgf2n::constant(*op2++, Proc.P.my_num(), Proc2.MC.get_alphai())) \
      |                       ~~~~~~~^~~~~~~~~~~~~~~~~~~~~~~~~~~~~~~~~~~~~~~~~~~~~~~~~~~~~~~~~~~~~~~~~
./Processor/Instruction.hpp:1562:60: note: in definition of macro ‘X’
 1562 |         case NAME: { PRE; for (int i = 0; i < size; i++) { CODE; } } break;
      |                                                            ^~~~
./Processor/Instruction.hpp:1563:9: note: in expansion of macro ‘ARITHMETIC_INSTRUCTIONS’
 1563 |         ARITHMETIC_INSTRUCTIONS
      |         ^~~~~~~~~~~~~~~~~~~~~~~
./Processor/instructions.h:150:38: note: parameter passing for argument of type ‘Rep3Share<gf2n_long>’ when C++17 is enabled changed to match C++14 in GCC 10.1
  150 |             *dest++ = sgf2n::constant(*op1++, Proc.P.my_num(), Proc2.MC.get_alphai()) - *op2++) \
      |                       ~~~~~~~~~~~~~~~^~~~~~~~~~~~~~~~~~~~~~~~~~~~~~~~~~~~~~~~~~~~~~~~
./Processor/Instruction.hpp:1562:60: note: in definition of macro ‘X’
 1562 |         case NAME: { PRE; for (int i = 0; i < size; i++) { CODE; } } break;
      |                                                            ^~~~
./Processor/Instruction.hpp:1563:9: note: in expansion of macro ‘ARITHMETIC_INSTRUCTIONS’
 1563 |         ARITHMETIC_INSTRUCTIONS
      |         ^~~~~~~~~~~~~~~~~~~~~~~
./Processor/instructions.h:150:87: note: parameter passing for argument of type ‘FixedVec<gf2n_long, 2>’ when C++17 is enabled changed to match C++14 in GCC 10.1
  150 |             *dest++ = sgf2n::constant(*op1++, Proc.P.my_num(), Proc2.MC.get_alphai()) - *op2++) \
      |                       ~~~~~~~~~~~~~~~~~~~~~~~~~~~~~~~~~~~~~~~~~~~~~~~~~~~~~~~~~~~~~~~~^~~~~~~~
./Processor/Instruction.hpp:1562:60: note: in definition of macro ‘X’
 1562 |         case NAME: { PRE; for (int i = 0; i < size; i++) { CODE; } } break;
      |                                                            ^~~~
./Processor/Instruction.hpp:1563:9: note: in expansion of macro ‘ARITHMETIC_INSTRUCTIONS’
 1563 |         ARITHMETIC_INSTRUCTIONS
      |         ^~~~~~~~~~~~~~~~~~~~~~~
./Processor/instructions.h:150:38: note: parameter passing for argument of type ‘Rep3Share<gf2n_long>’ when C++17 is enabled changed to match C++14 in GCC 10.1
  150 |             *dest++ = sgf2n::constant(*op1++, Proc.P.my_num(), Proc2.MC.get_alphai()) - *op2++) \
      |                       ~~~~~~~~~~~~~~~^~~~~~~~~~~~~~~~~~~~~~~~~~~~~~~~~~~~~~~~~~~~~~~~
./Processor/Instruction.hpp:1562:60: note: in definition of macro ‘X’
 1562 |         case NAME: { PRE; for (int i = 0; i < size; i++) { CODE; } } break;
      |                                                            ^~~~
./Processor/Instruction.hpp:1563:9: note: in expansion of macro ‘ARITHMETIC_INSTRUCTIONS’
 1563 |         ARITHMETIC_INSTRUCTIONS
      |         ^~~~~~~~~~~~~~~~~~~~~~~
./Processor/instructions.h:150:87: note: parameter passing for argument of type ‘FixedVec<gf2n_long, 2>’ when C++17 is enabled changed to match C++14 in GCC 10.1
  150 |             *dest++ = sgf2n::constant(*op1++, Proc.P.my_num(), Proc2.MC.get_alphai()) - *op2++) \
      |                       ~~~~~~~~~~~~~~~~~~~~~~~~~~~~~~~~~~~~~~~~~~~~~~~~~~~~~~~~~~~~~~~~^~~~~~~~
./Processor/Instruction.hpp:1562:60: note: in definition of macro ‘X’
 1562 |         case NAME: { PRE; for (int i = 0; i < size; i++) { CODE; } } break;
      |                                                            ^~~~
./Processor/Instruction.hpp:1563:9: note: in expansion of macro ‘ARITHMETIC_INSTRUCTIONS’
 1563 |         ARITHMETIC_INSTRUCTIONS
      |         ^~~~~~~~~~~~~~~~~~~~~~~
./Processor/instructions.h:153:30: note: parameter passing for argument of type ‘RepShare<gf2n_long, 2>’ when C++17 is enabled changed to match C++14 in GCC 10.1
  153 |             *dest++ = *op1++ * *op2++) \
      |                       ~~~~~~~^~~~~~~~
./Processor/Instruction.hpp:1562:60: note: in definition of macro ‘X’
 1562 |         case NAME: { PRE; for (int i = 0; i < size; i++) { CODE; } } break;
      |                                                            ^~~~
./Processor/Instruction.hpp:1563:9: note: in expansion of macro ‘ARITHMETIC_INSTRUCTIONS’
 1563 |         ARITHMETIC_INSTRUCTIONS
      |         ^~~~~~~~~~~~~~~~~~~~~~~
./Processor/Instruction.hpp: In member function ‘void Program::execute_with_errors(Processor<sint, sgf2n>&) const [with sint = Rep3Share<gfp_<0, 4> >; sgf2n = Rep3Share<gf2n_long>]’:
./Processor/Instruction.hpp:1513:6: note: parameter passing for argument of type ‘Rep3Share<gf2n_long>’ when C++17 is enabled changed to match C++14 in GCC 10.1
 1513 | void Program::execute_with_errors(Processor<sint, sgf2n>& Proc) const
      |      ^~~~~~~
./Processor/Instruction.hpp:1513:6: note: parameter passing for argument of type ‘FixedVec<gf2n_long, 2>’ when C++17 is enabled changed to match C++14 in GCC 10.1
./Processor/Instruction.hpp:1513:6: note: parameter passing for argument of type ‘Rep3Share<gf2n_long>’ when C++17 is enabled changed to match C++14 in GCC 10.1
./Processor/Instruction.hpp:1513:6: note: parameter passing for argument of type ‘FixedVec<gf2n_long, 2>’ when C++17 is enabled changed to match C++14 in GCC 10.1
./Processor/Instruction.hpp:1513:6: note: parameter passing for argument of type ‘Rep3Share<gf2n_long>’ when C++17 is enabled changed to match C++14 in GCC 10.1
./Processor/Instruction.hpp:1513:6: note: parameter passing for argument of type ‘FixedVec<gf2n_long, 2>’ when C++17 is enabled changed to match C++14 in GCC 10.1
./Processor/Instruction.hpp:1513:6: note: parameter passing for argument of type ‘Rep3Share<gf2n_long>’ when C++17 is enabled changed to match C++14 in GCC 10.1
./Processor/Instruction.hpp:1513:6: note: parameter passing for argument of type ‘FixedVec<gf2n_long, 2>’ when C++17 is enabled changed to match C++14 in GCC 10.1
./Processor/Instruction.hpp:1513:6: note: parameter passing for argument of type ‘Rep3Share<gf2n_long>’ when C++17 is enabled changed to match C++14 in GCC 10.1
./Processor/Instruction.hpp:1513:6: note: parameter passing for argument of type ‘FixedVec<gf2n_long, 2>’ when C++17 is enabled changed to match C++14 in GCC 10.1
./Processor/Instruction.hpp:1513:6: note: parameter passing for argument of type ‘Rep3Share<gf2n_long>’ when C++17 is enabled changed to match C++14 in GCC 10.1
./Processor/Instruction.hpp:1513:6: note: parameter passing for argument of type ‘FixedVec<gf2n_long, 2>’ when C++17 is enabled changed to match C++14 in GCC 10.1
./Processor/Instruction.hpp:1513:6: note: parameter passing for argument of type ‘Rep3Share<gf2n_long>’ when C++17 is enabled changed to match C++14 in GCC 10.1
./Processor/Instruction.hpp:1513:6: note: parameter passing for argument of type ‘FixedVec<gf2n_long, 2>’ when C++17 is enabled changed to match C++14 in GCC 10.1
./Processor/Instruction.hpp:1513:6: note: parameter passing for argument of type ‘RepShare<gf2n_long, 2>’ when C++17 is enabled changed to match C++14 in GCC 10.1
./Processor/instructions.h:118:39: note: parameter passing for argument of type ‘Rep3Share<gf2n_long>’ when C++17 is enabled changed to match C++14 in GCC 10.1
  118 |             auto tmp = sgf2n::constant(int(n), Proc.P.my_num(), Proc2.MC.get_alphai()), \
      |                        ~~~~~~~~~~~~~~~^~~~~~~~~~~~~~~~~~~~~~~~~~~~~~~~~~~~~~~~~~~~~~~~
./Processor/Instruction.hpp:1562:22: note: in definition of macro ‘X’
 1562 |         case NAME: { PRE; for (int i = 0; i < size; i++) { CODE; } } break;
      |                      ^~~
./Processor/Instruction.hpp:1563:9: note: in expansion of macro ‘ARITHMETIC_INSTRUCTIONS’
 1563 |         ARITHMETIC_INSTRUCTIONS
      |         ^~~~~~~~~~~~~~~~~~~~~~~
./Processor/instructions.h:130:30: note: parameter passing for argument of type ‘FixedVec<gf2n_long, 2>’ when C++17 is enabled changed to match C++14 in GCC 10.1
  130 |             *dest++ = *op1++ + *op2++) \
      |                       ~~~~~~~^~~~~~~~
./Processor/Instruction.hpp:1562:60: note: in definition of macro ‘X’
 1562 |         case NAME: { PRE; for (int i = 0; i < size; i++) { CODE; } } break;
      |                                                            ^~~~
./Processor/Instruction.hpp:1563:9: note: in expansion of macro ‘ARITHMETIC_INSTRUCTIONS’
 1563 |         ARITHMETIC_INSTRUCTIONS
      |         ^~~~~~~~~~~~~~~~~~~~~~~
./Processor/instructions.h:133:47: note: parameter passing for argument of type ‘Rep3Share<gf2n_long>’ when C++17 is enabled changed to match C++14 in GCC 10.1
  133 |             *dest++ = *op1++ + sgf2n::constant(*op2++, Proc.P.my_num(), Proc2.MC.get_alphai())) \
      |                                ~~~~~~~~~~~~~~~^~~~~~~~~~~~~~~~~~~~~~~~~~~~~~~~~~~~~~~~~~~~~~~~
./Processor/Instruction.hpp:1562:60: note: in definition of macro ‘X’
 1562 |         case NAME: { PRE; for (int i = 0; i < size; i++) { CODE; } } break;
      |                                                            ^~~~
./Processor/Instruction.hpp:1563:9: note: in expansion of macro ‘ARITHMETIC_INSTRUCTIONS’
 1563 |         ARITHMETIC_INSTRUCTIONS
      |         ^~~~~~~~~~~~~~~~~~~~~~~
./Processor/instructions.h:133:30: note: parameter passing for argument of type ‘FixedVec<gf2n_long, 2>’ when C++17 is enabled changed to match C++14 in GCC 10.1
  133 |             *dest++ = *op1++ + sgf2n::constant(*op2++, Proc.P.my_num(), Proc2.MC.get_alphai())) \
      |                       ~~~~~~~^~~~~~~~~~~~~~~~~~~~~~~~~~~~~~~~~~~~~~~~~~~~~~~~~~~~~~~~~~~~~~~~~
./Processor/Instruction.hpp:1562:60: note: in definition of macro ‘X’
 1562 |         case NAME: { PRE; for (int i = 0; i < size; i++) { CODE; } } break;
      |                                                            ^~~~
./Processor/Instruction.hpp:1563:9: note: in expansion of macro ‘ARITHMETIC_INSTRUCTIONS’
 1563 |         ARITHMETIC_INSTRUCTIONS
      |         ^~~~~~~~~~~~~~~~~~~~~~~
./Processor/instructions.h:133:47: note: parameter passing for argument of type ‘Rep3Share<gf2n_long>’ when C++17 is enabled changed to match C++14 in GCC 10.1
  133 |             *dest++ = *op1++ + sgf2n::constant(*op2++, Proc.P.my_num(), Proc2.MC.get_alphai())) \
      |                                ~~~~~~~~~~~~~~~^~~~~~~~~~~~~~~~~~~~~~~~~~~~~~~~~~~~~~~~~~~~~~~~
./Processor/Instruction.hpp:1562:60: note: in definition of macro ‘X’
 1562 |         case NAME: { PRE; for (int i = 0; i < size; i++) { CODE; } } break;
      |                                                            ^~~~
./Processor/Instruction.hpp:1563:9: note: in expansion of macro ‘ARITHMETIC_INSTRUCTIONS’
 1563 |         ARITHMETIC_INSTRUCTIONS
      |         ^~~~~~~~~~~~~~~~~~~~~~~
./Processor/instructions.h:133:30: note: parameter passing for argument of type ‘FixedVec<gf2n_long, 2>’ when C++17 is enabled changed to match C++14 in GCC 10.1
  133 |             *dest++ = *op1++ + sgf2n::constant(*op2++, Proc.P.my_num(), Proc2.MC.get_alphai())) \
      |                       ~~~~~~~^~~~~~~~~~~~~~~~~~~~~~~~~~~~~~~~~~~~~~~~~~~~~~~~~~~~~~~~~~~~~~~~~
./Processor/Instruction.hpp:1562:60: note: in definition of macro ‘X’
 1562 |         case NAME: { PRE; for (int i = 0; i < size; i++) { CODE; } } break;
      |                                                            ^~~~
./Processor/Instruction.hpp:1563:9: note: in expansion of macro ‘ARITHMETIC_INSTRUCTIONS’
 1563 |         ARITHMETIC_INSTRUCTIONS
      |         ^~~~~~~~~~~~~~~~~~~~~~~
./Processor/instructions.h:133:47: note: parameter passing for argument of type ‘Rep3Share<gf2n_long>’ when C++17 is enabled changed to match C++14 in GCC 10.1
  133 |             *dest++ = *op1++ + sgf2n::constant(*op2++, Proc.P.my_num(), Proc2.MC.get_alphai())) \
      |                                ~~~~~~~~~~~~~~~^~~~~~~~~~~~~~~~~~~~~~~~~~~~~~~~~~~~~~~~~~~~~~~~
./Processor/Instruction.hpp:1562:60: note: in definition of macro ‘X’
 1562 |         case NAME: { PRE; for (int i = 0; i < size; i++) { CODE; } } break;
      |                                                            ^~~~
./Processor/Instruction.hpp:1563:9: note: in expansion of macro ‘ARITHMETIC_INSTRUCTIONS’
 1563 |         ARITHMETIC_INSTRUCTIONS
      |         ^~~~~~~~~~~~~~~~~~~~~~~
./Processor/instructions.h:133:30: note: parameter passing for argument of type ‘FixedVec<gf2n_long, 2>’ when C++17 is enabled changed to match C++14 in GCC 10.1
  133 |             *dest++ = *op1++ + sgf2n::constant(*op2++, Proc.P.my_num(), Proc2.MC.get_alphai())) \
      |                       ~~~~~~~^~~~~~~~~~~~~~~~~~~~~~~~~~~~~~~~~~~~~~~~~~~~~~~~~~~~~~~~~~~~~~~~~
./Processor/Instruction.hpp:1562:60: note: in definition of macro ‘X’
 1562 |         case NAME: { PRE; for (int i = 0; i < size; i++) { CODE; } } break;
      |                                                            ^~~~
./Processor/Instruction.hpp:1563:9: note: in expansion of macro ‘ARITHMETIC_INSTRUCTIONS’
 1563 |         ARITHMETIC_INSTRUCTIONS
      |         ^~~~~~~~~~~~~~~~~~~~~~~
./Processor/instructions.h:135:47: note: parameter passing for argument of type ‘Rep3Share<gf2n_long>’ when C++17 is enabled changed to match C++14 in GCC 10.1
  135 |             *dest++ = *op1++ + sgf2n::constant(int(n), Proc.P.my_num(), Proc2.MC.get_alphai())) \
      |                                ~~~~~~~~~~~~~~~^~~~~~~~~~~~~~~~~~~~~~~~~~~~~~~~~~~~~~~~~~~~~~~~
./Processor/Instruction.hpp:1562:60: note: in definition of macro ‘X’
 1562 |         case NAME: { PRE; for (int i = 0; i < size; i++) { CODE; } } break;
      |                                                            ^~~~
./Processor/Instruction.hpp:1563:9: note: in expansion of macro ‘ARITHMETIC_INSTRUCTIONS’
 1563 |         ARITHMETIC_INSTRUCTIONS
      |         ^~~~~~~~~~~~~~~~~~~~~~~
./Processor/instructions.h:135:30: note: parameter passing for argument of type ‘FixedVec<gf2n_long, 2>’ when C++17 is enabled changed to match C++14 in GCC 10.1
  135 |             *dest++ = *op1++ + sgf2n::constant(int(n), Proc.P.my_num(), Proc2.MC.get_alphai())) \
      |                       ~~~~~~~^~~~~~~~~~~~~~~~~~~~~~~~~~~~~~~~~~~~~~~~~~~~~~~~~~~~~~~~~~~~~~~~~
./Processor/Instruction.hpp:1562:60: note: in definition of macro ‘X’
 1562 |         case NAME: { PRE; for (int i = 0; i < size; i++) { CODE; } } break;
      |                                                            ^~~~
./Processor/Instruction.hpp:1563:9: note: in expansion of macro ‘ARITHMETIC_INSTRUCTIONS’
 1563 |         ARITHMETIC_INSTRUCTIONS
      |         ^~~~~~~~~~~~~~~~~~~~~~~
./Processor/instructions.h:135:47: note: parameter passing for argument of type ‘Rep3Share<gf2n_long>’ when C++17 is enabled changed to match C++14 in GCC 10.1
  135 |             *dest++ = *op1++ + sgf2n::constant(int(n), Proc.P.my_num(), Proc2.MC.get_alphai())) \
      |                                ~~~~~~~~~~~~~~~^~~~~~~~~~~~~~~~~~~~~~~~~~~~~~~~~~~~~~~~~~~~~~~~
./Processor/Instruction.hpp:1562:60: note: in definition of macro ‘X’
 1562 |         case NAME: { PRE; for (int i = 0; i < size; i++) { CODE; } } break;
      |                                                            ^~~~
./Processor/Instruction.hpp:1563:9: note: in expansion of macro ‘ARITHMETIC_INSTRUCTIONS’
 1563 |         ARITHMETIC_INSTRUCTIONS
      |         ^~~~~~~~~~~~~~~~~~~~~~~
./Processor/instructions.h:135:30: note: parameter passing for argument of type ‘FixedVec<gf2n_long, 2>’ when C++17 is enabled changed to match C++14 in GCC 10.1
  135 |             *dest++ = *op1++ + sgf2n::constant(int(n), Proc.P.my_num(), Proc2.MC.get_alphai())) \
      |                       ~~~~~~~^~~~~~~~~~~~~~~~~~~~~~~~~~~~~~~~~~~~~~~~~~~~~~~~~~~~~~~~~~~~~~~~~
./Processor/Instruction.hpp:1562:60: note: in definition of macro ‘X’
 1562 |         case NAME: { PRE; for (int i = 0; i < size; i++) { CODE; } } break;
      |                                                            ^~~~
./Processor/Instruction.hpp:1563:9: note: in expansion of macro ‘ARITHMETIC_INSTRUCTIONS’
 1563 |         ARITHMETIC_INSTRUCTIONS
      |         ^~~~~~~~~~~~~~~~~~~~~~~
./Processor/instructions.h:135:47: note: parameter passing for argument of type ‘Rep3Share<gf2n_long>’ when C++17 is enabled changed to match C++14 in GCC 10.1
  135 |             *dest++ = *op1++ + sgf2n::constant(int(n), Proc.P.my_num(), Proc2.MC.get_alphai())) \
      |                                ~~~~~~~~~~~~~~~^~~~~~~~~~~~~~~~~~~~~~~~~~~~~~~~~~~~~~~~~~~~~~~~
./Processor/Instruction.hpp:1562:60: note: in definition of macro ‘X’
 1562 |         case NAME: { PRE; for (int i = 0; i < size; i++) { CODE; } } break;
      |                                                            ^~~~
./Processor/Instruction.hpp:1563:9: note: in expansion of macro ‘ARITHMETIC_INSTRUCTIONS’
 1563 |         ARITHMETIC_INSTRUCTIONS
      |         ^~~~~~~~~~~~~~~~~~~~~~~
./Processor/instructions.h:135:30: note: parameter passing for argument of type ‘FixedVec<gf2n_long, 2>’ when C++17 is enabled changed to match C++14 in GCC 10.1
  135 |             *dest++ = *op1++ + sgf2n::constant(int(n), Proc.P.my_num(), Proc2.MC.get_alphai())) \
      |                       ~~~~~~~^~~~~~~~~~~~~~~~~~~~~~~~~~~~~~~~~~~~~~~~~~~~~~~~~~~~~~~~~~~~~~~~~
./Processor/Instruction.hpp:1562:60: note: in definition of macro ‘X’
 1562 |         case NAME: { PRE; for (int i = 0; i < size; i++) { CODE; } } break;
      |                                                            ^~~~
./Processor/Instruction.hpp:1563:9: note: in expansion of macro ‘ARITHMETIC_INSTRUCTIONS’
 1563 |         ARITHMETIC_INSTRUCTIONS
      |         ^~~~~~~~~~~~~~~~~~~~~~~
./Processor/instructions.h:140:39: note: parameter passing for argument of type ‘Rep3Share<gf2n_long>’ when C++17 is enabled changed to match C++14 in GCC 10.1
  140 |             auto op2 = sgf2n::constant(int(n), Proc.P.my_num(), Proc2.MC.get_alphai()), \
      |                        ~~~~~~~~~~~~~~~^~~~~~~~~~~~~~~~~~~~~~~~~~~~~~~~~~~~~~~~~~~~~~~~
./Processor/Instruction.hpp:1562:22: note: in definition of macro ‘X’
 1562 |         case NAME: { PRE; for (int i = 0; i < size; i++) { CODE; } } break;
      |                      ^~~
./Processor/Instruction.hpp:1563:9: note: in expansion of macro ‘ARITHMETIC_INSTRUCTIONS’
 1563 |         ARITHMETIC_INSTRUCTIONS
      |         ^~~~~~~~~~~~~~~~~~~~~~~
./Processor/instructions.h:141:30: note: parameter passing for argument of type ‘FixedVec<gf2n_long, 2>’ when C++17 is enabled changed to match C++14 in GCC 10.1
  141 |             *dest++ = *op1++ - op2) \
      |                       ~~~~~~~^~~~~
./Processor/Instruction.hpp:1562:60: note: in definition of macro ‘X’
 1562 |         case NAME: { PRE; for (int i = 0; i < size; i++) { CODE; } } break;
      |                                                            ^~~~
./Processor/Instruction.hpp:1563:9: note: in expansion of macro ‘ARITHMETIC_INSTRUCTIONS’
 1563 |         ARITHMETIC_INSTRUCTIONS
      |         ^~~~~~~~~~~~~~~~~~~~~~~
./Processor/instructions.h:143:39: note: parameter passing for argument of type ‘Rep3Share<gf2n_long>’ when C++17 is enabled changed to match C++14 in GCC 10.1
  143 |             auto op2 = sgf2n::constant(int(n), Proc.P.my_num(), Proc2.MC.get_alphai()), \
      |                        ~~~~~~~~~~~~~~~^~~~~~~~~~~~~~~~~~~~~~~~~~~~~~~~~~~~~~~~~~~~~~~~
./Processor/Instruction.hpp:1562:22: note: in definition of macro ‘X’
 1562 |         case NAME: { PRE; for (int i = 0; i < size; i++) { CODE; } } break;
      |                      ^~~
./Processor/Instruction.hpp:1563:9: note: in expansion of macro ‘ARITHMETIC_INSTRUCTIONS’
 1563 |         ARITHMETIC_INSTRUCTIONS
      |         ^~~~~~~~~~~~~~~~~~~~~~~
./Processor/instructions.h:144:27: note: parameter passing for argument of type ‘FixedVec<gf2n_long, 2>’ when C++17 is enabled changed to match C++14 in GCC 10.1
  144 |             *dest++ = op2 - *op1++) \
      |                       ~~~~^~~~~~~~
./Processor/Instruction.hpp:1562:60: note: in definition of macro ‘X’
 1562 |         case NAME: { PRE; for (int i = 0; i < size; i++) { CODE; } } break;
      |                                                            ^~~~
./Processor/Instruction.hpp:1563:9: note: in expansion of macro ‘ARITHMETIC_INSTRUCTIONS’
 1563 |         ARITHMETIC_INSTRUCTIONS
      |         ^~~~~~~~~~~~~~~~~~~~~~~
./Processor/instructions.h:147:47: note: parameter passing for argument of type ‘Rep3Share<gf2n_long>’ when C++17 is enabled changed to match C++14 in GCC 10.1
  147 |             *dest++ = *op1++ - sgf2n::constant(*op2++, Proc.P.my_num(), Proc2.MC.get_alphai())) \
      |                                ~~~~~~~~~~~~~~~^~~~~~~~~~~~~~~~~~~~~~~~~~~~~~~~~~~~~~~~~~~~~~~~
./Processor/Instruction.hpp:1562:60: note: in definition of macro ‘X’
 1562 |         case NAME: { PRE; for (int i = 0; i < size; i++) { CODE; } } break;
      |                                                            ^~~~
./Processor/Instruction.hpp:1563:9: note: in expansion of macro ‘ARITHMETIC_INSTRUCTIONS’
 1563 |         ARITHMETIC_INSTRUCTIONS
      |         ^~~~~~~~~~~~~~~~~~~~~~~
./Processor/instructions.h:147:30: note: parameter passing for argument of type ‘FixedVec<gf2n_long, 2>’ when C++17 is enabled changed to match C++14 in GCC 10.1
  147 |             *dest++ = *op1++ - sgf2n::constant(*op2++, Proc.P.my_num(), Proc2.MC.get_alphai())) \
      |                       ~~~~~~~^~~~~~~~~~~~~~~~~~~~~~~~~~~~~~~~~~~~~~~~~~~~~~~~~~~~~~~~~~~~~~~~~
./Processor/Instruction.hpp:1562:60: note: in definition of macro ‘X’
 1562 |         case NAME: { PRE; for (int i = 0; i < size; i++) { CODE; } } break;
      |                                                            ^~~~
./Processor/Instruction.hpp:1563:9: note: in expansion of macro ‘ARITHMETIC_INSTRUCTIONS’
 1563 |         ARITHMETIC_INSTRUCTIONS
      |         ^~~~~~~~~~~~~~~~~~~~~~~
./Processor/instructions.h:147:47: note: parameter passing for argument of type ‘Rep3Share<gf2n_long>’ when C++17 is enabled changed to match C++14 in GCC 10.1
  147 |             *dest++ = *op1++ - sgf2n::constant(*op2++, Proc.P.my_num(), Proc2.MC.get_alphai())) \
      |                                ~~~~~~~~~~~~~~~^~~~~~~~~~~~~~~~~~~~~~~~~~~~~~~~~~~~~~~~~~~~~~~~
./Processor/Instruction.hpp:1562:60: note: in definition of macro ‘X’
 1562 |         case NAME: { PRE; for (int i = 0; i < size; i++) { CODE; } } break;
      |                                                            ^~~~
./Processor/Instruction.hpp:1563:9: note: in expansion of macro ‘ARITHMETIC_INSTRUCTIONS’
 1563 |         ARITHMETIC_INSTRUCTIONS
      |         ^~~~~~~~~~~~~~~~~~~~~~~
./Processor/instructions.h:147:30: note: parameter passing for argument of type ‘FixedVec<gf2n_long, 2>’ when C++17 is enabled changed to match C++14 in GCC 10.1
  147 |             *dest++ = *op1++ - sgf2n::constant(*op2++, Proc.P.my_num(), Proc2.MC.get_alphai())) \
      |                       ~~~~~~~^~~~~~~~~~~~~~~~~~~~~~~~~~~~~~~~~~~~~~~~~~~~~~~~~~~~~~~~~~~~~~~~~
./Processor/Instruction.hpp:1562:60: note: in definition of macro ‘X’
 1562 |         case NAME: { PRE; for (int i = 0; i < size; i++) { CODE; } } break;
      |                                                            ^~~~
./Processor/Instruction.hpp:1563:9: note: in expansion of macro ‘ARITHMETIC_INSTRUCTIONS’
 1563 |         ARITHMETIC_INSTRUCTIONS
      |         ^~~~~~~~~~~~~~~~~~~~~~~
./Processor/instructions.h:147:47: note: parameter passing for argument of type ‘Rep3Share<gf2n_long>’ when C++17 is enabled changed to match C++14 in GCC 10.1
  147 |             *dest++ = *op1++ - sgf2n::constant(*op2++, Proc.P.my_num(), Proc2.MC.get_alphai())) \
      |                                ~~~~~~~~~~~~~~~^~~~~~~~~~~~~~~~~~~~~~~~~~~~~~~~~~~~~~~~~~~~~~~~
./Processor/Instruction.hpp:1562:60: note: in definition of macro ‘X’
 1562 |         case NAME: { PRE; for (int i = 0; i < size; i++) { CODE; } } break;
      |                                                            ^~~~
./Processor/Instruction.hpp:1563:9: note: in expansion of macro ‘ARITHMETIC_INSTRUCTIONS’
 1563 |         ARITHMETIC_INSTRUCTIONS
      |         ^~~~~~~~~~~~~~~~~~~~~~~
./Processor/instructions.h:147:30: note: parameter passing for argument of type ‘FixedVec<gf2n_long, 2>’ when C++17 is enabled changed to match C++14 in GCC 10.1
  147 |             *dest++ = *op1++ - sgf2n::constant(*op2++, Proc.P.my_num(), Proc2.MC.get_alphai())) \
      |                       ~~~~~~~^~~~~~~~~~~~~~~~~~~~~~~~~~~~~~~~~~~~~~~~~~~~~~~~~~~~~~~~~~~~~~~~~
./Processor/Instruction.hpp:1562:60: note: in definition of macro ‘X’
 1562 |         case NAME: { PRE; for (int i = 0; i < size; i++) { CODE; } } break;
      |                                                            ^~~~
./Processor/Instruction.hpp:1563:9: note: in expansion of macro ‘ARITHMETIC_INSTRUCTIONS’
 1563 |         ARITHMETIC_INSTRUCTIONS
      |         ^~~~~~~~~~~~~~~~~~~~~~~
./Processor/instructions.h:150:38: note: parameter passing for argument of type ‘Rep3Share<gf2n_long>’ when C++17 is enabled changed to match C++14 in GCC 10.1
  150 |             *dest++ = sgf2n::constant(*op1++, Proc.P.my_num(), Proc2.MC.get_alphai()) - *op2++) \
      |                       ~~~~~~~~~~~~~~~^~~~~~~~~~~~~~~~~~~~~~~~~~~~~~~~~~~~~~~~~~~~~~~~
./Processor/Instruction.hpp:1562:60: note: in definition of macro ‘X’
 1562 |         case NAME: { PRE; for (int i = 0; i < size; i++) { CODE; } } break;
      |                                                            ^~~~
./Processor/Instruction.hpp:1563:9: note: in expansion of macro ‘ARITHMETIC_INSTRUCTIONS’
 1563 |         ARITHMETIC_INSTRUCTIONS
      |         ^~~~~~~~~~~~~~~~~~~~~~~
./Processor/instructions.h:150:87: note: parameter passing for argument of type ‘FixedVec<gf2n_long, 2>’ when C++17 is enabled changed to match C++14 in GCC 10.1
  150 |             *dest++ = sgf2n::constant(*op1++, Proc.P.my_num(), Proc2.MC.get_alphai()) - *op2++) \
      |                       ~~~~~~~~~~~~~~~~~~~~~~~~~~~~~~~~~~~~~~~~~~~~~~~~~~~~~~~~~~~~~~~~^~~~~~~~
./Processor/Instruction.hpp:1562:60: note: in definition of macro ‘X’
 1562 |         case NAME: { PRE; for (int i = 0; i < size; i++) { CODE; } } break;
      |                                                            ^~~~
./Processor/Instruction.hpp:1563:9: note: in expansion of macro ‘ARITHMETIC_INSTRUCTIONS’
 1563 |         ARITHMETIC_INSTRUCTIONS
      |         ^~~~~~~~~~~~~~~~~~~~~~~
./Processor/instructions.h:150:38: note: parameter passing for argument of type ‘Rep3Share<gf2n_long>’ when C++17 is enabled changed to match C++14 in GCC 10.1
  150 |             *dest++ = sgf2n::constant(*op1++, Proc.P.my_num(), Proc2.MC.get_alphai()) - *op2++) \
      |                       ~~~~~~~~~~~~~~~^~~~~~~~~~~~~~~~~~~~~~~~~~~~~~~~~~~~~~~~~~~~~~~~
./Processor/Instruction.hpp:1562:60: note: in definition of macro ‘X’
 1562 |         case NAME: { PRE; for (int i = 0; i < size; i++) { CODE; } } break;
      |                                                            ^~~~
./Processor/Instruction.hpp:1563:9: note: in expansion of macro ‘ARITHMETIC_INSTRUCTIONS’
 1563 |         ARITHMETIC_INSTRUCTIONS
      |         ^~~~~~~~~~~~~~~~~~~~~~~
./Processor/instructions.h:150:87: note: parameter passing for argument of type ‘FixedVec<gf2n_long, 2>’ when C++17 is enabled changed to match C++14 in GCC 10.1
  150 |             *dest++ = sgf2n::constant(*op1++, Proc.P.my_num(), Proc2.MC.get_alphai()) - *op2++) \
      |                       ~~~~~~~~~~~~~~~~~~~~~~~~~~~~~~~~~~~~~~~~~~~~~~~~~~~~~~~~~~~~~~~~^~~~~~~~
./Processor/Instruction.hpp:1562:60: note: in definition of macro ‘X’
 1562 |         case NAME: { PRE; for (int i = 0; i < size; i++) { CODE; } } break;
      |                                                            ^~~~
./Processor/Instruction.hpp:1563:9: note: in expansion of macro ‘ARITHMETIC_INSTRUCTIONS’
 1563 |         ARITHMETIC_INSTRUCTIONS
      |         ^~~~~~~~~~~~~~~~~~~~~~~
./Processor/instructions.h:153:30: note: parameter passing for argument of type ‘RepShare<gf2n_long, 2>’ when C++17 is enabled changed to match C++14 in GCC 10.1
  153 |             *dest++ = *op1++ * *op2++) \
      |                       ~~~~~~~^~~~~~~~
./Processor/Instruction.hpp:1562:60: note: in definition of macro ‘X’
 1562 |         case NAME: { PRE; for (int i = 0; i < size; i++) { CODE; } } break;
      |                                                            ^~~~
./Processor/Instruction.hpp:1563:9: note: in expansion of macro ‘ARITHMETIC_INSTRUCTIONS’
 1563 |         ARITHMETIC_INSTRUCTIONS
      |         ^~~~~~~~~~~~~~~~~~~~~~~
./Processor/Data_Files.hpp: In member function ‘T Preprocessing<T>::get_random_from_inputs(int) [with T = Rep3Share<gf2n_long>]’:
./Processor/Data_Files.hpp:47:3: note: parameter passing for argument of type ‘Rep3Share<gf2n_long>’ when C++17 is enabled changed to match C++14 in GCC 10.1
   47 | T Preprocessing<T>::get_random_from_inputs(int nplayers)
      |   ^~~~~~~~~~~~~~~~
./Protocols/SecureShuffle.hpp: In member function ‘std::vector<std::vector<T> > SecureShuffle<T>::configure(int, std::vector<int>*, int) [with T = MaliciousRep3Share<gf2n_long>]’:
./Protocols/SecureShuffle.hpp:362:19: note: parameter passing for argument of type ‘Rep3Share<gf2n_long>’ when C++17 is enabled changed to match C++14 in GCC 10.1
  362 | vector<vector<T>> SecureShuffle<T>::configure(int config_player, vector<int> *perm, int n) {
      |                   ^~~~~~~~~~~~~~~~
./Protocols/SecureShuffle.hpp:362:19: note: parameter passing for argument of type ‘MaliciousRep3Share<gf2n_long>’ when C++17 is enabled changed to match C++14 in GCC 10.1
./Protocols/SecureShuffle.hpp:394:27: note: parameter passing for argument of type ‘Rep3Share<gf2n_long>’ when C++17 is enabled changed to match C++14 in GCC 10.1
  394 |     auto one = T::constant(1, P.my_num(), proc.MC.get_alphai());
      |                ~~~~~~~~~~~^~~~~~~~~~~~~~~~~~~~~~~~~~~~~~~~~~~~~
./Protocols/SecureShuffle.hpp:402:55: note: parameter passing for argument of type ‘MaliciousRep3Share<gf2n_long>’ when C++17 is enabled changed to match C++14 in GCC 10.1
  402 |                 config.back().push_back(input.finalize(config_player));
      |                                         ~~~~~~~~~~~~~~^~~~~~~~~~~~~~~
./Protocols/ReplicatedPrep.hpp: In member function ‘void BitPrep<T>::buffer_squares() [with T = Rep3Share<gf2n_long>]’:
./Protocols/ReplicatedPrep.hpp:265:48: note: parameter passing for argument of type ‘RepShare<gf2n_long, 2>’ when C++17 is enabled changed to match C++14 in GCC 10.1
  265 |         this->squares.push_back({{as[i], as[i] * opened[i] - cs[i]}});
      |                                          ~~~~~~^~~~~~~~~
./Protocols/ReplicatedPrep.hpp:247:6: note: parameter passing for argument of type ‘FixedVec<gf2n_long, 2>’ when C++17 is enabled changed to match C++14 in GCC 10.1
  247 | void BitPrep<T>::buffer_squares()
      |      ^~~~~~~~~~
./Protocols/ReplicatedPrep.hpp: In member function ‘void BufferPrep<T>::buffer_inputs_as_usual(int, SubProcessor<T>*) [with T = Rep3Share<gf2n_long>]’:
./Protocols/ReplicatedPrep.hpp:1384:6: note: parameter passing for argument of type ‘Rep3Share<gf2n_long>’ when C++17 is enabled changed to match C++14 in GCC 10.1
 1384 | void BufferPrep<T>::buffer_inputs_as_usual(int player, SubProcessor<T>* proc)
      |      ^~~~~~~~~~~~~
./Processor/Instruction.hpp: In member function ‘void Program::execute_with_errors(Processor<sint, sgf2n>&) const [with sint = MaliciousRep3Share<gfp_<0, 1> >; sgf2n = MaliciousRep3Share<gf2n_long>]’:
./Processor/Instruction.hpp:1513:6: note: parameter passing for argument of type ‘Rep3Share<gf2n_long>’ when C++17 is enabled changed to match C++14 in GCC 10.1
 1513 | void Program::execute_with_errors(Processor<sint, sgf2n>& Proc) const
      |      ^~~~~~~
./Processor/Instruction.hpp:1513:6: note: parameter passing for argument of type ‘FixedVec<gf2n_long, 2>’ when C++17 is enabled changed to match C++14 in GCC 10.1
./Processor/Instruction.hpp:1513:6: note: parameter passing for argument of type ‘Rep3Share<gf2n_long>’ when C++17 is enabled changed to match C++14 in GCC 10.1
./Processor/Instruction.hpp:1513:6: note: parameter passing for argument of type ‘FixedVec<gf2n_long, 2>’ when C++17 is enabled changed to match C++14 in GCC 10.1
./Processor/Instruction.hpp:1513:6: note: parameter passing for argument of type ‘Rep3Share<gf2n_long>’ when C++17 is enabled changed to match C++14 in GCC 10.1
./Processor/Instruction.hpp:1513:6: note: parameter passing for argument of type ‘FixedVec<gf2n_long, 2>’ when C++17 is enabled changed to match C++14 in GCC 10.1
./Processor/Instruction.hpp:1513:6: note: parameter passing for argument of type ‘Rep3Share<gf2n_long>’ when C++17 is enabled changed to match C++14 in GCC 10.1
./Processor/Instruction.hpp:1513:6: note: parameter passing for argument of type ‘FixedVec<gf2n_long, 2>’ when C++17 is enabled changed to match C++14 in GCC 10.1
./Processor/Instruction.hpp:1513:6: note: parameter passing for argument of type ‘Rep3Share<gf2n_long>’ when C++17 is enabled changed to match C++14 in GCC 10.1
./Processor/Instruction.hpp:1513:6: note: parameter passing for argument of type ‘FixedVec<gf2n_long, 2>’ when C++17 is enabled changed to match C++14 in GCC 10.1
./Processor/Instruction.hpp:1513:6: note: parameter passing for argument of type ‘Rep3Share<gf2n_long>’ when C++17 is enabled changed to match C++14 in GCC 10.1
./Processor/Instruction.hpp:1513:6: note: parameter passing for argument of type ‘FixedVec<gf2n_long, 2>’ when C++17 is enabled changed to match C++14 in GCC 10.1
./Processor/Instruction.hpp:1513:6: note: parameter passing for argument of type ‘Rep3Share<gf2n_long>’ when C++17 is enabled changed to match C++14 in GCC 10.1
./Processor/Instruction.hpp:1513:6: note: parameter passing for argument of type ‘FixedVec<gf2n_long, 2>’ when C++17 is enabled changed to match C++14 in GCC 10.1
./Processor/Instruction.hpp:1513:6: note: parameter passing for argument of type ‘RepShare<gf2n_long, 2>’ when C++17 is enabled changed to match C++14 in GCC 10.1
./Processor/Instruction.hpp:1513:6: note: parameter passing for argument of type ‘Rep3Share<gf2n_long>’ when C++17 is enabled changed to match C++14 in GCC 10.1
./Processor/Instruction.hpp:1513:6: note: parameter passing for argument of type ‘FixedVec<gf2n_long, 2>’ when C++17 is enabled changed to match C++14 in GCC 10.1
./Processor/Instruction.hpp:1513:6: note: parameter passing for argument of type ‘Rep3Share<gf2n_long>’ when C++17 is enabled changed to match C++14 in GCC 10.1
./Processor/Instruction.hpp:1513:6: note: parameter passing for argument of type ‘FixedVec<gf2n_long, 2>’ when C++17 is enabled changed to match C++14 in GCC 10.1
./Processor/Instruction.hpp:1513:6: note: parameter passing for argument of type ‘Rep3Share<gf2n_long>’ when C++17 is enabled changed to match C++14 in GCC 10.1
./Processor/Instruction.hpp:1513:6: note: parameter passing for argument of type ‘FixedVec<gf2n_long, 2>’ when C++17 is enabled changed to match C++14 in GCC 10.1
./Processor/Instruction.hpp:1513:6: note: parameter passing for argument of type ‘Rep3Share<gf2n_long>’ when C++17 is enabled changed to match C++14 in GCC 10.1
./Processor/Instruction.hpp:1513:6: note: parameter passing for argument of type ‘FixedVec<gf2n_long, 2>’ when C++17 is enabled changed to match C++14 in GCC 10.1
./Processor/Instruction.hpp:1513:6: note: parameter passing for argument of type ‘Rep3Share<gf2n_long>’ when C++17 is enabled changed to match C++14 in GCC 10.1
./Processor/Instruction.hpp:1513:6: note: parameter passing for argument of type ‘FixedVec<gf2n_long, 2>’ when C++17 is enabled changed to match C++14 in GCC 10.1
./Processor/Instruction.hpp:1513:6: note: parameter passing for argument of type ‘Rep3Share<gf2n_long>’ when C++17 is enabled changed to match C++14 in GCC 10.1
./Processor/Instruction.hpp:1513:6: note: parameter passing for argument of type ‘FixedVec<gf2n_long, 2>’ when C++17 is enabled changed to match C++14 in GCC 10.1
./Processor/Instruction.hpp:1513:6: note: parameter passing for argument of type ‘Rep3Share<gf2n_long>’ when C++17 is enabled changed to match C++14 in GCC 10.1
./Processor/Instruction.hpp:1513:6: note: parameter passing for argument of type ‘FixedVec<gf2n_long, 2>’ when C++17 is enabled changed to match C++14 in GCC 10.1
./Processor/Instruction.hpp:1513:6: note: parameter passing for argument of type ‘Rep3Share<gf2n_long>’ when C++17 is enabled changed to match C++14 in GCC 10.1
./Processor/Instruction.hpp:1513:6: note: parameter passing for argument of type ‘FixedVec<gf2n_long, 2>’ when C++17 is enabled changed to match C++14 in GCC 10.1
./Processor/Instruction.hpp:1513:6: note: parameter passing for argument of type ‘Rep3Share<gf2n_long>’ when C++17 is enabled changed to match C++14 in GCC 10.1
./Processor/Instruction.hpp:1513:6: note: parameter passing for argument of type ‘FixedVec<gf2n_long, 2>’ when C++17 is enabled changed to match C++14 in GCC 10.1
./Processor/Instruction.hpp:1513:6: note: parameter passing for argument of type ‘Rep3Share<gf2n_long>’ when C++17 is enabled changed to match C++14 in GCC 10.1
./Processor/Instruction.hpp:1513:6: note: parameter passing for argument of type ‘FixedVec<gf2n_long, 2>’ when C++17 is enabled changed to match C++14 in GCC 10.1
./Processor/Instruction.hpp:1513:6: note: parameter passing for argument of type ‘Rep3Share<gf2n_long>’ when C++17 is enabled changed to match C++14 in GCC 10.1
./Processor/Instruction.hpp:1513:6: note: parameter passing for argument of type ‘FixedVec<gf2n_long, 2>’ when C++17 is enabled changed to match C++14 in GCC 10.1
./Processor/Instruction.hpp:1513:6: note: parameter passing for argument of type ‘Rep3Share<gf2n_long>’ when C++17 is enabled changed to match C++14 in GCC 10.1
./Processor/Instruction.hpp:1513:6: note: parameter passing for argument of type ‘FixedVec<gf2n_long, 2>’ when C++17 is enabled changed to match C++14 in GCC 10.1
./Processor/Instruction.hpp:1513:6: note: parameter passing for argument of type ‘Rep3Share<gf2n_long>’ when C++17 is enabled changed to match C++14 in GCC 10.1
./Processor/Instruction.hpp:1513:6: note: parameter passing for argument of type ‘FixedVec<gf2n_long, 2>’ when C++17 is enabled changed to match C++14 in GCC 10.1
./Processor/Instruction.hpp:1513:6: note: parameter passing for argument of type ‘Rep3Share<gf2n_long>’ when C++17 is enabled changed to match C++14 in GCC 10.1
./Processor/Instruction.hpp:1513:6: note: parameter passing for argument of type ‘FixedVec<gf2n_long, 2>’ when C++17 is enabled changed to match C++14 in GCC 10.1
./Processor/Instruction.hpp:1513:6: note: parameter passing for argument of type ‘RepShare<gf2n_long, 2>’ when C++17 is enabled changed to match C++14 in GCC 10.1
./Processor/instructions.h:118:39: note: parameter passing for argument of type ‘Rep3Share<gf2n_long>’ when C++17 is enabled changed to match C++14 in GCC 10.1
  118 |             auto tmp = sgf2n::constant(int(n), Proc.P.my_num(), Proc2.MC.get_alphai()), \
      |                        ~~~~~~~~~~~~~~~^~~~~~~~~~~~~~~~~~~~~~~~~~~~~~~~~~~~~~~~~~~~~~~~
./Processor/Instruction.hpp:1562:22: note: in definition of macro ‘X’
 1562 |         case NAME: { PRE; for (int i = 0; i < size; i++) { CODE; } } break;
      |                      ^~~
./Processor/Instruction.hpp:1563:9: note: in expansion of macro ‘ARITHMETIC_INSTRUCTIONS’
 1563 |         ARITHMETIC_INSTRUCTIONS
      |         ^~~~~~~~~~~~~~~~~~~~~~~
./Processor/instructions.h:130:30: note: parameter passing for argument of type ‘FixedVec<gf2n_long, 2>’ when C++17 is enabled changed to match C++14 in GCC 10.1
  130 |             *dest++ = *op1++ + *op2++) \
      |                       ~~~~~~~^~~~~~~~
./Processor/Instruction.hpp:1562:60: note: in definition of macro ‘X’
 1562 |         case NAME: { PRE; for (int i = 0; i < size; i++) { CODE; } } break;
      |                                                            ^~~~
./Processor/Instruction.hpp:1563:9: note: in expansion of macro ‘ARITHMETIC_INSTRUCTIONS’
 1563 |         ARITHMETIC_INSTRUCTIONS
      |         ^~~~~~~~~~~~~~~~~~~~~~~
./Processor/instructions.h:133:47: note: parameter passing for argument of type ‘Rep3Share<gf2n_long>’ when C++17 is enabled changed to match C++14 in GCC 10.1
  133 |             *dest++ = *op1++ + sgf2n::constant(*op2++, Proc.P.my_num(), Proc2.MC.get_alphai())) \
      |                                ~~~~~~~~~~~~~~~^~~~~~~~~~~~~~~~~~~~~~~~~~~~~~~~~~~~~~~~~~~~~~~~
./Processor/Instruction.hpp:1562:60: note: in definition of macro ‘X’
 1562 |         case NAME: { PRE; for (int i = 0; i < size; i++) { CODE; } } break;
      |                                                            ^~~~
./Processor/Instruction.hpp:1563:9: note: in expansion of macro ‘ARITHMETIC_INSTRUCTIONS’
 1563 |         ARITHMETIC_INSTRUCTIONS
      |         ^~~~~~~~~~~~~~~~~~~~~~~
./Processor/instructions.h:133:30: note: parameter passing for argument of type ‘FixedVec<gf2n_long, 2>’ when C++17 is enabled changed to match C++14 in GCC 10.1
  133 |             *dest++ = *op1++ + sgf2n::constant(*op2++, Proc.P.my_num(), Proc2.MC.get_alphai())) \
      |                       ~~~~~~~^~~~~~~~~~~~~~~~~~~~~~~~~~~~~~~~~~~~~~~~~~~~~~~~~~~~~~~~~~~~~~~~~
./Processor/Instruction.hpp:1562:60: note: in definition of macro ‘X’
 1562 |         case NAME: { PRE; for (int i = 0; i < size; i++) { CODE; } } break;
      |                                                            ^~~~
./Processor/Instruction.hpp:1563:9: note: in expansion of macro ‘ARITHMETIC_INSTRUCTIONS’
 1563 |         ARITHMETIC_INSTRUCTIONS
      |         ^~~~~~~~~~~~~~~~~~~~~~~
./Processor/instructions.h:133:47: note: parameter passing for argument of type ‘Rep3Share<gf2n_long>’ when C++17 is enabled changed to match C++14 in GCC 10.1
  133 |             *dest++ = *op1++ + sgf2n::constant(*op2++, Proc.P.my_num(), Proc2.MC.get_alphai())) \
      |                                ~~~~~~~~~~~~~~~^~~~~~~~~~~~~~~~~~~~~~~~~~~~~~~~~~~~~~~~~~~~~~~~
./Processor/Instruction.hpp:1562:60: note: in definition of macro ‘X’
 1562 |         case NAME: { PRE; for (int i = 0; i < size; i++) { CODE; } } break;
      |                                                            ^~~~
./Processor/Instruction.hpp:1563:9: note: in expansion of macro ‘ARITHMETIC_INSTRUCTIONS’
 1563 |         ARITHMETIC_INSTRUCTIONS
      |         ^~~~~~~~~~~~~~~~~~~~~~~
./Processor/instructions.h:133:30: note: parameter passing for argument of type ‘FixedVec<gf2n_long, 2>’ when C++17 is enabled changed to match C++14 in GCC 10.1
  133 |             *dest++ = *op1++ + sgf2n::constant(*op2++, Proc.P.my_num(), Proc2.MC.get_alphai())) \
      |                       ~~~~~~~^~~~~~~~~~~~~~~~~~~~~~~~~~~~~~~~~~~~~~~~~~~~~~~~~~~~~~~~~~~~~~~~~
./Processor/Instruction.hpp:1562:60: note: in definition of macro ‘X’
 1562 |         case NAME: { PRE; for (int i = 0; i < size; i++) { CODE; } } break;
      |                                                            ^~~~
./Processor/Instruction.hpp:1563:9: note: in expansion of macro ‘ARITHMETIC_INSTRUCTIONS’
 1563 |         ARITHMETIC_INSTRUCTIONS
      |         ^~~~~~~~~~~~~~~~~~~~~~~
./Processor/instructions.h:133:47: note: parameter passing for argument of type ‘Rep3Share<gf2n_long>’ when C++17 is enabled changed to match C++14 in GCC 10.1
  133 |             *dest++ = *op1++ + sgf2n::constant(*op2++, Proc.P.my_num(), Proc2.MC.get_alphai())) \
      |                                ~~~~~~~~~~~~~~~^~~~~~~~~~~~~~~~~~~~~~~~~~~~~~~~~~~~~~~~~~~~~~~~
./Processor/Instruction.hpp:1562:60: note: in definition of macro ‘X’
 1562 |         case NAME: { PRE; for (int i = 0; i < size; i++) { CODE; } } break;
      |                                                            ^~~~
./Processor/Instruction.hpp:1563:9: note: in expansion of macro ‘ARITHMETIC_INSTRUCTIONS’
 1563 |         ARITHMETIC_INSTRUCTIONS
      |         ^~~~~~~~~~~~~~~~~~~~~~~
./Processor/instructions.h:133:30: note: parameter passing for argument of type ‘FixedVec<gf2n_long, 2>’ when C++17 is enabled changed to match C++14 in GCC 10.1
  133 |             *dest++ = *op1++ + sgf2n::constant(*op2++, Proc.P.my_num(), Proc2.MC.get_alphai())) \
      |                       ~~~~~~~^~~~~~~~~~~~~~~~~~~~~~~~~~~~~~~~~~~~~~~~~~~~~~~~~~~~~~~~~~~~~~~~~
./Processor/Instruction.hpp:1562:60: note: in definition of macro ‘X’
 1562 |         case NAME: { PRE; for (int i = 0; i < size; i++) { CODE; } } break;
      |                                                            ^~~~
./Processor/Instruction.hpp:1563:9: note: in expansion of macro ‘ARITHMETIC_INSTRUCTIONS’
 1563 |         ARITHMETIC_INSTRUCTIONS
      |         ^~~~~~~~~~~~~~~~~~~~~~~
./Processor/instructions.h:135:47: note: parameter passing for argument of type ‘Rep3Share<gf2n_long>’ when C++17 is enabled changed to match C++14 in GCC 10.1
  135 |             *dest++ = *op1++ + sgf2n::constant(int(n), Proc.P.my_num(), Proc2.MC.get_alphai())) \
      |                                ~~~~~~~~~~~~~~~^~~~~~~~~~~~~~~~~~~~~~~~~~~~~~~~~~~~~~~~~~~~~~~~
./Processor/Instruction.hpp:1562:60: note: in definition of macro ‘X’
 1562 |         case NAME: { PRE; for (int i = 0; i < size; i++) { CODE; } } break;
      |                                                            ^~~~
./Processor/Instruction.hpp:1563:9: note: in expansion of macro ‘ARITHMETIC_INSTRUCTIONS’
 1563 |         ARITHMETIC_INSTRUCTIONS
      |         ^~~~~~~~~~~~~~~~~~~~~~~
./Processor/instructions.h:135:30: note: parameter passing for argument of type ‘FixedVec<gf2n_long, 2>’ when C++17 is enabled changed to match C++14 in GCC 10.1
  135 |             *dest++ = *op1++ + sgf2n::constant(int(n), Proc.P.my_num(), Proc2.MC.get_alphai())) \
      |                       ~~~~~~~^~~~~~~~~~~~~~~~~~~~~~~~~~~~~~~~~~~~~~~~~~~~~~~~~~~~~~~~~~~~~~~~~
./Processor/Instruction.hpp:1562:60: note: in definition of macro ‘X’
 1562 |         case NAME: { PRE; for (int i = 0; i < size; i++) { CODE; } } break;
      |                                                            ^~~~
./Processor/Instruction.hpp:1563:9: note: in expansion of macro ‘ARITHMETIC_INSTRUCTIONS’
 1563 |         ARITHMETIC_INSTRUCTIONS
      |         ^~~~~~~~~~~~~~~~~~~~~~~
./Processor/instructions.h:135:47: note: parameter passing for argument of type ‘Rep3Share<gf2n_long>’ when C++17 is enabled changed to match C++14 in GCC 10.1
  135 |             *dest++ = *op1++ + sgf2n::constant(int(n), Proc.P.my_num(), Proc2.MC.get_alphai())) \
      |                                ~~~~~~~~~~~~~~~^~~~~~~~~~~~~~~~~~~~~~~~~~~~~~~~~~~~~~~~~~~~~~~~
./Processor/Instruction.hpp:1562:60: note: in definition of macro ‘X’
 1562 |         case NAME: { PRE; for (int i = 0; i < size; i++) { CODE; } } break;
      |                                                            ^~~~
./Processor/Instruction.hpp:1563:9: note: in expansion of macro ‘ARITHMETIC_INSTRUCTIONS’
 1563 |         ARITHMETIC_INSTRUCTIONS
      |         ^~~~~~~~~~~~~~~~~~~~~~~
./Processor/instructions.h:135:30: note: parameter passing for argument of type ‘FixedVec<gf2n_long, 2>’ when C++17 is enabled changed to match C++14 in GCC 10.1
  135 |             *dest++ = *op1++ + sgf2n::constant(int(n), Proc.P.my_num(), Proc2.MC.get_alphai())) \
      |                       ~~~~~~~^~~~~~~~~~~~~~~~~~~~~~~~~~~~~~~~~~~~~~~~~~~~~~~~~~~~~~~~~~~~~~~~~
./Processor/Instruction.hpp:1562:60: note: in definition of macro ‘X’
 1562 |         case NAME: { PRE; for (int i = 0; i < size; i++) { CODE; } } break;
      |                                                            ^~~~
./Processor/Instruction.hpp:1563:9: note: in expansion of macro ‘ARITHMETIC_INSTRUCTIONS’
 1563 |         ARITHMETIC_INSTRUCTIONS
      |         ^~~~~~~~~~~~~~~~~~~~~~~
./Processor/instructions.h:135:47: note: parameter passing for argument of type ‘Rep3Share<gf2n_long>’ when C++17 is enabled changed to match C++14 in GCC 10.1
  135 |             *dest++ = *op1++ + sgf2n::constant(int(n), Proc.P.my_num(), Proc2.MC.get_alphai())) \
      |                                ~~~~~~~~~~~~~~~^~~~~~~~~~~~~~~~~~~~~~~~~~~~~~~~~~~~~~~~~~~~~~~~
./Processor/Instruction.hpp:1562:60: note: in definition of macro ‘X’
 1562 |         case NAME: { PRE; for (int i = 0; i < size; i++) { CODE; } } break;
      |                                                            ^~~~
./Processor/Instruction.hpp:1563:9: note: in expansion of macro ‘ARITHMETIC_INSTRUCTIONS’
 1563 |         ARITHMETIC_INSTRUCTIONS
      |         ^~~~~~~~~~~~~~~~~~~~~~~
./Processor/instructions.h:135:30: note: parameter passing for argument of type ‘FixedVec<gf2n_long, 2>’ when C++17 is enabled changed to match C++14 in GCC 10.1
  135 |             *dest++ = *op1++ + sgf2n::constant(int(n), Proc.P.my_num(), Proc2.MC.get_alphai())) \
      |                       ~~~~~~~^~~~~~~~~~~~~~~~~~~~~~~~~~~~~~~~~~~~~~~~~~~~~~~~~~~~~~~~~~~~~~~~~
./Processor/Instruction.hpp:1562:60: note: in definition of macro ‘X’
 1562 |         case NAME: { PRE; for (int i = 0; i < size; i++) { CODE; } } break;
      |                                                            ^~~~
./Processor/Instruction.hpp:1563:9: note: in expansion of macro ‘ARITHMETIC_INSTRUCTIONS’
 1563 |         ARITHMETIC_INSTRUCTIONS
      |         ^~~~~~~~~~~~~~~~~~~~~~~
./Processor/instructions.h:140:39: note: parameter passing for argument of type ‘Rep3Share<gf2n_long>’ when C++17 is enabled changed to match C++14 in GCC 10.1
  140 |             auto op2 = sgf2n::constant(int(n), Proc.P.my_num(), Proc2.MC.get_alphai()), \
      |                        ~~~~~~~~~~~~~~~^~~~~~~~~~~~~~~~~~~~~~~~~~~~~~~~~~~~~~~~~~~~~~~~
./Processor/Instruction.hpp:1562:22: note: in definition of macro ‘X’
 1562 |         case NAME: { PRE; for (int i = 0; i < size; i++) { CODE; } } break;
      |                      ^~~
./Processor/Instruction.hpp:1563:9: note: in expansion of macro ‘ARITHMETIC_INSTRUCTIONS’
 1563 |         ARITHMETIC_INSTRUCTIONS
      |         ^~~~~~~~~~~~~~~~~~~~~~~
./Processor/instructions.h:141:30: note: parameter passing for argument of type ‘FixedVec<gf2n_long, 2>’ when C++17 is enabled changed to match C++14 in GCC 10.1
  141 |             *dest++ = *op1++ - op2) \
      |                       ~~~~~~~^~~~~
./Processor/Instruction.hpp:1562:60: note: in definition of macro ‘X’
 1562 |         case NAME: { PRE; for (int i = 0; i < size; i++) { CODE; } } break;
      |                                                            ^~~~
./Processor/Instruction.hpp:1563:9: note: in expansion of macro ‘ARITHMETIC_INSTRUCTIONS’
 1563 |         ARITHMETIC_INSTRUCTIONS
      |         ^~~~~~~~~~~~~~~~~~~~~~~
./Processor/instructions.h:143:39: note: parameter passing for argument of type ‘Rep3Share<gf2n_long>’ when C++17 is enabled changed to match C++14 in GCC 10.1
  143 |             auto op2 = sgf2n::constant(int(n), Proc.P.my_num(), Proc2.MC.get_alphai()), \
      |                        ~~~~~~~~~~~~~~~^~~~~~~~~~~~~~~~~~~~~~~~~~~~~~~~~~~~~~~~~~~~~~~~
./Processor/Instruction.hpp:1562:22: note: in definition of macro ‘X’
 1562 |         case NAME: { PRE; for (int i = 0; i < size; i++) { CODE; } } break;
      |                      ^~~
./Processor/Instruction.hpp:1563:9: note: in expansion of macro ‘ARITHMETIC_INSTRUCTIONS’
 1563 |         ARITHMETIC_INSTRUCTIONS
      |         ^~~~~~~~~~~~~~~~~~~~~~~
./Processor/instructions.h:144:27: note: parameter passing for argument of type ‘FixedVec<gf2n_long, 2>’ when C++17 is enabled changed to match C++14 in GCC 10.1
  144 |             *dest++ = op2 - *op1++) \
      |                       ~~~~^~~~~~~~
./Processor/Instruction.hpp:1562:60: note: in definition of macro ‘X’
 1562 |         case NAME: { PRE; for (int i = 0; i < size; i++) { CODE; } } break;
      |                                                            ^~~~
./Processor/Instruction.hpp:1563:9: note: in expansion of macro ‘ARITHMETIC_INSTRUCTIONS’
 1563 |         ARITHMETIC_INSTRUCTIONS
      |         ^~~~~~~~~~~~~~~~~~~~~~~
./Processor/instructions.h:147:47: note: parameter passing for argument of type ‘Rep3Share<gf2n_long>’ when C++17 is enabled changed to match C++14 in GCC 10.1
  147 |             *dest++ = *op1++ - sgf2n::constant(*op2++, Proc.P.my_num(), Proc2.MC.get_alphai())) \
      |                                ~~~~~~~~~~~~~~~^~~~~~~~~~~~~~~~~~~~~~~~~~~~~~~~~~~~~~~~~~~~~~~~
./Processor/Instruction.hpp:1562:60: note: in definition of macro ‘X’
 1562 |         case NAME: { PRE; for (int i = 0; i < size; i++) { CODE; } } break;
      |                                                            ^~~~
./Processor/Instruction.hpp:1563:9: note: in expansion of macro ‘ARITHMETIC_INSTRUCTIONS’
 1563 |         ARITHMETIC_INSTRUCTIONS
      |         ^~~~~~~~~~~~~~~~~~~~~~~
./Processor/instructions.h:147:30: note: parameter passing for argument of type ‘FixedVec<gf2n_long, 2>’ when C++17 is enabled changed to match C++14 in GCC 10.1
  147 |             *dest++ = *op1++ - sgf2n::constant(*op2++, Proc.P.my_num(), Proc2.MC.get_alphai())) \
      |                       ~~~~~~~^~~~~~~~~~~~~~~~~~~~~~~~~~~~~~~~~~~~~~~~~~~~~~~~~~~~~~~~~~~~~~~~~
./Processor/Instruction.hpp:1562:60: note: in definition of macro ‘X’
 1562 |         case NAME: { PRE; for (int i = 0; i < size; i++) { CODE; } } break;
      |                                                            ^~~~
./Processor/Instruction.hpp:1563:9: note: in expansion of macro ‘ARITHMETIC_INSTRUCTIONS’
 1563 |         ARITHMETIC_INSTRUCTIONS
      |         ^~~~~~~~~~~~~~~~~~~~~~~
./Processor/instructions.h:147:47: note: parameter passing for argument of type ‘Rep3Share<gf2n_long>’ when C++17 is enabled changed to match C++14 in GCC 10.1
  147 |             *dest++ = *op1++ - sgf2n::constant(*op2++, Proc.P.my_num(), Proc2.MC.get_alphai())) \
      |                                ~~~~~~~~~~~~~~~^~~~~~~~~~~~~~~~~~~~~~~~~~~~~~~~~~~~~~~~~~~~~~~~
./Processor/Instruction.hpp:1562:60: note: in definition of macro ‘X’
 1562 |         case NAME: { PRE; for (int i = 0; i < size; i++) { CODE; } } break;
      |                                                            ^~~~
./Processor/Instruction.hpp:1563:9: note: in expansion of macro ‘ARITHMETIC_INSTRUCTIONS’
 1563 |         ARITHMETIC_INSTRUCTIONS
      |         ^~~~~~~~~~~~~~~~~~~~~~~
./Processor/instructions.h:147:30: note: parameter passing for argument of type ‘FixedVec<gf2n_long, 2>’ when C++17 is enabled changed to match C++14 in GCC 10.1
  147 |             *dest++ = *op1++ - sgf2n::constant(*op2++, Proc.P.my_num(), Proc2.MC.get_alphai())) \
      |                       ~~~~~~~^~~~~~~~~~~~~~~~~~~~~~~~~~~~~~~~~~~~~~~~~~~~~~~~~~~~~~~~~~~~~~~~~
./Processor/Instruction.hpp:1562:60: note: in definition of macro ‘X’
 1562 |         case NAME: { PRE; for (int i = 0; i < size; i++) { CODE; } } break;
      |                                                            ^~~~
./Processor/Instruction.hpp:1563:9: note: in expansion of macro ‘ARITHMETIC_INSTRUCTIONS’
 1563 |         ARITHMETIC_INSTRUCTIONS
      |         ^~~~~~~~~~~~~~~~~~~~~~~
./Processor/instructions.h:147:47: note: parameter passing for argument of type ‘Rep3Share<gf2n_long>’ when C++17 is enabled changed to match C++14 in GCC 10.1
  147 |             *dest++ = *op1++ - sgf2n::constant(*op2++, Proc.P.my_num(), Proc2.MC.get_alphai())) \
      |                                ~~~~~~~~~~~~~~~^~~~~~~~~~~~~~~~~~~~~~~~~~~~~~~~~~~~~~~~~~~~~~~~
./Processor/Instruction.hpp:1562:60: note: in definition of macro ‘X’
 1562 |         case NAME: { PRE; for (int i = 0; i < size; i++) { CODE; } } break;
      |                                                            ^~~~
./Processor/Instruction.hpp:1563:9: note: in expansion of macro ‘ARITHMETIC_INSTRUCTIONS’
 1563 |         ARITHMETIC_INSTRUCTIONS
      |         ^~~~~~~~~~~~~~~~~~~~~~~
./Processor/instructions.h:147:30: note: parameter passing for argument of type ‘FixedVec<gf2n_long, 2>’ when C++17 is enabled changed to match C++14 in GCC 10.1
  147 |             *dest++ = *op1++ - sgf2n::constant(*op2++, Proc.P.my_num(), Proc2.MC.get_alphai())) \
      |                       ~~~~~~~^~~~~~~~~~~~~~~~~~~~~~~~~~~~~~~~~~~~~~~~~~~~~~~~~~~~~~~~~~~~~~~~~
./Processor/Instruction.hpp:1562:60: note: in definition of macro ‘X’
 1562 |         case NAME: { PRE; for (int i = 0; i < size; i++) { CODE; } } break;
      |                                                            ^~~~
./Processor/Instruction.hpp:1563:9: note: in expansion of macro ‘ARITHMETIC_INSTRUCTIONS’
 1563 |         ARITHMETIC_INSTRUCTIONS
      |         ^~~~~~~~~~~~~~~~~~~~~~~
./Processor/instructions.h:150:38: note: parameter passing for argument of type ‘Rep3Share<gf2n_long>’ when C++17 is enabled changed to match C++14 in GCC 10.1
  150 |             *dest++ = sgf2n::constant(*op1++, Proc.P.my_num(), Proc2.MC.get_alphai()) - *op2++) \
      |                       ~~~~~~~~~~~~~~~^~~~~~~~~~~~~~~~~~~~~~~~~~~~~~~~~~~~~~~~~~~~~~~~
./Processor/Instruction.hpp:1562:60: note: in definition of macro ‘X’
 1562 |         case NAME: { PRE; for (int i = 0; i < size; i++) { CODE; } } break;
      |                                                            ^~~~
./Processor/Instruction.hpp:1563:9: note: in expansion of macro ‘ARITHMETIC_INSTRUCTIONS’
 1563 |         ARITHMETIC_INSTRUCTIONS
      |         ^~~~~~~~~~~~~~~~~~~~~~~
./Processor/instructions.h:150:87: note: parameter passing for argument of type ‘FixedVec<gf2n_long, 2>’ when C++17 is enabled changed to match C++14 in GCC 10.1
  150 |             *dest++ = sgf2n::constant(*op1++, Proc.P.my_num(), Proc2.MC.get_alphai()) - *op2++) \
      |                       ~~~~~~~~~~~~~~~~~~~~~~~~~~~~~~~~~~~~~~~~~~~~~~~~~~~~~~~~~~~~~~~~^~~~~~~~
./Processor/Instruction.hpp:1562:60: note: in definition of macro ‘X’
 1562 |         case NAME: { PRE; for (int i = 0; i < size; i++) { CODE; } } break;
      |                                                            ^~~~
./Processor/Instruction.hpp:1563:9: note: in expansion of macro ‘ARITHMETIC_INSTRUCTIONS’
 1563 |         ARITHMETIC_INSTRUCTIONS
      |         ^~~~~~~~~~~~~~~~~~~~~~~
./Processor/instructions.h:150:38: note: parameter passing for argument of type ‘Rep3Share<gf2n_long>’ when C++17 is enabled changed to match C++14 in GCC 10.1
  150 |             *dest++ = sgf2n::constant(*op1++, Proc.P.my_num(), Proc2.MC.get_alphai()) - *op2++) \
      |                       ~~~~~~~~~~~~~~~^~~~~~~~~~~~~~~~~~~~~~~~~~~~~~~~~~~~~~~~~~~~~~~~
./Processor/Instruction.hpp:1562:60: note: in definition of macro ‘X’
 1562 |         case NAME: { PRE; for (int i = 0; i < size; i++) { CODE; } } break;
      |                                                            ^~~~
./Processor/Instruction.hpp:1563:9: note: in expansion of macro ‘ARITHMETIC_INSTRUCTIONS’
 1563 |         ARITHMETIC_INSTRUCTIONS
      |         ^~~~~~~~~~~~~~~~~~~~~~~
./Processor/instructions.h:150:87: note: parameter passing for argument of type ‘FixedVec<gf2n_long, 2>’ when C++17 is enabled changed to match C++14 in GCC 10.1
  150 |             *dest++ = sgf2n::constant(*op1++, Proc.P.my_num(), Proc2.MC.get_alphai()) - *op2++) \
      |                       ~~~~~~~~~~~~~~~~~~~~~~~~~~~~~~~~~~~~~~~~~~~~~~~~~~~~~~~~~~~~~~~~^~~~~~~~
./Processor/Instruction.hpp:1562:60: note: in definition of macro ‘X’
 1562 |         case NAME: { PRE; for (int i = 0; i < size; i++) { CODE; } } break;
      |                                                            ^~~~
./Processor/Instruction.hpp:1563:9: note: in expansion of macro ‘ARITHMETIC_INSTRUCTIONS’
 1563 |         ARITHMETIC_INSTRUCTIONS
      |         ^~~~~~~~~~~~~~~~~~~~~~~
./Processor/instructions.h:153:30: note: parameter passing for argument of type ‘RepShare<gf2n_long, 2>’ when C++17 is enabled changed to match C++14 in GCC 10.1
  153 |             *dest++ = *op1++ * *op2++) \
      |                       ~~~~~~~^~~~~~~~
./Processor/Instruction.hpp:1562:60: note: in definition of macro ‘X’
 1562 |         case NAME: { PRE; for (int i = 0; i < size; i++) { CODE; } } break;
      |                                                            ^~~~
./Processor/Instruction.hpp:1563:9: note: in expansion of macro ‘ARITHMETIC_INSTRUCTIONS’
 1563 |         ARITHMETIC_INSTRUCTIONS
      |         ^~~~~~~~~~~~~~~~~~~~~~~
./Processor/Instruction.hpp: In member function ‘void Program::execute_with_errors(Processor<sint, sgf2n>&) const [with sint = MaliciousRep3Share<gfp_<0, 2> >; sgf2n = MaliciousRep3Share<gf2n_long>]’:
./Processor/Instruction.hpp:1513:6: note: parameter passing for argument of type ‘Rep3Share<gf2n_long>’ when C++17 is enabled changed to match C++14 in GCC 10.1
 1513 | void Program::execute_with_errors(Processor<sint, sgf2n>& Proc) const
      |      ^~~~~~~
./Processor/Instruction.hpp:1513:6: note: parameter passing for argument of type ‘FixedVec<gf2n_long, 2>’ when C++17 is enabled changed to match C++14 in GCC 10.1
./Processor/Instruction.hpp:1513:6: note: parameter passing for argument of type ‘Rep3Share<gf2n_long>’ when C++17 is enabled changed to match C++14 in GCC 10.1
./Processor/Instruction.hpp:1513:6: note: parameter passing for argument of type ‘FixedVec<gf2n_long, 2>’ when C++17 is enabled changed to match C++14 in GCC 10.1
./Processor/Instruction.hpp:1513:6: note: parameter passing for argument of type ‘Rep3Share<gf2n_long>’ when C++17 is enabled changed to match C++14 in GCC 10.1
./Processor/Instruction.hpp:1513:6: note: parameter passing for argument of type ‘FixedVec<gf2n_long, 2>’ when C++17 is enabled changed to match C++14 in GCC 10.1
./Processor/Instruction.hpp:1513:6: note: parameter passing for argument of type ‘Rep3Share<gf2n_long>’ when C++17 is enabled changed to match C++14 in GCC 10.1
./Processor/Instruction.hpp:1513:6: note: parameter passing for argument of type ‘FixedVec<gf2n_long, 2>’ when C++17 is enabled changed to match C++14 in GCC 10.1
./Processor/Instruction.hpp:1513:6: note: parameter passing for argument of type ‘Rep3Share<gf2n_long>’ when C++17 is enabled changed to match C++14 in GCC 10.1
./Processor/Instruction.hpp:1513:6: note: parameter passing for argument of type ‘FixedVec<gf2n_long, 2>’ when C++17 is enabled changed to match C++14 in GCC 10.1
./Processor/Instruction.hpp:1513:6: note: parameter passing for argument of type ‘Rep3Share<gf2n_long>’ when C++17 is enabled changed to match C++14 in GCC 10.1
./Processor/Instruction.hpp:1513:6: note: parameter passing for argument of type ‘FixedVec<gf2n_long, 2>’ when C++17 is enabled changed to match C++14 in GCC 10.1
./Processor/Instruction.hpp:1513:6: note: parameter passing for argument of type ‘Rep3Share<gf2n_long>’ when C++17 is enabled changed to match C++14 in GCC 10.1
./Processor/Instruction.hpp:1513:6: note: parameter passing for argument of type ‘FixedVec<gf2n_long, 2>’ when C++17 is enabled changed to match C++14 in GCC 10.1
./Processor/Instruction.hpp:1513:6: note: parameter passing for argument of type ‘RepShare<gf2n_long, 2>’ when C++17 is enabled changed to match C++14 in GCC 10.1
./Processor/instructions.h:118:39: note: parameter passing for argument of type ‘Rep3Share<gf2n_long>’ when C++17 is enabled changed to match C++14 in GCC 10.1
  118 |             auto tmp = sgf2n::constant(int(n), Proc.P.my_num(), Proc2.MC.get_alphai()), \
      |                        ~~~~~~~~~~~~~~~^~~~~~~~~~~~~~~~~~~~~~~~~~~~~~~~~~~~~~~~~~~~~~~~
./Processor/Instruction.hpp:1562:22: note: in definition of macro ‘X’
 1562 |         case NAME: { PRE; for (int i = 0; i < size; i++) { CODE; } } break;
      |                      ^~~
./Processor/Instruction.hpp:1563:9: note: in expansion of macro ‘ARITHMETIC_INSTRUCTIONS’
 1563 |         ARITHMETIC_INSTRUCTIONS
      |         ^~~~~~~~~~~~~~~~~~~~~~~
./Processor/instructions.h:130:30: note: parameter passing for argument of type ‘FixedVec<gf2n_long, 2>’ when C++17 is enabled changed to match C++14 in GCC 10.1
  130 |             *dest++ = *op1++ + *op2++) \
      |                       ~~~~~~~^~~~~~~~
./Processor/Instruction.hpp:1562:60: note: in definition of macro ‘X’
 1562 |         case NAME: { PRE; for (int i = 0; i < size; i++) { CODE; } } break;
      |                                                            ^~~~
./Processor/Instruction.hpp:1563:9: note: in expansion of macro ‘ARITHMETIC_INSTRUCTIONS’
 1563 |         ARITHMETIC_INSTRUCTIONS
      |         ^~~~~~~~~~~~~~~~~~~~~~~
./Processor/instructions.h:133:47: note: parameter passing for argument of type ‘Rep3Share<gf2n_long>’ when C++17 is enabled changed to match C++14 in GCC 10.1
  133 |             *dest++ = *op1++ + sgf2n::constant(*op2++, Proc.P.my_num(), Proc2.MC.get_alphai())) \
      |                                ~~~~~~~~~~~~~~~^~~~~~~~~~~~~~~~~~~~~~~~~~~~~~~~~~~~~~~~~~~~~~~~
./Processor/Instruction.hpp:1562:60: note: in definition of macro ‘X’
 1562 |         case NAME: { PRE; for (int i = 0; i < size; i++) { CODE; } } break;
      |                                                            ^~~~
./Processor/Instruction.hpp:1563:9: note: in expansion of macro ‘ARITHMETIC_INSTRUCTIONS’
 1563 |         ARITHMETIC_INSTRUCTIONS
      |         ^~~~~~~~~~~~~~~~~~~~~~~
./Processor/instructions.h:133:30: note: parameter passing for argument of type ‘FixedVec<gf2n_long, 2>’ when C++17 is enabled changed to match C++14 in GCC 10.1
  133 |             *dest++ = *op1++ + sgf2n::constant(*op2++, Proc.P.my_num(), Proc2.MC.get_alphai())) \
      |                       ~~~~~~~^~~~~~~~~~~~~~~~~~~~~~~~~~~~~~~~~~~~~~~~~~~~~~~~~~~~~~~~~~~~~~~~~
./Processor/Instruction.hpp:1562:60: note: in definition of macro ‘X’
 1562 |         case NAME: { PRE; for (int i = 0; i < size; i++) { CODE; } } break;
      |                                                            ^~~~
./Processor/Instruction.hpp:1563:9: note: in expansion of macro ‘ARITHMETIC_INSTRUCTIONS’
 1563 |         ARITHMETIC_INSTRUCTIONS
      |         ^~~~~~~~~~~~~~~~~~~~~~~
./Processor/instructions.h:133:47: note: parameter passing for argument of type ‘Rep3Share<gf2n_long>’ when C++17 is enabled changed to match C++14 in GCC 10.1
  133 |             *dest++ = *op1++ + sgf2n::constant(*op2++, Proc.P.my_num(), Proc2.MC.get_alphai())) \
      |                                ~~~~~~~~~~~~~~~^~~~~~~~~~~~~~~~~~~~~~~~~~~~~~~~~~~~~~~~~~~~~~~~
./Processor/Instruction.hpp:1562:60: note: in definition of macro ‘X’
 1562 |         case NAME: { PRE; for (int i = 0; i < size; i++) { CODE; } } break;
      |                                                            ^~~~
./Processor/Instruction.hpp:1563:9: note: in expansion of macro ‘ARITHMETIC_INSTRUCTIONS’
 1563 |         ARITHMETIC_INSTRUCTIONS
      |         ^~~~~~~~~~~~~~~~~~~~~~~
./Processor/instructions.h:133:30: note: parameter passing for argument of type ‘FixedVec<gf2n_long, 2>’ when C++17 is enabled changed to match C++14 in GCC 10.1
  133 |             *dest++ = *op1++ + sgf2n::constant(*op2++, Proc.P.my_num(), Proc2.MC.get_alphai())) \
      |                       ~~~~~~~^~~~~~~~~~~~~~~~~~~~~~~~~~~~~~~~~~~~~~~~~~~~~~~~~~~~~~~~~~~~~~~~~
./Processor/Instruction.hpp:1562:60: note: in definition of macro ‘X’
 1562 |         case NAME: { PRE; for (int i = 0; i < size; i++) { CODE; } } break;
      |                                                            ^~~~
./Processor/Instruction.hpp:1563:9: note: in expansion of macro ‘ARITHMETIC_INSTRUCTIONS’
 1563 |         ARITHMETIC_INSTRUCTIONS
      |         ^~~~~~~~~~~~~~~~~~~~~~~
./Processor/instructions.h:133:47: note: parameter passing for argument of type ‘Rep3Share<gf2n_long>’ when C++17 is enabled changed to match C++14 in GCC 10.1
  133 |             *dest++ = *op1++ + sgf2n::constant(*op2++, Proc.P.my_num(), Proc2.MC.get_alphai())) \
      |                                ~~~~~~~~~~~~~~~^~~~~~~~~~~~~~~~~~~~~~~~~~~~~~~~~~~~~~~~~~~~~~~~
./Processor/Instruction.hpp:1562:60: note: in definition of macro ‘X’
 1562 |         case NAME: { PRE; for (int i = 0; i < size; i++) { CODE; } } break;
      |                                                            ^~~~
./Processor/Instruction.hpp:1563:9: note: in expansion of macro ‘ARITHMETIC_INSTRUCTIONS’
 1563 |         ARITHMETIC_INSTRUCTIONS
      |         ^~~~~~~~~~~~~~~~~~~~~~~
./Processor/instructions.h:133:30: note: parameter passing for argument of type ‘FixedVec<gf2n_long, 2>’ when C++17 is enabled changed to match C++14 in GCC 10.1
  133 |             *dest++ = *op1++ + sgf2n::constant(*op2++, Proc.P.my_num(), Proc2.MC.get_alphai())) \
      |                       ~~~~~~~^~~~~~~~~~~~~~~~~~~~~~~~~~~~~~~~~~~~~~~~~~~~~~~~~~~~~~~~~~~~~~~~~
./Processor/Instruction.hpp:1562:60: note: in definition of macro ‘X’
 1562 |         case NAME: { PRE; for (int i = 0; i < size; i++) { CODE; } } break;
      |                                                            ^~~~
./Processor/Instruction.hpp:1563:9: note: in expansion of macro ‘ARITHMETIC_INSTRUCTIONS’
 1563 |         ARITHMETIC_INSTRUCTIONS
      |         ^~~~~~~~~~~~~~~~~~~~~~~
./Processor/instructions.h:135:47: note: parameter passing for argument of type ‘Rep3Share<gf2n_long>’ when C++17 is enabled changed to match C++14 in GCC 10.1
  135 |             *dest++ = *op1++ + sgf2n::constant(int(n), Proc.P.my_num(), Proc2.MC.get_alphai())) \
      |                                ~~~~~~~~~~~~~~~^~~~~~~~~~~~~~~~~~~~~~~~~~~~~~~~~~~~~~~~~~~~~~~~
./Processor/Instruction.hpp:1562:60: note: in definition of macro ‘X’
 1562 |         case NAME: { PRE; for (int i = 0; i < size; i++) { CODE; } } break;
      |                                                            ^~~~
./Processor/Instruction.hpp:1563:9: note: in expansion of macro ‘ARITHMETIC_INSTRUCTIONS’
 1563 |         ARITHMETIC_INSTRUCTIONS
      |         ^~~~~~~~~~~~~~~~~~~~~~~
./Processor/instructions.h:135:30: note: parameter passing for argument of type ‘FixedVec<gf2n_long, 2>’ when C++17 is enabled changed to match C++14 in GCC 10.1
  135 |             *dest++ = *op1++ + sgf2n::constant(int(n), Proc.P.my_num(), Proc2.MC.get_alphai())) \
      |                       ~~~~~~~^~~~~~~~~~~~~~~~~~~~~~~~~~~~~~~~~~~~~~~~~~~~~~~~~~~~~~~~~~~~~~~~~
./Processor/Instruction.hpp:1562:60: note: in definition of macro ‘X’
 1562 |         case NAME: { PRE; for (int i = 0; i < size; i++) { CODE; } } break;
      |                                                            ^~~~
./Processor/Instruction.hpp:1563:9: note: in expansion of macro ‘ARITHMETIC_INSTRUCTIONS’
 1563 |         ARITHMETIC_INSTRUCTIONS
      |         ^~~~~~~~~~~~~~~~~~~~~~~
./Processor/instructions.h:135:47: note: parameter passing for argument of type ‘Rep3Share<gf2n_long>’ when C++17 is enabled changed to match C++14 in GCC 10.1
  135 |             *dest++ = *op1++ + sgf2n::constant(int(n), Proc.P.my_num(), Proc2.MC.get_alphai())) \
      |                                ~~~~~~~~~~~~~~~^~~~~~~~~~~~~~~~~~~~~~~~~~~~~~~~~~~~~~~~~~~~~~~~
./Processor/Instruction.hpp:1562:60: note: in definition of macro ‘X’
 1562 |         case NAME: { PRE; for (int i = 0; i < size; i++) { CODE; } } break;
      |                                                            ^~~~
./Processor/Instruction.hpp:1563:9: note: in expansion of macro ‘ARITHMETIC_INSTRUCTIONS’
 1563 |         ARITHMETIC_INSTRUCTIONS
      |         ^~~~~~~~~~~~~~~~~~~~~~~
./Processor/instructions.h:135:30: note: parameter passing for argument of type ‘FixedVec<gf2n_long, 2>’ when C++17 is enabled changed to match C++14 in GCC 10.1
  135 |             *dest++ = *op1++ + sgf2n::constant(int(n), Proc.P.my_num(), Proc2.MC.get_alphai())) \
      |                       ~~~~~~~^~~~~~~~~~~~~~~~~~~~~~~~~~~~~~~~~~~~~~~~~~~~~~~~~~~~~~~~~~~~~~~~~
./Processor/Instruction.hpp:1562:60: note: in definition of macro ‘X’
 1562 |         case NAME: { PRE; for (int i = 0; i < size; i++) { CODE; } } break;
      |                                                            ^~~~
./Processor/Instruction.hpp:1563:9: note: in expansion of macro ‘ARITHMETIC_INSTRUCTIONS’
 1563 |         ARITHMETIC_INSTRUCTIONS
      |         ^~~~~~~~~~~~~~~~~~~~~~~
./Processor/instructions.h:135:47: note: parameter passing for argument of type ‘Rep3Share<gf2n_long>’ when C++17 is enabled changed to match C++14 in GCC 10.1
  135 |             *dest++ = *op1++ + sgf2n::constant(int(n), Proc.P.my_num(), Proc2.MC.get_alphai())) \
      |                                ~~~~~~~~~~~~~~~^~~~~~~~~~~~~~~~~~~~~~~~~~~~~~~~~~~~~~~~~~~~~~~~
./Processor/Instruction.hpp:1562:60: note: in definition of macro ‘X’
 1562 |         case NAME: { PRE; for (int i = 0; i < size; i++) { CODE; } } break;
      |                                                            ^~~~
./Processor/Instruction.hpp:1563:9: note: in expansion of macro ‘ARITHMETIC_INSTRUCTIONS’
 1563 |         ARITHMETIC_INSTRUCTIONS
      |         ^~~~~~~~~~~~~~~~~~~~~~~
./Processor/instructions.h:135:30: note: parameter passing for argument of type ‘FixedVec<gf2n_long, 2>’ when C++17 is enabled changed to match C++14 in GCC 10.1
  135 |             *dest++ = *op1++ + sgf2n::constant(int(n), Proc.P.my_num(), Proc2.MC.get_alphai())) \
      |                       ~~~~~~~^~~~~~~~~~~~~~~~~~~~~~~~~~~~~~~~~~~~~~~~~~~~~~~~~~~~~~~~~~~~~~~~~
./Processor/Instruction.hpp:1562:60: note: in definition of macro ‘X’
 1562 |         case NAME: { PRE; for (int i = 0; i < size; i++) { CODE; } } break;
      |                                                            ^~~~
./Processor/Instruction.hpp:1563:9: note: in expansion of macro ‘ARITHMETIC_INSTRUCTIONS’
 1563 |         ARITHMETIC_INSTRUCTIONS
      |         ^~~~~~~~~~~~~~~~~~~~~~~
./Processor/instructions.h:140:39: note: parameter passing for argument of type ‘Rep3Share<gf2n_long>’ when C++17 is enabled changed to match C++14 in GCC 10.1
  140 |             auto op2 = sgf2n::constant(int(n), Proc.P.my_num(), Proc2.MC.get_alphai()), \
      |                        ~~~~~~~~~~~~~~~^~~~~~~~~~~~~~~~~~~~~~~~~~~~~~~~~~~~~~~~~~~~~~~~
./Processor/Instruction.hpp:1562:22: note: in definition of macro ‘X’
 1562 |         case NAME: { PRE; for (int i = 0; i < size; i++) { CODE; } } break;
      |                      ^~~
./Processor/Instruction.hpp:1563:9: note: in expansion of macro ‘ARITHMETIC_INSTRUCTIONS’
 1563 |         ARITHMETIC_INSTRUCTIONS
      |         ^~~~~~~~~~~~~~~~~~~~~~~
./Processor/instructions.h:141:30: note: parameter passing for argument of type ‘FixedVec<gf2n_long, 2>’ when C++17 is enabled changed to match C++14 in GCC 10.1
  141 |             *dest++ = *op1++ - op2) \
      |                       ~~~~~~~^~~~~
./Processor/Instruction.hpp:1562:60: note: in definition of macro ‘X’
 1562 |         case NAME: { PRE; for (int i = 0; i < size; i++) { CODE; } } break;
      |                                                            ^~~~
./Processor/Instruction.hpp:1563:9: note: in expansion of macro ‘ARITHMETIC_INSTRUCTIONS’
 1563 |         ARITHMETIC_INSTRUCTIONS
      |         ^~~~~~~~~~~~~~~~~~~~~~~
./Processor/instructions.h:143:39: note: parameter passing for argument of type ‘Rep3Share<gf2n_long>’ when C++17 is enabled changed to match C++14 in GCC 10.1
  143 |             auto op2 = sgf2n::constant(int(n), Proc.P.my_num(), Proc2.MC.get_alphai()), \
      |                        ~~~~~~~~~~~~~~~^~~~~~~~~~~~~~~~~~~~~~~~~~~~~~~~~~~~~~~~~~~~~~~~
./Processor/Instruction.hpp:1562:22: note: in definition of macro ‘X’
 1562 |         case NAME: { PRE; for (int i = 0; i < size; i++) { CODE; } } break;
      |                      ^~~
./Processor/Instruction.hpp:1563:9: note: in expansion of macro ‘ARITHMETIC_INSTRUCTIONS’
 1563 |         ARITHMETIC_INSTRUCTIONS
      |         ^~~~~~~~~~~~~~~~~~~~~~~
./Processor/instructions.h:144:27: note: parameter passing for argument of type ‘FixedVec<gf2n_long, 2>’ when C++17 is enabled changed to match C++14 in GCC 10.1
  144 |             *dest++ = op2 - *op1++) \
      |                       ~~~~^~~~~~~~
./Processor/Instruction.hpp:1562:60: note: in definition of macro ‘X’
 1562 |         case NAME: { PRE; for (int i = 0; i < size; i++) { CODE; } } break;
      |                                                            ^~~~
./Processor/Instruction.hpp:1563:9: note: in expansion of macro ‘ARITHMETIC_INSTRUCTIONS’
 1563 |         ARITHMETIC_INSTRUCTIONS
      |         ^~~~~~~~~~~~~~~~~~~~~~~
./Processor/instructions.h:147:47: note: parameter passing for argument of type ‘Rep3Share<gf2n_long>’ when C++17 is enabled changed to match C++14 in GCC 10.1
  147 |             *dest++ = *op1++ - sgf2n::constant(*op2++, Proc.P.my_num(), Proc2.MC.get_alphai())) \
      |                                ~~~~~~~~~~~~~~~^~~~~~~~~~~~~~~~~~~~~~~~~~~~~~~~~~~~~~~~~~~~~~~~
./Processor/Instruction.hpp:1562:60: note: in definition of macro ‘X’
 1562 |         case NAME: { PRE; for (int i = 0; i < size; i++) { CODE; } } break;
      |                                                            ^~~~
./Processor/Instruction.hpp:1563:9: note: in expansion of macro ‘ARITHMETIC_INSTRUCTIONS’
 1563 |         ARITHMETIC_INSTRUCTIONS
      |         ^~~~~~~~~~~~~~~~~~~~~~~
./Processor/instructions.h:147:30: note: parameter passing for argument of type ‘FixedVec<gf2n_long, 2>’ when C++17 is enabled changed to match C++14 in GCC 10.1
  147 |             *dest++ = *op1++ - sgf2n::constant(*op2++, Proc.P.my_num(), Proc2.MC.get_alphai())) \
      |                       ~~~~~~~^~~~~~~~~~~~~~~~~~~~~~~~~~~~~~~~~~~~~~~~~~~~~~~~~~~~~~~~~~~~~~~~~
./Processor/Instruction.hpp:1562:60: note: in definition of macro ‘X’
 1562 |         case NAME: { PRE; for (int i = 0; i < size; i++) { CODE; } } break;
      |                                                            ^~~~
./Processor/Instruction.hpp:1563:9: note: in expansion of macro ‘ARITHMETIC_INSTRUCTIONS’
 1563 |         ARITHMETIC_INSTRUCTIONS
      |         ^~~~~~~~~~~~~~~~~~~~~~~
./Processor/instructions.h:147:47: note: parameter passing for argument of type ‘Rep3Share<gf2n_long>’ when C++17 is enabled changed to match C++14 in GCC 10.1
  147 |             *dest++ = *op1++ - sgf2n::constant(*op2++, Proc.P.my_num(), Proc2.MC.get_alphai())) \
      |                                ~~~~~~~~~~~~~~~^~~~~~~~~~~~~~~~~~~~~~~~~~~~~~~~~~~~~~~~~~~~~~~~
./Processor/Instruction.hpp:1562:60: note: in definition of macro ‘X’
 1562 |         case NAME: { PRE; for (int i = 0; i < size; i++) { CODE; } } break;
      |                                                            ^~~~
./Processor/Instruction.hpp:1563:9: note: in expansion of macro ‘ARITHMETIC_INSTRUCTIONS’
 1563 |         ARITHMETIC_INSTRUCTIONS
      |         ^~~~~~~~~~~~~~~~~~~~~~~
./Processor/instructions.h:147:30: note: parameter passing for argument of type ‘FixedVec<gf2n_long, 2>’ when C++17 is enabled changed to match C++14 in GCC 10.1
  147 |             *dest++ = *op1++ - sgf2n::constant(*op2++, Proc.P.my_num(), Proc2.MC.get_alphai())) \
      |                       ~~~~~~~^~~~~~~~~~~~~~~~~~~~~~~~~~~~~~~~~~~~~~~~~~~~~~~~~~~~~~~~~~~~~~~~~
./Processor/Instruction.hpp:1562:60: note: in definition of macro ‘X’
 1562 |         case NAME: { PRE; for (int i = 0; i < size; i++) { CODE; } } break;
      |                                                            ^~~~
./Processor/Instruction.hpp:1563:9: note: in expansion of macro ‘ARITHMETIC_INSTRUCTIONS’
 1563 |         ARITHMETIC_INSTRUCTIONS
      |         ^~~~~~~~~~~~~~~~~~~~~~~
./Processor/instructions.h:147:47: note: parameter passing for argument of type ‘Rep3Share<gf2n_long>’ when C++17 is enabled changed to match C++14 in GCC 10.1
  147 |             *dest++ = *op1++ - sgf2n::constant(*op2++, Proc.P.my_num(), Proc2.MC.get_alphai())) \
      |                                ~~~~~~~~~~~~~~~^~~~~~~~~~~~~~~~~~~~~~~~~~~~~~~~~~~~~~~~~~~~~~~~
./Processor/Instruction.hpp:1562:60: note: in definition of macro ‘X’
 1562 |         case NAME: { PRE; for (int i = 0; i < size; i++) { CODE; } } break;
      |                                                            ^~~~
./Processor/Instruction.hpp:1563:9: note: in expansion of macro ‘ARITHMETIC_INSTRUCTIONS’
 1563 |         ARITHMETIC_INSTRUCTIONS
      |         ^~~~~~~~~~~~~~~~~~~~~~~
./Processor/instructions.h:147:30: note: parameter passing for argument of type ‘FixedVec<gf2n_long, 2>’ when C++17 is enabled changed to match C++14 in GCC 10.1
  147 |             *dest++ = *op1++ - sgf2n::constant(*op2++, Proc.P.my_num(), Proc2.MC.get_alphai())) \
      |                       ~~~~~~~^~~~~~~~~~~~~~~~~~~~~~~~~~~~~~~~~~~~~~~~~~~~~~~~~~~~~~~~~~~~~~~~~
./Processor/Instruction.hpp:1562:60: note: in definition of macro ‘X’
 1562 |         case NAME: { PRE; for (int i = 0; i < size; i++) { CODE; } } break;
      |                                                            ^~~~
./Processor/Instruction.hpp:1563:9: note: in expansion of macro ‘ARITHMETIC_INSTRUCTIONS’
 1563 |         ARITHMETIC_INSTRUCTIONS
      |         ^~~~~~~~~~~~~~~~~~~~~~~
./Processor/instructions.h:150:38: note: parameter passing for argument of type ‘Rep3Share<gf2n_long>’ when C++17 is enabled changed to match C++14 in GCC 10.1
  150 |             *dest++ = sgf2n::constant(*op1++, Proc.P.my_num(), Proc2.MC.get_alphai()) - *op2++) \
      |                       ~~~~~~~~~~~~~~~^~~~~~~~~~~~~~~~~~~~~~~~~~~~~~~~~~~~~~~~~~~~~~~~
./Processor/Instruction.hpp:1562:60: note: in definition of macro ‘X’
 1562 |         case NAME: { PRE; for (int i = 0; i < size; i++) { CODE; } } break;
      |                                                            ^~~~
./Processor/Instruction.hpp:1563:9: note: in expansion of macro ‘ARITHMETIC_INSTRUCTIONS’
 1563 |         ARITHMETIC_INSTRUCTIONS
      |         ^~~~~~~~~~~~~~~~~~~~~~~
./Processor/instructions.h:150:87: note: parameter passing for argument of type ‘FixedVec<gf2n_long, 2>’ when C++17 is enabled changed to match C++14 in GCC 10.1
  150 |             *dest++ = sgf2n::constant(*op1++, Proc.P.my_num(), Proc2.MC.get_alphai()) - *op2++) \
      |                       ~~~~~~~~~~~~~~~~~~~~~~~~~~~~~~~~~~~~~~~~~~~~~~~~~~~~~~~~~~~~~~~~^~~~~~~~
./Processor/Instruction.hpp:1562:60: note: in definition of macro ‘X’
 1562 |         case NAME: { PRE; for (int i = 0; i < size; i++) { CODE; } } break;
      |                                                            ^~~~
./Processor/Instruction.hpp:1563:9: note: in expansion of macro ‘ARITHMETIC_INSTRUCTIONS’
 1563 |         ARITHMETIC_INSTRUCTIONS
      |         ^~~~~~~~~~~~~~~~~~~~~~~
./Processor/instructions.h:150:38: note: parameter passing for argument of type ‘Rep3Share<gf2n_long>’ when C++17 is enabled changed to match C++14 in GCC 10.1
  150 |             *dest++ = sgf2n::constant(*op1++, Proc.P.my_num(), Proc2.MC.get_alphai()) - *op2++) \
      |                       ~~~~~~~~~~~~~~~^~~~~~~~~~~~~~~~~~~~~~~~~~~~~~~~~~~~~~~~~~~~~~~~
./Processor/Instruction.hpp:1562:60: note: in definition of macro ‘X’
 1562 |         case NAME: { PRE; for (int i = 0; i < size; i++) { CODE; } } break;
      |                                                            ^~~~
./Processor/Instruction.hpp:1563:9: note: in expansion of macro ‘ARITHMETIC_INSTRUCTIONS’
 1563 |         ARITHMETIC_INSTRUCTIONS
      |         ^~~~~~~~~~~~~~~~~~~~~~~
./Processor/instructions.h:150:87: note: parameter passing for argument of type ‘FixedVec<gf2n_long, 2>’ when C++17 is enabled changed to match C++14 in GCC 10.1
  150 |             *dest++ = sgf2n::constant(*op1++, Proc.P.my_num(), Proc2.MC.get_alphai()) - *op2++) \
      |                       ~~~~~~~~~~~~~~~~~~~~~~~~~~~~~~~~~~~~~~~~~~~~~~~~~~~~~~~~~~~~~~~~^~~~~~~~
./Processor/Instruction.hpp:1562:60: note: in definition of macro ‘X’
 1562 |         case NAME: { PRE; for (int i = 0; i < size; i++) { CODE; } } break;
      |                                                            ^~~~
./Processor/Instruction.hpp:1563:9: note: in expansion of macro ‘ARITHMETIC_INSTRUCTIONS’
 1563 |         ARITHMETIC_INSTRUCTIONS
      |         ^~~~~~~~~~~~~~~~~~~~~~~
./Processor/instructions.h:153:30: note: parameter passing for argument of type ‘RepShare<gf2n_long, 2>’ when C++17 is enabled changed to match C++14 in GCC 10.1
  153 |             *dest++ = *op1++ * *op2++) \
      |                       ~~~~~~~^~~~~~~~
./Processor/Instruction.hpp:1562:60: note: in definition of macro ‘X’
 1562 |         case NAME: { PRE; for (int i = 0; i < size; i++) { CODE; } } break;
      |                                                            ^~~~
./Processor/Instruction.hpp:1563:9: note: in expansion of macro ‘ARITHMETIC_INSTRUCTIONS’
 1563 |         ARITHMETIC_INSTRUCTIONS
      |         ^~~~~~~~~~~~~~~~~~~~~~~
./Processor/Instruction.hpp: In member function ‘void Program::execute_with_errors(Processor<sint, sgf2n>&) const [with sint = MaliciousRep3Share<gfp_<0, 3> >; sgf2n = MaliciousRep3Share<gf2n_long>]’:
./Processor/Instruction.hpp:1513:6: note: parameter passing for argument of type ‘Rep3Share<gf2n_long>’ when C++17 is enabled changed to match C++14 in GCC 10.1
 1513 | void Program::execute_with_errors(Processor<sint, sgf2n>& Proc) const
      |      ^~~~~~~
./Processor/Instruction.hpp:1513:6: note: parameter passing for argument of type ‘FixedVec<gf2n_long, 2>’ when C++17 is enabled changed to match C++14 in GCC 10.1
./Processor/Instruction.hpp:1513:6: note: parameter passing for argument of type ‘Rep3Share<gf2n_long>’ when C++17 is enabled changed to match C++14 in GCC 10.1
./Processor/Instruction.hpp:1513:6: note: parameter passing for argument of type ‘FixedVec<gf2n_long, 2>’ when C++17 is enabled changed to match C++14 in GCC 10.1
./Processor/Instruction.hpp:1513:6: note: parameter passing for argument of type ‘Rep3Share<gf2n_long>’ when C++17 is enabled changed to match C++14 in GCC 10.1
./Processor/Instruction.hpp:1513:6: note: parameter passing for argument of type ‘FixedVec<gf2n_long, 2>’ when C++17 is enabled changed to match C++14 in GCC 10.1
./Processor/Instruction.hpp:1513:6: note: parameter passing for argument of type ‘Rep3Share<gf2n_long>’ when C++17 is enabled changed to match C++14 in GCC 10.1
./Processor/Instruction.hpp:1513:6: note: parameter passing for argument of type ‘FixedVec<gf2n_long, 2>’ when C++17 is enabled changed to match C++14 in GCC 10.1
./Processor/Instruction.hpp:1513:6: note: parameter passing for argument of type ‘Rep3Share<gf2n_long>’ when C++17 is enabled changed to match C++14 in GCC 10.1
./Processor/Instruction.hpp:1513:6: note: parameter passing for argument of type ‘FixedVec<gf2n_long, 2>’ when C++17 is enabled changed to match C++14 in GCC 10.1
./Processor/Instruction.hpp:1513:6: note: parameter passing for argument of type ‘Rep3Share<gf2n_long>’ when C++17 is enabled changed to match C++14 in GCC 10.1
./Processor/Instruction.hpp:1513:6: note: parameter passing for argument of type ‘FixedVec<gf2n_long, 2>’ when C++17 is enabled changed to match C++14 in GCC 10.1
./Processor/Instruction.hpp:1513:6: note: parameter passing for argument of type ‘Rep3Share<gf2n_long>’ when C++17 is enabled changed to match C++14 in GCC 10.1
./Processor/Instruction.hpp:1513:6: note: parameter passing for argument of type ‘FixedVec<gf2n_long, 2>’ when C++17 is enabled changed to match C++14 in GCC 10.1
./Processor/Instruction.hpp:1513:6: note: parameter passing for argument of type ‘RepShare<gf2n_long, 2>’ when C++17 is enabled changed to match C++14 in GCC 10.1
./Processor/instructions.h:118:39: note: parameter passing for argument of type ‘Rep3Share<gf2n_long>’ when C++17 is enabled changed to match C++14 in GCC 10.1
  118 |             auto tmp = sgf2n::constant(int(n), Proc.P.my_num(), Proc2.MC.get_alphai()), \
      |                        ~~~~~~~~~~~~~~~^~~~~~~~~~~~~~~~~~~~~~~~~~~~~~~~~~~~~~~~~~~~~~~~
./Processor/Instruction.hpp:1562:22: note: in definition of macro ‘X’
 1562 |         case NAME: { PRE; for (int i = 0; i < size; i++) { CODE; } } break;
      |                      ^~~
./Processor/Instruction.hpp:1563:9: note: in expansion of macro ‘ARITHMETIC_INSTRUCTIONS’
 1563 |         ARITHMETIC_INSTRUCTIONS
      |         ^~~~~~~~~~~~~~~~~~~~~~~
./Processor/instructions.h:130:30: note: parameter passing for argument of type ‘FixedVec<gf2n_long, 2>’ when C++17 is enabled changed to match C++14 in GCC 10.1
  130 |             *dest++ = *op1++ + *op2++) \
      |                       ~~~~~~~^~~~~~~~
./Processor/Instruction.hpp:1562:60: note: in definition of macro ‘X’
 1562 |         case NAME: { PRE; for (int i = 0; i < size; i++) { CODE; } } break;
      |                                                            ^~~~
./Processor/Instruction.hpp:1563:9: note: in expansion of macro ‘ARITHMETIC_INSTRUCTIONS’
 1563 |         ARITHMETIC_INSTRUCTIONS
      |         ^~~~~~~~~~~~~~~~~~~~~~~
./Processor/instructions.h:133:47: note: parameter passing for argument of type ‘Rep3Share<gf2n_long>’ when C++17 is enabled changed to match C++14 in GCC 10.1
  133 |             *dest++ = *op1++ + sgf2n::constant(*op2++, Proc.P.my_num(), Proc2.MC.get_alphai())) \
      |                                ~~~~~~~~~~~~~~~^~~~~~~~~~~~~~~~~~~~~~~~~~~~~~~~~~~~~~~~~~~~~~~~
./Processor/Instruction.hpp:1562:60: note: in definition of macro ‘X’
 1562 |         case NAME: { PRE; for (int i = 0; i < size; i++) { CODE; } } break;
      |                                                            ^~~~
./Processor/Instruction.hpp:1563:9: note: in expansion of macro ‘ARITHMETIC_INSTRUCTIONS’
 1563 |         ARITHMETIC_INSTRUCTIONS
      |         ^~~~~~~~~~~~~~~~~~~~~~~
./Processor/instructions.h:133:30: note: parameter passing for argument of type ‘FixedVec<gf2n_long, 2>’ when C++17 is enabled changed to match C++14 in GCC 10.1
  133 |             *dest++ = *op1++ + sgf2n::constant(*op2++, Proc.P.my_num(), Proc2.MC.get_alphai())) \
      |                       ~~~~~~~^~~~~~~~~~~~~~~~~~~~~~~~~~~~~~~~~~~~~~~~~~~~~~~~~~~~~~~~~~~~~~~~~
./Processor/Instruction.hpp:1562:60: note: in definition of macro ‘X’
 1562 |         case NAME: { PRE; for (int i = 0; i < size; i++) { CODE; } } break;
      |                                                            ^~~~
./Processor/Instruction.hpp:1563:9: note: in expansion of macro ‘ARITHMETIC_INSTRUCTIONS’
 1563 |         ARITHMETIC_INSTRUCTIONS
      |         ^~~~~~~~~~~~~~~~~~~~~~~
./Processor/instructions.h:133:47: note: parameter passing for argument of type ‘Rep3Share<gf2n_long>’ when C++17 is enabled changed to match C++14 in GCC 10.1
  133 |             *dest++ = *op1++ + sgf2n::constant(*op2++, Proc.P.my_num(), Proc2.MC.get_alphai())) \
      |                                ~~~~~~~~~~~~~~~^~~~~~~~~~~~~~~~~~~~~~~~~~~~~~~~~~~~~~~~~~~~~~~~
./Processor/Instruction.hpp:1562:60: note: in definition of macro ‘X’
 1562 |         case NAME: { PRE; for (int i = 0; i < size; i++) { CODE; } } break;
      |                                                            ^~~~
./Processor/Instruction.hpp:1563:9: note: in expansion of macro ‘ARITHMETIC_INSTRUCTIONS’
 1563 |         ARITHMETIC_INSTRUCTIONS
      |         ^~~~~~~~~~~~~~~~~~~~~~~
./Processor/instructions.h:133:30: note: parameter passing for argument of type ‘FixedVec<gf2n_long, 2>’ when C++17 is enabled changed to match C++14 in GCC 10.1
  133 |             *dest++ = *op1++ + sgf2n::constant(*op2++, Proc.P.my_num(), Proc2.MC.get_alphai())) \
      |                       ~~~~~~~^~~~~~~~~~~~~~~~~~~~~~~~~~~~~~~~~~~~~~~~~~~~~~~~~~~~~~~~~~~~~~~~~
./Processor/Instruction.hpp:1562:60: note: in definition of macro ‘X’
 1562 |         case NAME: { PRE; for (int i = 0; i < size; i++) { CODE; } } break;
      |                                                            ^~~~
./Processor/Instruction.hpp:1563:9: note: in expansion of macro ‘ARITHMETIC_INSTRUCTIONS’
 1563 |         ARITHMETIC_INSTRUCTIONS
      |         ^~~~~~~~~~~~~~~~~~~~~~~
./Processor/instructions.h:133:47: note: parameter passing for argument of type ‘Rep3Share<gf2n_long>’ when C++17 is enabled changed to match C++14 in GCC 10.1
  133 |             *dest++ = *op1++ + sgf2n::constant(*op2++, Proc.P.my_num(), Proc2.MC.get_alphai())) \
      |                                ~~~~~~~~~~~~~~~^~~~~~~~~~~~~~~~~~~~~~~~~~~~~~~~~~~~~~~~~~~~~~~~
./Processor/Instruction.hpp:1562:60: note: in definition of macro ‘X’
 1562 |         case NAME: { PRE; for (int i = 0; i < size; i++) { CODE; } } break;
      |                                                            ^~~~
./Processor/Instruction.hpp:1563:9: note: in expansion of macro ‘ARITHMETIC_INSTRUCTIONS’
 1563 |         ARITHMETIC_INSTRUCTIONS
      |         ^~~~~~~~~~~~~~~~~~~~~~~
./Processor/instructions.h:133:30: note: parameter passing for argument of type ‘FixedVec<gf2n_long, 2>’ when C++17 is enabled changed to match C++14 in GCC 10.1
  133 |             *dest++ = *op1++ + sgf2n::constant(*op2++, Proc.P.my_num(), Proc2.MC.get_alphai())) \
      |                       ~~~~~~~^~~~~~~~~~~~~~~~~~~~~~~~~~~~~~~~~~~~~~~~~~~~~~~~~~~~~~~~~~~~~~~~~
./Processor/Instruction.hpp:1562:60: note: in definition of macro ‘X’
 1562 |         case NAME: { PRE; for (int i = 0; i < size; i++) { CODE; } } break;
      |                                                            ^~~~
./Processor/Instruction.hpp:1563:9: note: in expansion of macro ‘ARITHMETIC_INSTRUCTIONS’
 1563 |         ARITHMETIC_INSTRUCTIONS
      |         ^~~~~~~~~~~~~~~~~~~~~~~
./Processor/instructions.h:135:47: note: parameter passing for argument of type ‘Rep3Share<gf2n_long>’ when C++17 is enabled changed to match C++14 in GCC 10.1
  135 |             *dest++ = *op1++ + sgf2n::constant(int(n), Proc.P.my_num(), Proc2.MC.get_alphai())) \
      |                                ~~~~~~~~~~~~~~~^~~~~~~~~~~~~~~~~~~~~~~~~~~~~~~~~~~~~~~~~~~~~~~~
./Processor/Instruction.hpp:1562:60: note: in definition of macro ‘X’
 1562 |         case NAME: { PRE; for (int i = 0; i < size; i++) { CODE; } } break;
      |                                                            ^~~~
./Processor/Instruction.hpp:1563:9: note: in expansion of macro ‘ARITHMETIC_INSTRUCTIONS’
 1563 |         ARITHMETIC_INSTRUCTIONS
      |         ^~~~~~~~~~~~~~~~~~~~~~~
./Processor/instructions.h:135:30: note: parameter passing for argument of type ‘FixedVec<gf2n_long, 2>’ when C++17 is enabled changed to match C++14 in GCC 10.1
  135 |             *dest++ = *op1++ + sgf2n::constant(int(n), Proc.P.my_num(), Proc2.MC.get_alphai())) \
      |                       ~~~~~~~^~~~~~~~~~~~~~~~~~~~~~~~~~~~~~~~~~~~~~~~~~~~~~~~~~~~~~~~~~~~~~~~~
./Processor/Instruction.hpp:1562:60: note: in definition of macro ‘X’
 1562 |         case NAME: { PRE; for (int i = 0; i < size; i++) { CODE; } } break;
      |                                                            ^~~~
./Processor/Instruction.hpp:1563:9: note: in expansion of macro ‘ARITHMETIC_INSTRUCTIONS’
 1563 |         ARITHMETIC_INSTRUCTIONS
      |         ^~~~~~~~~~~~~~~~~~~~~~~
./Processor/instructions.h:135:47: note: parameter passing for argument of type ‘Rep3Share<gf2n_long>’ when C++17 is enabled changed to match C++14 in GCC 10.1
  135 |             *dest++ = *op1++ + sgf2n::constant(int(n), Proc.P.my_num(), Proc2.MC.get_alphai())) \
      |                                ~~~~~~~~~~~~~~~^~~~~~~~~~~~~~~~~~~~~~~~~~~~~~~~~~~~~~~~~~~~~~~~
./Processor/Instruction.hpp:1562:60: note: in definition of macro ‘X’
 1562 |         case NAME: { PRE; for (int i = 0; i < size; i++) { CODE; } } break;
      |                                                            ^~~~
./Processor/Instruction.hpp:1563:9: note: in expansion of macro ‘ARITHMETIC_INSTRUCTIONS’
 1563 |         ARITHMETIC_INSTRUCTIONS
      |         ^~~~~~~~~~~~~~~~~~~~~~~
./Processor/instructions.h:135:30: note: parameter passing for argument of type ‘FixedVec<gf2n_long, 2>’ when C++17 is enabled changed to match C++14 in GCC 10.1
  135 |             *dest++ = *op1++ + sgf2n::constant(int(n), Proc.P.my_num(), Proc2.MC.get_alphai())) \
      |                       ~~~~~~~^~~~~~~~~~~~~~~~~~~~~~~~~~~~~~~~~~~~~~~~~~~~~~~~~~~~~~~~~~~~~~~~~
./Processor/Instruction.hpp:1562:60: note: in definition of macro ‘X’
 1562 |         case NAME: { PRE; for (int i = 0; i < size; i++) { CODE; } } break;
      |                                                            ^~~~
./Processor/Instruction.hpp:1563:9: note: in expansion of macro ‘ARITHMETIC_INSTRUCTIONS’
 1563 |         ARITHMETIC_INSTRUCTIONS
      |         ^~~~~~~~~~~~~~~~~~~~~~~
./Processor/instructions.h:135:47: note: parameter passing for argument of type ‘Rep3Share<gf2n_long>’ when C++17 is enabled changed to match C++14 in GCC 10.1
  135 |             *dest++ = *op1++ + sgf2n::constant(int(n), Proc.P.my_num(), Proc2.MC.get_alphai())) \
      |                                ~~~~~~~~~~~~~~~^~~~~~~~~~~~~~~~~~~~~~~~~~~~~~~~~~~~~~~~~~~~~~~~
./Processor/Instruction.hpp:1562:60: note: in definition of macro ‘X’
 1562 |         case NAME: { PRE; for (int i = 0; i < size; i++) { CODE; } } break;
      |                                                            ^~~~
./Processor/Instruction.hpp:1563:9: note: in expansion of macro ‘ARITHMETIC_INSTRUCTIONS’
 1563 |         ARITHMETIC_INSTRUCTIONS
      |         ^~~~~~~~~~~~~~~~~~~~~~~
./Processor/instructions.h:135:30: note: parameter passing for argument of type ‘FixedVec<gf2n_long, 2>’ when C++17 is enabled changed to match C++14 in GCC 10.1
  135 |             *dest++ = *op1++ + sgf2n::constant(int(n), Proc.P.my_num(), Proc2.MC.get_alphai())) \
      |                       ~~~~~~~^~~~~~~~~~~~~~~~~~~~~~~~~~~~~~~~~~~~~~~~~~~~~~~~~~~~~~~~~~~~~~~~~
./Processor/Instruction.hpp:1562:60: note: in definition of macro ‘X’
 1562 |         case NAME: { PRE; for (int i = 0; i < size; i++) { CODE; } } break;
      |                                                            ^~~~
./Processor/Instruction.hpp:1563:9: note: in expansion of macro ‘ARITHMETIC_INSTRUCTIONS’
 1563 |         ARITHMETIC_INSTRUCTIONS
      |         ^~~~~~~~~~~~~~~~~~~~~~~
./Processor/instructions.h:140:39: note: parameter passing for argument of type ‘Rep3Share<gf2n_long>’ when C++17 is enabled changed to match C++14 in GCC 10.1
  140 |             auto op2 = sgf2n::constant(int(n), Proc.P.my_num(), Proc2.MC.get_alphai()), \
      |                        ~~~~~~~~~~~~~~~^~~~~~~~~~~~~~~~~~~~~~~~~~~~~~~~~~~~~~~~~~~~~~~~
./Processor/Instruction.hpp:1562:22: note: in definition of macro ‘X’
 1562 |         case NAME: { PRE; for (int i = 0; i < size; i++) { CODE; } } break;
      |                      ^~~
./Processor/Instruction.hpp:1563:9: note: in expansion of macro ‘ARITHMETIC_INSTRUCTIONS’
 1563 |         ARITHMETIC_INSTRUCTIONS
      |         ^~~~~~~~~~~~~~~~~~~~~~~
./Processor/instructions.h:141:30: note: parameter passing for argument of type ‘FixedVec<gf2n_long, 2>’ when C++17 is enabled changed to match C++14 in GCC 10.1
  141 |             *dest++ = *op1++ - op2) \
      |                       ~~~~~~~^~~~~
./Processor/Instruction.hpp:1562:60: note: in definition of macro ‘X’
 1562 |         case NAME: { PRE; for (int i = 0; i < size; i++) { CODE; } } break;
      |                                                            ^~~~
./Processor/Instruction.hpp:1563:9: note: in expansion of macro ‘ARITHMETIC_INSTRUCTIONS’
 1563 |         ARITHMETIC_INSTRUCTIONS
      |         ^~~~~~~~~~~~~~~~~~~~~~~
./Processor/instructions.h:143:39: note: parameter passing for argument of type ‘Rep3Share<gf2n_long>’ when C++17 is enabled changed to match C++14 in GCC 10.1
  143 |             auto op2 = sgf2n::constant(int(n), Proc.P.my_num(), Proc2.MC.get_alphai()), \
      |                        ~~~~~~~~~~~~~~~^~~~~~~~~~~~~~~~~~~~~~~~~~~~~~~~~~~~~~~~~~~~~~~~
./Processor/Instruction.hpp:1562:22: note: in definition of macro ‘X’
 1562 |         case NAME: { PRE; for (int i = 0; i < size; i++) { CODE; } } break;
      |                      ^~~
./Processor/Instruction.hpp:1563:9: note: in expansion of macro ‘ARITHMETIC_INSTRUCTIONS’
 1563 |         ARITHMETIC_INSTRUCTIONS
      |         ^~~~~~~~~~~~~~~~~~~~~~~
./Processor/instructions.h:144:27: note: parameter passing for argument of type ‘FixedVec<gf2n_long, 2>’ when C++17 is enabled changed to match C++14 in GCC 10.1
  144 |             *dest++ = op2 - *op1++) \
      |                       ~~~~^~~~~~~~
./Processor/Instruction.hpp:1562:60: note: in definition of macro ‘X’
 1562 |         case NAME: { PRE; for (int i = 0; i < size; i++) { CODE; } } break;
      |                                                            ^~~~
./Processor/Instruction.hpp:1563:9: note: in expansion of macro ‘ARITHMETIC_INSTRUCTIONS’
 1563 |         ARITHMETIC_INSTRUCTIONS
      |         ^~~~~~~~~~~~~~~~~~~~~~~
./Processor/instructions.h:147:47: note: parameter passing for argument of type ‘Rep3Share<gf2n_long>’ when C++17 is enabled changed to match C++14 in GCC 10.1
  147 |             *dest++ = *op1++ - sgf2n::constant(*op2++, Proc.P.my_num(), Proc2.MC.get_alphai())) \
      |                                ~~~~~~~~~~~~~~~^~~~~~~~~~~~~~~~~~~~~~~~~~~~~~~~~~~~~~~~~~~~~~~~
./Processor/Instruction.hpp:1562:60: note: in definition of macro ‘X’
 1562 |         case NAME: { PRE; for (int i = 0; i < size; i++) { CODE; } } break;
      |                                                            ^~~~
./Processor/Instruction.hpp:1563:9: note: in expansion of macro ‘ARITHMETIC_INSTRUCTIONS’
 1563 |         ARITHMETIC_INSTRUCTIONS
      |         ^~~~~~~~~~~~~~~~~~~~~~~
./Processor/instructions.h:147:30: note: parameter passing for argument of type ‘FixedVec<gf2n_long, 2>’ when C++17 is enabled changed to match C++14 in GCC 10.1
  147 |             *dest++ = *op1++ - sgf2n::constant(*op2++, Proc.P.my_num(), Proc2.MC.get_alphai())) \
      |                       ~~~~~~~^~~~~~~~~~~~~~~~~~~~~~~~~~~~~~~~~~~~~~~~~~~~~~~~~~~~~~~~~~~~~~~~~
./Processor/Instruction.hpp:1562:60: note: in definition of macro ‘X’
 1562 |         case NAME: { PRE; for (int i = 0; i < size; i++) { CODE; } } break;
      |                                                            ^~~~
./Processor/Instruction.hpp:1563:9: note: in expansion of macro ‘ARITHMETIC_INSTRUCTIONS’
 1563 |         ARITHMETIC_INSTRUCTIONS
      |         ^~~~~~~~~~~~~~~~~~~~~~~
./Processor/instructions.h:147:47: note: parameter passing for argument of type ‘Rep3Share<gf2n_long>’ when C++17 is enabled changed to match C++14 in GCC 10.1
  147 |             *dest++ = *op1++ - sgf2n::constant(*op2++, Proc.P.my_num(), Proc2.MC.get_alphai())) \
      |                                ~~~~~~~~~~~~~~~^~~~~~~~~~~~~~~~~~~~~~~~~~~~~~~~~~~~~~~~~~~~~~~~
./Processor/Instruction.hpp:1562:60: note: in definition of macro ‘X’
 1562 |         case NAME: { PRE; for (int i = 0; i < size; i++) { CODE; } } break;
      |                                                            ^~~~
./Processor/Instruction.hpp:1563:9: note: in expansion of macro ‘ARITHMETIC_INSTRUCTIONS’
 1563 |         ARITHMETIC_INSTRUCTIONS
      |         ^~~~~~~~~~~~~~~~~~~~~~~
./Processor/instructions.h:147:30: note: parameter passing for argument of type ‘FixedVec<gf2n_long, 2>’ when C++17 is enabled changed to match C++14 in GCC 10.1
  147 |             *dest++ = *op1++ - sgf2n::constant(*op2++, Proc.P.my_num(), Proc2.MC.get_alphai())) \
      |                       ~~~~~~~^~~~~~~~~~~~~~~~~~~~~~~~~~~~~~~~~~~~~~~~~~~~~~~~~~~~~~~~~~~~~~~~~
./Processor/Instruction.hpp:1562:60: note: in definition of macro ‘X’
 1562 |         case NAME: { PRE; for (int i = 0; i < size; i++) { CODE; } } break;
      |                                                            ^~~~
./Processor/Instruction.hpp:1563:9: note: in expansion of macro ‘ARITHMETIC_INSTRUCTIONS’
 1563 |         ARITHMETIC_INSTRUCTIONS
      |         ^~~~~~~~~~~~~~~~~~~~~~~
./Processor/instructions.h:147:47: note: parameter passing for argument of type ‘Rep3Share<gf2n_long>’ when C++17 is enabled changed to match C++14 in GCC 10.1
  147 |             *dest++ = *op1++ - sgf2n::constant(*op2++, Proc.P.my_num(), Proc2.MC.get_alphai())) \
      |                                ~~~~~~~~~~~~~~~^~~~~~~~~~~~~~~~~~~~~~~~~~~~~~~~~~~~~~~~~~~~~~~~
./Processor/Instruction.hpp:1562:60: note: in definition of macro ‘X’
 1562 |         case NAME: { PRE; for (int i = 0; i < size; i++) { CODE; } } break;
      |                                                            ^~~~
./Processor/Instruction.hpp:1563:9: note: in expansion of macro ‘ARITHMETIC_INSTRUCTIONS’
 1563 |         ARITHMETIC_INSTRUCTIONS
      |         ^~~~~~~~~~~~~~~~~~~~~~~
./Processor/instructions.h:147:30: note: parameter passing for argument of type ‘FixedVec<gf2n_long, 2>’ when C++17 is enabled changed to match C++14 in GCC 10.1
  147 |             *dest++ = *op1++ - sgf2n::constant(*op2++, Proc.P.my_num(), Proc2.MC.get_alphai())) \
      |                       ~~~~~~~^~~~~~~~~~~~~~~~~~~~~~~~~~~~~~~~~~~~~~~~~~~~~~~~~~~~~~~~~~~~~~~~~
./Processor/Instruction.hpp:1562:60: note: in definition of macro ‘X’
 1562 |         case NAME: { PRE; for (int i = 0; i < size; i++) { CODE; } } break;
      |                                                            ^~~~
./Processor/Instruction.hpp:1563:9: note: in expansion of macro ‘ARITHMETIC_INSTRUCTIONS’
 1563 |         ARITHMETIC_INSTRUCTIONS
      |         ^~~~~~~~~~~~~~~~~~~~~~~
./Processor/instructions.h:150:38: note: parameter passing for argument of type ‘Rep3Share<gf2n_long>’ when C++17 is enabled changed to match C++14 in GCC 10.1
  150 |             *dest++ = sgf2n::constant(*op1++, Proc.P.my_num(), Proc2.MC.get_alphai()) - *op2++) \
      |                       ~~~~~~~~~~~~~~~^~~~~~~~~~~~~~~~~~~~~~~~~~~~~~~~~~~~~~~~~~~~~~~~
./Processor/Instruction.hpp:1562:60: note: in definition of macro ‘X’
 1562 |         case NAME: { PRE; for (int i = 0; i < size; i++) { CODE; } } break;
      |                                                            ^~~~
./Processor/Instruction.hpp:1563:9: note: in expansion of macro ‘ARITHMETIC_INSTRUCTIONS’
 1563 |         ARITHMETIC_INSTRUCTIONS
      |         ^~~~~~~~~~~~~~~~~~~~~~~
./Processor/instructions.h:150:87: note: parameter passing for argument of type ‘FixedVec<gf2n_long, 2>’ when C++17 is enabled changed to match C++14 in GCC 10.1
  150 |             *dest++ = sgf2n::constant(*op1++, Proc.P.my_num(), Proc2.MC.get_alphai()) - *op2++) \
      |                       ~~~~~~~~~~~~~~~~~~~~~~~~~~~~~~~~~~~~~~~~~~~~~~~~~~~~~~~~~~~~~~~~^~~~~~~~
./Processor/Instruction.hpp:1562:60: note: in definition of macro ‘X’
 1562 |         case NAME: { PRE; for (int i = 0; i < size; i++) { CODE; } } break;
      |                                                            ^~~~
./Processor/Instruction.hpp:1563:9: note: in expansion of macro ‘ARITHMETIC_INSTRUCTIONS’
 1563 |         ARITHMETIC_INSTRUCTIONS
      |         ^~~~~~~~~~~~~~~~~~~~~~~
./Processor/instructions.h:150:38: note: parameter passing for argument of type ‘Rep3Share<gf2n_long>’ when C++17 is enabled changed to match C++14 in GCC 10.1
  150 |             *dest++ = sgf2n::constant(*op1++, Proc.P.my_num(), Proc2.MC.get_alphai()) - *op2++) \
      |                       ~~~~~~~~~~~~~~~^~~~~~~~~~~~~~~~~~~~~~~~~~~~~~~~~~~~~~~~~~~~~~~~
./Processor/Instruction.hpp:1562:60: note: in definition of macro ‘X’
 1562 |         case NAME: { PRE; for (int i = 0; i < size; i++) { CODE; } } break;
      |                                                            ^~~~
./Processor/Instruction.hpp:1563:9: note: in expansion of macro ‘ARITHMETIC_INSTRUCTIONS’
 1563 |         ARITHMETIC_INSTRUCTIONS
      |         ^~~~~~~~~~~~~~~~~~~~~~~
./Processor/instructions.h:150:87: note: parameter passing for argument of type ‘FixedVec<gf2n_long, 2>’ when C++17 is enabled changed to match C++14 in GCC 10.1
  150 |             *dest++ = sgf2n::constant(*op1++, Proc.P.my_num(), Proc2.MC.get_alphai()) - *op2++) \
      |                       ~~~~~~~~~~~~~~~~~~~~~~~~~~~~~~~~~~~~~~~~~~~~~~~~~~~~~~~~~~~~~~~~^~~~~~~~
./Processor/Instruction.hpp:1562:60: note: in definition of macro ‘X’
 1562 |         case NAME: { PRE; for (int i = 0; i < size; i++) { CODE; } } break;
      |                                                            ^~~~
./Processor/Instruction.hpp:1563:9: note: in expansion of macro ‘ARITHMETIC_INSTRUCTIONS’
 1563 |         ARITHMETIC_INSTRUCTIONS
      |         ^~~~~~~~~~~~~~~~~~~~~~~
./Processor/instructions.h:153:30: note: parameter passing for argument of type ‘RepShare<gf2n_long, 2>’ when C++17 is enabled changed to match C++14 in GCC 10.1
  153 |             *dest++ = *op1++ * *op2++) \
      |                       ~~~~~~~^~~~~~~~
./Processor/Instruction.hpp:1562:60: note: in definition of macro ‘X’
 1562 |         case NAME: { PRE; for (int i = 0; i < size; i++) { CODE; } } break;
      |                                                            ^~~~
./Processor/Instruction.hpp:1563:9: note: in expansion of macro ‘ARITHMETIC_INSTRUCTIONS’
 1563 |         ARITHMETIC_INSTRUCTIONS
      |         ^~~~~~~~~~~~~~~~~~~~~~~
./Processor/Instruction.hpp: In member function ‘void Program::execute_with_errors(Processor<sint, sgf2n>&) const [with sint = MaliciousRep3Share<gfp_<0, 4> >; sgf2n = MaliciousRep3Share<gf2n_long>]’:
./Processor/Instruction.hpp:1513:6: note: parameter passing for argument of type ‘Rep3Share<gf2n_long>’ when C++17 is enabled changed to match C++14 in GCC 10.1
 1513 | void Program::execute_with_errors(Processor<sint, sgf2n>& Proc) const
      |      ^~~~~~~
./Processor/Instruction.hpp:1513:6: note: parameter passing for argument of type ‘FixedVec<gf2n_long, 2>’ when C++17 is enabled changed to match C++14 in GCC 10.1
./Processor/Instruction.hpp:1513:6: note: parameter passing for argument of type ‘Rep3Share<gf2n_long>’ when C++17 is enabled changed to match C++14 in GCC 10.1
./Processor/Instruction.hpp:1513:6: note: parameter passing for argument of type ‘FixedVec<gf2n_long, 2>’ when C++17 is enabled changed to match C++14 in GCC 10.1
./Processor/Instruction.hpp:1513:6: note: parameter passing for argument of type ‘Rep3Share<gf2n_long>’ when C++17 is enabled changed to match C++14 in GCC 10.1
./Processor/Instruction.hpp:1513:6: note: parameter passing for argument of type ‘FixedVec<gf2n_long, 2>’ when C++17 is enabled changed to match C++14 in GCC 10.1
./Processor/Instruction.hpp:1513:6: note: parameter passing for argument of type ‘Rep3Share<gf2n_long>’ when C++17 is enabled changed to match C++14 in GCC 10.1
./Processor/Instruction.hpp:1513:6: note: parameter passing for argument of type ‘FixedVec<gf2n_long, 2>’ when C++17 is enabled changed to match C++14 in GCC 10.1
./Processor/Instruction.hpp:1513:6: note: parameter passing for argument of type ‘Rep3Share<gf2n_long>’ when C++17 is enabled changed to match C++14 in GCC 10.1
./Processor/Instruction.hpp:1513:6: note: parameter passing for argument of type ‘FixedVec<gf2n_long, 2>’ when C++17 is enabled changed to match C++14 in GCC 10.1
./Processor/Instruction.hpp:1513:6: note: parameter passing for argument of type ‘Rep3Share<gf2n_long>’ when C++17 is enabled changed to match C++14 in GCC 10.1
./Processor/Instruction.hpp:1513:6: note: parameter passing for argument of type ‘FixedVec<gf2n_long, 2>’ when C++17 is enabled changed to match C++14 in GCC 10.1
./Processor/Instruction.hpp:1513:6: note: parameter passing for argument of type ‘Rep3Share<gf2n_long>’ when C++17 is enabled changed to match C++14 in GCC 10.1
./Processor/Instruction.hpp:1513:6: note: parameter passing for argument of type ‘FixedVec<gf2n_long, 2>’ when C++17 is enabled changed to match C++14 in GCC 10.1
./Processor/Instruction.hpp:1513:6: note: parameter passing for argument of type ‘RepShare<gf2n_long, 2>’ when C++17 is enabled changed to match C++14 in GCC 10.1
./Processor/instructions.h:118:39: note: parameter passing for argument of type ‘Rep3Share<gf2n_long>’ when C++17 is enabled changed to match C++14 in GCC 10.1
  118 |             auto tmp = sgf2n::constant(int(n), Proc.P.my_num(), Proc2.MC.get_alphai()), \
      |                        ~~~~~~~~~~~~~~~^~~~~~~~~~~~~~~~~~~~~~~~~~~~~~~~~~~~~~~~~~~~~~~~
./Processor/Instruction.hpp:1562:22: note: in definition of macro ‘X’
 1562 |         case NAME: { PRE; for (int i = 0; i < size; i++) { CODE; } } break;
      |                      ^~~
./Processor/Instruction.hpp:1563:9: note: in expansion of macro ‘ARITHMETIC_INSTRUCTIONS’
 1563 |         ARITHMETIC_INSTRUCTIONS
      |         ^~~~~~~~~~~~~~~~~~~~~~~
./Processor/instructions.h:130:30: note: parameter passing for argument of type ‘FixedVec<gf2n_long, 2>’ when C++17 is enabled changed to match C++14 in GCC 10.1
  130 |             *dest++ = *op1++ + *op2++) \
      |                       ~~~~~~~^~~~~~~~
./Processor/Instruction.hpp:1562:60: note: in definition of macro ‘X’
 1562 |         case NAME: { PRE; for (int i = 0; i < size; i++) { CODE; } } break;
      |                                                            ^~~~
./Processor/Instruction.hpp:1563:9: note: in expansion of macro ‘ARITHMETIC_INSTRUCTIONS’
 1563 |         ARITHMETIC_INSTRUCTIONS
      |         ^~~~~~~~~~~~~~~~~~~~~~~
./Processor/instructions.h:133:47: note: parameter passing for argument of type ‘Rep3Share<gf2n_long>’ when C++17 is enabled changed to match C++14 in GCC 10.1
  133 |             *dest++ = *op1++ + sgf2n::constant(*op2++, Proc.P.my_num(), Proc2.MC.get_alphai())) \
      |                                ~~~~~~~~~~~~~~~^~~~~~~~~~~~~~~~~~~~~~~~~~~~~~~~~~~~~~~~~~~~~~~~
./Processor/Instruction.hpp:1562:60: note: in definition of macro ‘X’
 1562 |         case NAME: { PRE; for (int i = 0; i < size; i++) { CODE; } } break;
      |                                                            ^~~~
./Processor/Instruction.hpp:1563:9: note: in expansion of macro ‘ARITHMETIC_INSTRUCTIONS’
 1563 |         ARITHMETIC_INSTRUCTIONS
      |         ^~~~~~~~~~~~~~~~~~~~~~~
./Processor/instructions.h:133:30: note: parameter passing for argument of type ‘FixedVec<gf2n_long, 2>’ when C++17 is enabled changed to match C++14 in GCC 10.1
  133 |             *dest++ = *op1++ + sgf2n::constant(*op2++, Proc.P.my_num(), Proc2.MC.get_alphai())) \
      |                       ~~~~~~~^~~~~~~~~~~~~~~~~~~~~~~~~~~~~~~~~~~~~~~~~~~~~~~~~~~~~~~~~~~~~~~~~
./Processor/Instruction.hpp:1562:60: note: in definition of macro ‘X’
 1562 |         case NAME: { PRE; for (int i = 0; i < size; i++) { CODE; } } break;
      |                                                            ^~~~
./Processor/Instruction.hpp:1563:9: note: in expansion of macro ‘ARITHMETIC_INSTRUCTIONS’
 1563 |         ARITHMETIC_INSTRUCTIONS
      |         ^~~~~~~~~~~~~~~~~~~~~~~
./Processor/instructions.h:133:47: note: parameter passing for argument of type ‘Rep3Share<gf2n_long>’ when C++17 is enabled changed to match C++14 in GCC 10.1
  133 |             *dest++ = *op1++ + sgf2n::constant(*op2++, Proc.P.my_num(), Proc2.MC.get_alphai())) \
      |                                ~~~~~~~~~~~~~~~^~~~~~~~~~~~~~~~~~~~~~~~~~~~~~~~~~~~~~~~~~~~~~~~
./Processor/Instruction.hpp:1562:60: note: in definition of macro ‘X’
 1562 |         case NAME: { PRE; for (int i = 0; i < size; i++) { CODE; } } break;
      |                                                            ^~~~
./Processor/Instruction.hpp:1563:9: note: in expansion of macro ‘ARITHMETIC_INSTRUCTIONS’
 1563 |         ARITHMETIC_INSTRUCTIONS
      |         ^~~~~~~~~~~~~~~~~~~~~~~
./Processor/instructions.h:133:30: note: parameter passing for argument of type ‘FixedVec<gf2n_long, 2>’ when C++17 is enabled changed to match C++14 in GCC 10.1
  133 |             *dest++ = *op1++ + sgf2n::constant(*op2++, Proc.P.my_num(), Proc2.MC.get_alphai())) \
      |                       ~~~~~~~^~~~~~~~~~~~~~~~~~~~~~~~~~~~~~~~~~~~~~~~~~~~~~~~~~~~~~~~~~~~~~~~~
./Processor/Instruction.hpp:1562:60: note: in definition of macro ‘X’
 1562 |         case NAME: { PRE; for (int i = 0; i < size; i++) { CODE; } } break;
      |                                                            ^~~~
./Processor/Instruction.hpp:1563:9: note: in expansion of macro ‘ARITHMETIC_INSTRUCTIONS’
 1563 |         ARITHMETIC_INSTRUCTIONS
      |         ^~~~~~~~~~~~~~~~~~~~~~~
./Processor/instructions.h:133:47: note: parameter passing for argument of type ‘Rep3Share<gf2n_long>’ when C++17 is enabled changed to match C++14 in GCC 10.1
  133 |             *dest++ = *op1++ + sgf2n::constant(*op2++, Proc.P.my_num(), Proc2.MC.get_alphai())) \
      |                                ~~~~~~~~~~~~~~~^~~~~~~~~~~~~~~~~~~~~~~~~~~~~~~~~~~~~~~~~~~~~~~~
./Processor/Instruction.hpp:1562:60: note: in definition of macro ‘X’
 1562 |         case NAME: { PRE; for (int i = 0; i < size; i++) { CODE; } } break;
      |                                                            ^~~~
./Processor/Instruction.hpp:1563:9: note: in expansion of macro ‘ARITHMETIC_INSTRUCTIONS’
 1563 |         ARITHMETIC_INSTRUCTIONS
      |         ^~~~~~~~~~~~~~~~~~~~~~~
./Processor/instructions.h:133:30: note: parameter passing for argument of type ‘FixedVec<gf2n_long, 2>’ when C++17 is enabled changed to match C++14 in GCC 10.1
  133 |             *dest++ = *op1++ + sgf2n::constant(*op2++, Proc.P.my_num(), Proc2.MC.get_alphai())) \
      |                       ~~~~~~~^~~~~~~~~~~~~~~~~~~~~~~~~~~~~~~~~~~~~~~~~~~~~~~~~~~~~~~~~~~~~~~~~
./Processor/Instruction.hpp:1562:60: note: in definition of macro ‘X’
 1562 |         case NAME: { PRE; for (int i = 0; i < size; i++) { CODE; } } break;
      |                                                            ^~~~
./Processor/Instruction.hpp:1563:9: note: in expansion of macro ‘ARITHMETIC_INSTRUCTIONS’
 1563 |         ARITHMETIC_INSTRUCTIONS
      |         ^~~~~~~~~~~~~~~~~~~~~~~
./Processor/instructions.h:135:47: note: parameter passing for argument of type ‘Rep3Share<gf2n_long>’ when C++17 is enabled changed to match C++14 in GCC 10.1
  135 |             *dest++ = *op1++ + sgf2n::constant(int(n), Proc.P.my_num(), Proc2.MC.get_alphai())) \
      |                                ~~~~~~~~~~~~~~~^~~~~~~~~~~~~~~~~~~~~~~~~~~~~~~~~~~~~~~~~~~~~~~~
./Processor/Instruction.hpp:1562:60: note: in definition of macro ‘X’
 1562 |         case NAME: { PRE; for (int i = 0; i < size; i++) { CODE; } } break;
      |                                                            ^~~~
./Processor/Instruction.hpp:1563:9: note: in expansion of macro ‘ARITHMETIC_INSTRUCTIONS’
 1563 |         ARITHMETIC_INSTRUCTIONS
      |         ^~~~~~~~~~~~~~~~~~~~~~~
./Processor/instructions.h:135:30: note: parameter passing for argument of type ‘FixedVec<gf2n_long, 2>’ when C++17 is enabled changed to match C++14 in GCC 10.1
  135 |             *dest++ = *op1++ + sgf2n::constant(int(n), Proc.P.my_num(), Proc2.MC.get_alphai())) \
      |                       ~~~~~~~^~~~~~~~~~~~~~~~~~~~~~~~~~~~~~~~~~~~~~~~~~~~~~~~~~~~~~~~~~~~~~~~~
./Processor/Instruction.hpp:1562:60: note: in definition of macro ‘X’
 1562 |         case NAME: { PRE; for (int i = 0; i < size; i++) { CODE; } } break;
      |                                                            ^~~~
./Processor/Instruction.hpp:1563:9: note: in expansion of macro ‘ARITHMETIC_INSTRUCTIONS’
 1563 |         ARITHMETIC_INSTRUCTIONS
      |         ^~~~~~~~~~~~~~~~~~~~~~~
./Processor/instructions.h:135:47: note: parameter passing for argument of type ‘Rep3Share<gf2n_long>’ when C++17 is enabled changed to match C++14 in GCC 10.1
  135 |             *dest++ = *op1++ + sgf2n::constant(int(n), Proc.P.my_num(), Proc2.MC.get_alphai())) \
      |                                ~~~~~~~~~~~~~~~^~~~~~~~~~~~~~~~~~~~~~~~~~~~~~~~~~~~~~~~~~~~~~~~
./Processor/Instruction.hpp:1562:60: note: in definition of macro ‘X’
 1562 |         case NAME: { PRE; for (int i = 0; i < size; i++) { CODE; } } break;
      |                                                            ^~~~
./Processor/Instruction.hpp:1563:9: note: in expansion of macro ‘ARITHMETIC_INSTRUCTIONS’
 1563 |         ARITHMETIC_INSTRUCTIONS
      |         ^~~~~~~~~~~~~~~~~~~~~~~
./Processor/instructions.h:135:30: note: parameter passing for argument of type ‘FixedVec<gf2n_long, 2>’ when C++17 is enabled changed to match C++14 in GCC 10.1
  135 |             *dest++ = *op1++ + sgf2n::constant(int(n), Proc.P.my_num(), Proc2.MC.get_alphai())) \
      |                       ~~~~~~~^~~~~~~~~~~~~~~~~~~~~~~~~~~~~~~~~~~~~~~~~~~~~~~~~~~~~~~~~~~~~~~~~
./Processor/Instruction.hpp:1562:60: note: in definition of macro ‘X’
 1562 |         case NAME: { PRE; for (int i = 0; i < size; i++) { CODE; } } break;
      |                                                            ^~~~
./Processor/Instruction.hpp:1563:9: note: in expansion of macro ‘ARITHMETIC_INSTRUCTIONS’
 1563 |         ARITHMETIC_INSTRUCTIONS
      |         ^~~~~~~~~~~~~~~~~~~~~~~
./Processor/instructions.h:135:47: note: parameter passing for argument of type ‘Rep3Share<gf2n_long>’ when C++17 is enabled changed to match C++14 in GCC 10.1
  135 |             *dest++ = *op1++ + sgf2n::constant(int(n), Proc.P.my_num(), Proc2.MC.get_alphai())) \
      |                                ~~~~~~~~~~~~~~~^~~~~~~~~~~~~~~~~~~~~~~~~~~~~~~~~~~~~~~~~~~~~~~~
./Processor/Instruction.hpp:1562:60: note: in definition of macro ‘X’
 1562 |         case NAME: { PRE; for (int i = 0; i < size; i++) { CODE; } } break;
      |                                                            ^~~~
./Processor/Instruction.hpp:1563:9: note: in expansion of macro ‘ARITHMETIC_INSTRUCTIONS’
 1563 |         ARITHMETIC_INSTRUCTIONS
      |         ^~~~~~~~~~~~~~~~~~~~~~~
./Processor/instructions.h:135:30: note: parameter passing for argument of type ‘FixedVec<gf2n_long, 2>’ when C++17 is enabled changed to match C++14 in GCC 10.1
  135 |             *dest++ = *op1++ + sgf2n::constant(int(n), Proc.P.my_num(), Proc2.MC.get_alphai())) \
      |                       ~~~~~~~^~~~~~~~~~~~~~~~~~~~~~~~~~~~~~~~~~~~~~~~~~~~~~~~~~~~~~~~~~~~~~~~~
./Processor/Instruction.hpp:1562:60: note: in definition of macro ‘X’
 1562 |         case NAME: { PRE; for (int i = 0; i < size; i++) { CODE; } } break;
      |                                                            ^~~~
./Processor/Instruction.hpp:1563:9: note: in expansion of macro ‘ARITHMETIC_INSTRUCTIONS’
 1563 |         ARITHMETIC_INSTRUCTIONS
      |         ^~~~~~~~~~~~~~~~~~~~~~~
./Processor/instructions.h:140:39: note: parameter passing for argument of type ‘Rep3Share<gf2n_long>’ when C++17 is enabled changed to match C++14 in GCC 10.1
  140 |             auto op2 = sgf2n::constant(int(n), Proc.P.my_num(), Proc2.MC.get_alphai()), \
      |                        ~~~~~~~~~~~~~~~^~~~~~~~~~~~~~~~~~~~~~~~~~~~~~~~~~~~~~~~~~~~~~~~
./Processor/Instruction.hpp:1562:22: note: in definition of macro ‘X’
 1562 |         case NAME: { PRE; for (int i = 0; i < size; i++) { CODE; } } break;
      |                      ^~~
./Processor/Instruction.hpp:1563:9: note: in expansion of macro ‘ARITHMETIC_INSTRUCTIONS’
 1563 |         ARITHMETIC_INSTRUCTIONS
      |         ^~~~~~~~~~~~~~~~~~~~~~~
./Processor/instructions.h:141:30: note: parameter passing for argument of type ‘FixedVec<gf2n_long, 2>’ when C++17 is enabled changed to match C++14 in GCC 10.1
  141 |             *dest++ = *op1++ - op2) \
      |                       ~~~~~~~^~~~~
./Processor/Instruction.hpp:1562:60: note: in definition of macro ‘X’
 1562 |         case NAME: { PRE; for (int i = 0; i < size; i++) { CODE; } } break;
      |                                                            ^~~~
./Processor/Instruction.hpp:1563:9: note: in expansion of macro ‘ARITHMETIC_INSTRUCTIONS’
 1563 |         ARITHMETIC_INSTRUCTIONS
      |         ^~~~~~~~~~~~~~~~~~~~~~~
./Processor/instructions.h:143:39: note: parameter passing for argument of type ‘Rep3Share<gf2n_long>’ when C++17 is enabled changed to match C++14 in GCC 10.1
  143 |             auto op2 = sgf2n::constant(int(n), Proc.P.my_num(), Proc2.MC.get_alphai()), \
      |                        ~~~~~~~~~~~~~~~^~~~~~~~~~~~~~~~~~~~~~~~~~~~~~~~~~~~~~~~~~~~~~~~
./Processor/Instruction.hpp:1562:22: note: in definition of macro ‘X’
 1562 |         case NAME: { PRE; for (int i = 0; i < size; i++) { CODE; } } break;
      |                      ^~~
./Processor/Instruction.hpp:1563:9: note: in expansion of macro ‘ARITHMETIC_INSTRUCTIONS’
 1563 |         ARITHMETIC_INSTRUCTIONS
      |         ^~~~~~~~~~~~~~~~~~~~~~~
./Processor/instructions.h:144:27: note: parameter passing for argument of type ‘FixedVec<gf2n_long, 2>’ when C++17 is enabled changed to match C++14 in GCC 10.1
  144 |             *dest++ = op2 - *op1++) \
      |                       ~~~~^~~~~~~~
./Processor/Instruction.hpp:1562:60: note: in definition of macro ‘X’
 1562 |         case NAME: { PRE; for (int i = 0; i < size; i++) { CODE; } } break;
      |                                                            ^~~~
./Processor/Instruction.hpp:1563:9: note: in expansion of macro ‘ARITHMETIC_INSTRUCTIONS’
 1563 |         ARITHMETIC_INSTRUCTIONS
      |         ^~~~~~~~~~~~~~~~~~~~~~~
./Processor/instructions.h:147:47: note: parameter passing for argument of type ‘Rep3Share<gf2n_long>’ when C++17 is enabled changed to match C++14 in GCC 10.1
  147 |             *dest++ = *op1++ - sgf2n::constant(*op2++, Proc.P.my_num(), Proc2.MC.get_alphai())) \
      |                                ~~~~~~~~~~~~~~~^~~~~~~~~~~~~~~~~~~~~~~~~~~~~~~~~~~~~~~~~~~~~~~~
./Processor/Instruction.hpp:1562:60: note: in definition of macro ‘X’
 1562 |         case NAME: { PRE; for (int i = 0; i < size; i++) { CODE; } } break;
      |                                                            ^~~~
./Processor/Instruction.hpp:1563:9: note: in expansion of macro ‘ARITHMETIC_INSTRUCTIONS’
 1563 |         ARITHMETIC_INSTRUCTIONS
      |         ^~~~~~~~~~~~~~~~~~~~~~~
./Processor/instructions.h:147:30: note: parameter passing for argument of type ‘FixedVec<gf2n_long, 2>’ when C++17 is enabled changed to match C++14 in GCC 10.1
  147 |             *dest++ = *op1++ - sgf2n::constant(*op2++, Proc.P.my_num(), Proc2.MC.get_alphai())) \
      |                       ~~~~~~~^~~~~~~~~~~~~~~~~~~~~~~~~~~~~~~~~~~~~~~~~~~~~~~~~~~~~~~~~~~~~~~~~
./Processor/Instruction.hpp:1562:60: note: in definition of macro ‘X’
 1562 |         case NAME: { PRE; for (int i = 0; i < size; i++) { CODE; } } break;
      |                                                            ^~~~
./Processor/Instruction.hpp:1563:9: note: in expansion of macro ‘ARITHMETIC_INSTRUCTIONS’
 1563 |         ARITHMETIC_INSTRUCTIONS
      |         ^~~~~~~~~~~~~~~~~~~~~~~
./Processor/instructions.h:147:47: note: parameter passing for argument of type ‘Rep3Share<gf2n_long>’ when C++17 is enabled changed to match C++14 in GCC 10.1
  147 |             *dest++ = *op1++ - sgf2n::constant(*op2++, Proc.P.my_num(), Proc2.MC.get_alphai())) \
      |                                ~~~~~~~~~~~~~~~^~~~~~~~~~~~~~~~~~~~~~~~~~~~~~~~~~~~~~~~~~~~~~~~
./Processor/Instruction.hpp:1562:60: note: in definition of macro ‘X’
 1562 |         case NAME: { PRE; for (int i = 0; i < size; i++) { CODE; } } break;
      |                                                            ^~~~
./Processor/Instruction.hpp:1563:9: note: in expansion of macro ‘ARITHMETIC_INSTRUCTIONS’
 1563 |         ARITHMETIC_INSTRUCTIONS
      |         ^~~~~~~~~~~~~~~~~~~~~~~
./Processor/instructions.h:147:30: note: parameter passing for argument of type ‘FixedVec<gf2n_long, 2>’ when C++17 is enabled changed to match C++14 in GCC 10.1
  147 |             *dest++ = *op1++ - sgf2n::constant(*op2++, Proc.P.my_num(), Proc2.MC.get_alphai())) \
      |                       ~~~~~~~^~~~~~~~~~~~~~~~~~~~~~~~~~~~~~~~~~~~~~~~~~~~~~~~~~~~~~~~~~~~~~~~~
./Processor/Instruction.hpp:1562:60: note: in definition of macro ‘X’
 1562 |         case NAME: { PRE; for (int i = 0; i < size; i++) { CODE; } } break;
      |                                                            ^~~~
./Processor/Instruction.hpp:1563:9: note: in expansion of macro ‘ARITHMETIC_INSTRUCTIONS’
 1563 |         ARITHMETIC_INSTRUCTIONS
      |         ^~~~~~~~~~~~~~~~~~~~~~~
./Processor/instructions.h:147:47: note: parameter passing for argument of type ‘Rep3Share<gf2n_long>’ when C++17 is enabled changed to match C++14 in GCC 10.1
  147 |             *dest++ = *op1++ - sgf2n::constant(*op2++, Proc.P.my_num(), Proc2.MC.get_alphai())) \
      |                                ~~~~~~~~~~~~~~~^~~~~~~~~~~~~~~~~~~~~~~~~~~~~~~~~~~~~~~~~~~~~~~~
./Processor/Instruction.hpp:1562:60: note: in definition of macro ‘X’
 1562 |         case NAME: { PRE; for (int i = 0; i < size; i++) { CODE; } } break;
      |                                                            ^~~~
./Processor/Instruction.hpp:1563:9: note: in expansion of macro ‘ARITHMETIC_INSTRUCTIONS’
 1563 |         ARITHMETIC_INSTRUCTIONS
      |         ^~~~~~~~~~~~~~~~~~~~~~~
./Processor/instructions.h:147:30: note: parameter passing for argument of type ‘FixedVec<gf2n_long, 2>’ when C++17 is enabled changed to match C++14 in GCC 10.1
  147 |             *dest++ = *op1++ - sgf2n::constant(*op2++, Proc.P.my_num(), Proc2.MC.get_alphai())) \
      |                       ~~~~~~~^~~~~~~~~~~~~~~~~~~~~~~~~~~~~~~~~~~~~~~~~~~~~~~~~~~~~~~~~~~~~~~~~
./Processor/Instruction.hpp:1562:60: note: in definition of macro ‘X’
 1562 |         case NAME: { PRE; for (int i = 0; i < size; i++) { CODE; } } break;
      |                                                            ^~~~
./Processor/Instruction.hpp:1563:9: note: in expansion of macro ‘ARITHMETIC_INSTRUCTIONS’
 1563 |         ARITHMETIC_INSTRUCTIONS
      |         ^~~~~~~~~~~~~~~~~~~~~~~
./Processor/instructions.h:150:38: note: parameter passing for argument of type ‘Rep3Share<gf2n_long>’ when C++17 is enabled changed to match C++14 in GCC 10.1
  150 |             *dest++ = sgf2n::constant(*op1++, Proc.P.my_num(), Proc2.MC.get_alphai()) - *op2++) \
      |                       ~~~~~~~~~~~~~~~^~~~~~~~~~~~~~~~~~~~~~~~~~~~~~~~~~~~~~~~~~~~~~~~
./Processor/Instruction.hpp:1562:60: note: in definition of macro ‘X’
 1562 |         case NAME: { PRE; for (int i = 0; i < size; i++) { CODE; } } break;
      |                                                            ^~~~
./Processor/Instruction.hpp:1563:9: note: in expansion of macro ‘ARITHMETIC_INSTRUCTIONS’
 1563 |         ARITHMETIC_INSTRUCTIONS
      |         ^~~~~~~~~~~~~~~~~~~~~~~
./Processor/instructions.h:150:87: note: parameter passing for argument of type ‘FixedVec<gf2n_long, 2>’ when C++17 is enabled changed to match C++14 in GCC 10.1
  150 |             *dest++ = sgf2n::constant(*op1++, Proc.P.my_num(), Proc2.MC.get_alphai()) - *op2++) \
      |                       ~~~~~~~~~~~~~~~~~~~~~~~~~~~~~~~~~~~~~~~~~~~~~~~~~~~~~~~~~~~~~~~~^~~~~~~~
./Processor/Instruction.hpp:1562:60: note: in definition of macro ‘X’
 1562 |         case NAME: { PRE; for (int i = 0; i < size; i++) { CODE; } } break;
      |                                                            ^~~~
./Processor/Instruction.hpp:1563:9: note: in expansion of macro ‘ARITHMETIC_INSTRUCTIONS’
 1563 |         ARITHMETIC_INSTRUCTIONS
      |         ^~~~~~~~~~~~~~~~~~~~~~~
./Processor/instructions.h:150:38: note: parameter passing for argument of type ‘Rep3Share<gf2n_long>’ when C++17 is enabled changed to match C++14 in GCC 10.1
  150 |             *dest++ = sgf2n::constant(*op1++, Proc.P.my_num(), Proc2.MC.get_alphai()) - *op2++) \
      |                       ~~~~~~~~~~~~~~~^~~~~~~~~~~~~~~~~~~~~~~~~~~~~~~~~~~~~~~~~~~~~~~~
./Processor/Instruction.hpp:1562:60: note: in definition of macro ‘X’
 1562 |         case NAME: { PRE; for (int i = 0; i < size; i++) { CODE; } } break;
      |                                                            ^~~~
./Processor/Instruction.hpp:1563:9: note: in expansion of macro ‘ARITHMETIC_INSTRUCTIONS’
 1563 |         ARITHMETIC_INSTRUCTIONS
      |         ^~~~~~~~~~~~~~~~~~~~~~~
./Processor/instructions.h:150:87: note: parameter passing for argument of type ‘FixedVec<gf2n_long, 2>’ when C++17 is enabled changed to match C++14 in GCC 10.1
  150 |             *dest++ = sgf2n::constant(*op1++, Proc.P.my_num(), Proc2.MC.get_alphai()) - *op2++) \
      |                       ~~~~~~~~~~~~~~~~~~~~~~~~~~~~~~~~~~~~~~~~~~~~~~~~~~~~~~~~~~~~~~~~^~~~~~~~
./Processor/Instruction.hpp:1562:60: note: in definition of macro ‘X’
 1562 |         case NAME: { PRE; for (int i = 0; i < size; i++) { CODE; } } break;
      |                                                            ^~~~
./Processor/Instruction.hpp:1563:9: note: in expansion of macro ‘ARITHMETIC_INSTRUCTIONS’
 1563 |         ARITHMETIC_INSTRUCTIONS
      |         ^~~~~~~~~~~~~~~~~~~~~~~
./Processor/instructions.h:153:30: note: parameter passing for argument of type ‘RepShare<gf2n_long, 2>’ when C++17 is enabled changed to match C++14 in GCC 10.1
  153 |             *dest++ = *op1++ * *op2++) \
      |                       ~~~~~~~^~~~~~~~
./Processor/Instruction.hpp:1562:60: note: in definition of macro ‘X’
 1562 |         case NAME: { PRE; for (int i = 0; i < size; i++) { CODE; } } break;
      |                                                            ^~~~
./Processor/Instruction.hpp:1563:9: note: in expansion of macro ‘ARITHMETIC_INSTRUCTIONS’
 1563 |         ARITHMETIC_INSTRUCTIONS
      |         ^~~~~~~~~~~~~~~~~~~~~~~
g++ -o replicated-field-party.x -DNO_AVX_OT -I./local/include -march=armv8.2-a+crypto  -g -Wextra -Wall -O3 -I. -I./deps -pthread    -DUSE_GF2N_LONG '-DPREP_DIR="Player-Data/"' '-DSSL_DIR="Player-Data/"'  -std=c++20 -Wno-overloaded-virtual  -fPIC Machines/replicated-field-party.o libSPDZ.so GC/square64.o -lgmpxx -lgmp -lsodium   -Wl,-rpath -Wl,/home/ubuntu/MP-SPDZ/local/lib -L/home/ubuntu/MP-SPDZ/local/lib -lssl -lcrypto -lboost_filesystem -lboost_iostreams -lrt -z noexecstack -Wl,-rpath -Wl,/home/ubuntu/MP-SPDZ libSPDZ.so
./Processor/Data_Files.hpp: In member function ‘T Preprocessing<T>::get_random_from_inputs(int) [with T = MaliciousRep3Share<gf2n_long>]’:
./Processor/Data_Files.hpp:47:3: note: parameter passing for argument of type ‘MaliciousRep3Share<gf2n_long>’ when C++17 is enabled changed to match C++14 in GCC 10.1
   47 | T Preprocessing<T>::get_random_from_inputs(int nplayers)
      |   ^~~~~~~~~~~~~~~~
./Protocols/ReplicatedPrep.hpp: In member function ‘void BitPrep<T>::buffer_squares() [with T = Rep3Share<gf2n_long>]’:
./Protocols/ReplicatedPrep.hpp:265:48: note: parameter passing for argument of type ‘RepShare<gf2n_long, 2>’ when C++17 is enabled changed to match C++14 in GCC 10.1
  265 |         this->squares.push_back({{as[i], as[i] * opened[i] - cs[i]}});
      |                                          ~~~~~~^~~~~~~~~
./Protocols/ReplicatedPrep.hpp:247:6: note: parameter passing for argument of type ‘FixedVec<gf2n_long, 2>’ when C++17 is enabled changed to match C++14 in GCC 10.1
  247 | void BitPrep<T>::buffer_squares()
      |      ^~~~~~~~~~
./Protocols/ReplicatedPrep.hpp: In function ‘void generate_squares(std::vector<std::array<T, 2> >&, int, U*) [with T = Rep3Share<gf2n_long>; U = Replicated<Rep3Share<gf2n_long> >]’:
./Protocols/ReplicatedPrep.hpp:276:6: note: parameter passing for argument of type ‘Rep3Share<gf2n_long>’ when C++17 is enabled changed to match C++14 in GCC 10.1
  276 | void generate_squares(vector<array<T, 2>>& squares, int n_squares,
      |      ^~~~~~~~~~~~~~~~
./Protocols/ReplicatedPrep.hpp: In member function ‘void BitPrep<T>::buffer_squares() [with T = MaliciousRep3Share<gf2n_long>]’:
./Protocols/ReplicatedPrep.hpp:265:48: note: parameter passing for argument of type ‘RepShare<gf2n_long, 2>’ when C++17 is enabled changed to match C++14 in GCC 10.1
  265 |         this->squares.push_back({{as[i], as[i] * opened[i] - cs[i]}});
      |                                          ~~~~~~^~~~~~~~~
In member function ‘edabit<T> edabitvec<T>::next() [with T = MaliciousRep3Share<gf2n_long>]’,
    inlined from ‘void Sub_Data_Files<T>::get_edabit_no_count(bool, int, edabit<T>&) [with T = MaliciousRep3Share<gf2n_long>]’ at ./Protocols/ReplicatedPrep.hpp:1314:23:
./Protocols/edabit.h:80:26: note: parameter passing for argument of type ‘MaliciousRep3Share<gf2n_long>’ when C++17 is enabled changed to match C++14 in GCC 10.1
   80 |         res.first = a.pop();
      |                     ~~~~~^~
./Protocols/MaliciousRepPrep.hpp: In function ‘void sacrifice(const std::vector<std::array<T, 5> >&, Player&) [with T = MaliciousRep3Share<gf2n_long>; U = gf2n_long]’:
./Protocols/MaliciousRepPrep.hpp:127:32: note: parameter passing for argument of type ‘FixedVec<gf2n_long, 2>’ when C++17 is enabled changed to match C++14 in GCC 10.1
  127 |         masked.push_back(T::Mul(a, t) - a_prime);
      |                          ~~~~~~^~~~~~
./Protocols/MaliciousRepPrep.hpp: In member function ‘void MaliciousRepPrep<T>::buffer_squares() [with T = MaliciousRep3Share<gf2n_long>]’:
./Protocols/MaliciousRepPrep.hpp:174:28: note: parameter passing for argument of type ‘RepShare<gf2n_long, 2>’ when C++17 is enabled changed to match C++14 in GCC 10.1
  174 |         masked.push_back(a * t - f);
      |                          ~~^~~
./Protocols/MaliciousRepPrep.hpp:144:6: note: parameter passing for argument of type ‘FixedVec<gf2n_long, 2>’ when C++17 is enabled changed to match C++14 in GCC 10.1
  144 | void MaliciousRepPrep<T>::buffer_squares()
      |      ^~~~~~~~~~~~~~~~~~~
./Protocols/MaliciousRepPrep.hpp: In member function ‘void MaliciousRepPrep<T>::buffer_squares() [with T = MaliciousRep3Share<gf2n_long>]’:
./Protocols/MaliciousRepPrep.hpp:174:28: note: parameter passing for argument of type ‘RepShare<gf2n_long, 2>’ when C++17 is enabled changed to match C++14 in GCC 10.1
  174 |         masked.push_back(a * t - f);
      |                          ~~^~~
./Protocols/MaliciousRepPrep.hpp:144:6: note: parameter passing for argument of type ‘FixedVec<gf2n_long, 2>’ when C++17 is enabled changed to match C++14 in GCC 10.1
  144 | void MaliciousRepPrep<T>::buffer_squares()
      |      ^~~~~~~~~~~~~~~~~~~
./Protocols/ReplicatedPrep.hpp: In member function ‘void BitPrep<T>::buffer_ring_bits_without_check(std::vector<T>&, PRNG&, int) [with T = MaliciousRep3Share<gf2n_long>]’:
./Protocols/ReplicatedPrep.hpp:706:6: note: parameter passing for argument of type ‘MaliciousRep3Share<gf2n_long>’ when C++17 is enabled changed to match C++14 in GCC 10.1
  706 | void BitPrep<T>::buffer_ring_bits_without_check(vector<T>& bits, PRNG& G,
      |      ^~~~~~~~~~
./Protocols/ReplicatedPrep.hpp:706:6: note: parameter passing for argument of type ‘FixedVec<gf2n_long, 2>’ when C++17 is enabled changed to match C++14 in GCC 10.1
In function ‘void buffer_bits_from_players(std::vector<std::vector<T> >&, PRNG&, SubProcessor<T>&, int, int, int) [with T = MaliciousRep3Share<gf2n_long>]’,
    inlined from ‘void BitPrep<T>::buffer_ring_bits_without_check(std::vector<T>&, PRNG&, int) [with T = MaliciousRep3Share<gf2n_long>]’ at ./Protocols/ReplicatedPrep.hpp:719:29:
./Protocols/ReplicatedPrep.hpp:698:35: note: parameter passing for argument of type ‘MaliciousRep3Share<gf2n_long>’ when C++17 is enabled changed to match C++14 in GCC 10.1
  698 |                     input.finalize((base_player + i) % P.num_players(),
      |                     ~~~~~~~~~~~~~~^~~~~~~~~~~~~~~~~~~~~~~~~~~~~~~~~~~~~
  699 |                             n_bits));
      |                             ~~~~~~~
In function ‘void XOR(std::vector<T>&, std::vector<T>&, std::vector<T>&, typename T::Protocol&) [with T = MaliciousRep3Share<gf2n_long>]’,
    inlined from ‘void BitPrep<T>::buffer_ring_bits_without_check(std::vector<T>&, PRNG&, int) [with T = MaliciousRep3Share<gf2n_long>]’ at ./Protocols/ReplicatedPrep.hpp:723:8:
./Protocols/ReplicatedPrep.hpp:381:27: note: parameter passing for argument of type ‘FixedVec<gf2n_long, 2>’ when C++17 is enabled changed to match C++14 in GCC 10.1
  381 |             res[i] = x[i] + y[i];
      |                      ~~~~~^~~~
./Protocols/Spdz2kPrep.hpp: In member function ‘void MaliciousRingPrep<T>::buffer_bits() [with T = MaliciousRep3Share<gf2n_long>]’:
./Protocols/Spdz2kPrep.hpp:57:6: note: parameter passing for argument of type ‘Rep3Share<gf2n_long>’ when C++17 is enabled changed to match C++14 in GCC 10.1
   57 | void MaliciousRingPrep<T>::buffer_bits()
      |      ^~~~~~~~~~~~~~~~~~~~
./Protocols/Spdz2kPrep.hpp:57:6: note: parameter passing for argument of type ‘MaliciousRep3Share<gf2n_long>’ when C++17 is enabled changed to match C++14 in GCC 10.1
./Protocols/Spdz2kPrep.hpp:57:6: note: parameter passing for argument of type ‘Rep3Share<gf2n_long>’ when C++17 is enabled changed to match C++14 in GCC 10.1
./Protocols/Spdz2kPrep.hpp:57:6: note: parameter passing for argument of type ‘MaliciousRep3Share<gf2n_long>’ when C++17 is enabled changed to match C++14 in GCC 10.1
./Protocols/Spdz2kPrep.hpp:65:27: note: parameter passing for argument of type ‘Rep3Share<gf2n_long>’ when C++17 is enabled changed to match C++14 in GCC 10.1
   65 |     auto one = T::constant(1, protocol.P.my_num(), this->proc->MC.get_alphai());
      |                ~~~~~~~~~~~^~~~~~~~~~~~~~~~~~~~~~~~~~~~~~~~~~~~~~~~~~~~~~~~~~~~~
./Protocols/Spdz2kPrep.hpp:72:58: note: parameter passing for argument of type ‘MaliciousRep3Share<gf2n_long>’ when C++17 is enabled changed to match C++14 in GCC 10.1
   72 |     this->proc->MC.CheckFor(0, {protocol.finalize_dotprod(this->bits.size())},
      |                                 ~~~~~~~~~~~~~~~~~~~~~~~~~^~~~~~~~~~~~~~~~~~~
./Protocols/ReplicatedPrep.hpp: In function ‘void generate_triples_initialized(std::vector<std::array<T, 3> >&, int, U*, int) [with T = Rep3Share<gf2n_long>; U = Replicated<Rep3Share<gf2n_long> >]’:
./Protocols/ReplicatedPrep.hpp:207:6: note: parameter passing for argument of type ‘Rep3Share<gf2n_long>’ when C++17 is enabled changed to match C++14 in GCC 10.1
  207 | void generate_triples_initialized(vector<array<T, 3>>& triples, int n_triples,
      |      ^~~~~~~~~~~~~~~~~~~~~~~~~~~~
./Protocols/MaliciousRepPrep.hpp: In member function ‘void MaliciousBitOnlyRepPrep<T>::buffer_bits() [with T = MaliciousRep3Share<gf2n_long>]’:
./Protocols/MaliciousRepPrep.hpp:191:6: note: parameter passing for argument of type ‘FixedVec<gf2n_long, 2>’ when C++17 is enabled changed to match C++14 in GCC 10.1
  191 | void MaliciousBitOnlyRepPrep<T>::buffer_bits()
      |      ^~~~~~~~~~~~~~~~~~~~~~~~~~
In member function ‘edabit<T> edabitvec<T>::next() [with T = MaliciousRep3Share<gf2n_long>]’,
    inlined from ‘void BufferPrep<T>::get_edabit_no_count(bool, int, edabit<T>&) [with T = MaliciousRep3Share<gf2n_long>]’ at ./Protocols/ReplicatedPrep.hpp:1302:23:
./Protocols/edabit.h:80:26: note: parameter passing for argument of type ‘MaliciousRep3Share<gf2n_long>’ when C++17 is enabled changed to match C++14 in GCC 10.1
   80 |         res.first = a.pop();
      |                     ~~~~~^~
In member function ‘edabit<T> edabitvec<T>::next() [with T = Rep3Share<gf2n_long>]’,
    inlined from ‘void BufferPrep<T>::get_edabit_no_count(bool, int, edabit<T>&) [with T = Rep3Share<gf2n_long>]’ at ./Protocols/ReplicatedPrep.hpp:1302:23:
./Protocols/edabit.h:80:26: note: parameter passing for argument of type ‘Rep3Share<gf2n_long>’ when C++17 is enabled changed to match C++14 in GCC 10.1
   80 |         res.first = a.pop();
      |                     ~~~~~^~
g++ -o malicious-rep-field-party.x -DNO_AVX_OT -I./local/include -march=armv8.2-a+crypto  -g -Wextra -Wall -O3 -I. -I./deps -pthread    -DUSE_GF2N_LONG '-DPREP_DIR="Player-Data/"' '-DSSL_DIR="Player-Data/"'  -std=c++20 -Wno-overloaded-virtual  -fPIC Machines/malicious-rep-field-party.o libSPDZ.so -lgmpxx -lgmp -lsodium   -Wl,-rpath -Wl,/home/ubuntu/MP-SPDZ/local/lib -L/home/ubuntu/MP-SPDZ/local/lib -lssl -lcrypto -lboost_filesystem -lboost_iostreams -lrt -z noexecstack -Wl,-rpath -Wl,/home/ubuntu/MP-SPDZ libSPDZ.so
Setting up SSL for 3 parties
..+.+..+++++++++++++++++++++++++++++++++++++++++++++++++++++++++++++++++*..+.+........+....+........+++++++++++++++++++++++++++++++++++++++++++++++++++++++++++++++++*....+......+........+...+...+...............+....+.....+++++++++++++++++++++++++++++++++++++++++++++++++++++++++++++++++
.........+..+......+.............+..+.......+...+.....+....+...+++++++++++++++++++++++++++++++++++++++++++++++++++++++++++++++++*.......+.......+.....+.........+...+...+.........+...+.+..+...+.........+..........+..+....+++++++++++++++++++++++++++++++++++++++++++++++++++++++++++++++++*......+....+........+.+......+.........+...............+..............+.+.................+...+....+...+...+++++++++++++++++++++++++++++++++++++++++++++++++++++++++++++++++
-----
.+.....+....+........+............+.+..+....+......+..+......+.+........+.+......+......+...+......+......+..+++++++++++++++++++++++++++++++++++++++++++++++++++++++++++++++++*..+...+.+++++++++++++++++++++++++++++++++++++++++++++++++++++++++++++++++*..+.+..+.......+...........+...+....+...+..+.+.....+................+.....+.+..+......+......+.+..+..........+........+...+..........+...........+....+..+...............+...+.......+..+.+...........+...+......+......+.+.....+.........+.............+...+..+............+....+..+++++++++++++++++++++++++++++++++++++++++++++++++++++++++++++++++
.+.....+.+......+...+++++++++++++++++++++++++++++++++++++++++++++++++++++++++++++++++*.....+......+.......+..+.+........+....+..+++++++++++++++++++++++++++++++++++++++++++++++++++++++++++++++++*...+..........+..............+.......+...+..............+...+..........+..+...............+.+......+.....+....+.....+....+.................+.............+..+....+...............+.........+...+...+..+.......+..+...+......+...............+.........+......+....+...+...+..............+.......+..............+.+........+.+...........+.+..+......+......+....+...........+.............+..+.............+.................+....+..+...+.......+........+....+...+........+.+........+...+.......+...+.....+....+...+...+.....+...+......+...............+...+.+..+............+.......+.....+....+.....+.+...........+...+.+.....+.........+.+...+...+.....+...............+..................+...............+....+.....+......+...........................+....+.........+..+.......+..+...+..........+............+...+........+...+........................+.+......+......+........+......+......+.......+..+.+............+.....+.+......+..............+......+.+..+.....................+......+......+.......+..+.+...+..+...............+....+..............+.+......+.....+....+...+......+.....+.+......+..+............+...+......+....+..+....+...........+...+..................+.......+...........+...............+.+.....+..........+......+..+...+....+......+.....+.......+........+.......+........+...+................+.....+...+......+.+.....+.+...+..+............+...+....+.......................+.......+.....+...+...+...+.+......+...+......+......+..+.+......+......+..............+...+...+...+....+...+..................+...............+..+.......+......+..+...+.........+.............+..+...+++++++++++++++++++++++++++++++++++++++++++++++++++++++++++++++++
-----
.....+.....+...+................+++++++++++++++++++++++++++++++++++++++++++++++++++++++++++++++++*.......+.......+...............+.....+++++++++++++++++++++++++++++++++++++++++++++++++++++++++++++++++*.+...+.....+...+..........+...+...............+.....+...............+.+.........+.....+......+.+..................+.....+....+.....+......+.+...+..+.+...............+.....+.......+..+.+............+.................+....+......+...+......+......+...+.....+......+...............+.+......+.....+.......+.....+...+.........+....+..+...+......+.+...+...............+.....+...............+....+...+.........+.....+.+...+......+....................+....+.....+.........+...+++++++++++++++++++++++++++++++++++++++++++++++++++++++++++++++++
..+..........+...+.....+....+..+...+...+............+.+............+..+.+..+.......+......+...........+.........+.+........+++++++++++++++++++++++++++++++++++++++++++++++++++++++++++++++++*.....+..........+..+...+....+++++++++++++++++++++++++++++++++++++++++++++++++++++++++++++++++*.+..+...+....+........+.............+........+.+...............+........+.+..+....+.....+...+...+.......+...+..............+.............+..+...+.+.....+....+........+..........+..+.+...........+.+...+++++++++++++++++++++++++++++++++++++++++++++++++++++++++++++++++
-----
rm: cannot remove 'Player-Data/*.0': No such file or directory
Doing Player-Data
link P0.pem -> 690ad341.0
link P0.pem -> 16036ff6.0
link P1.pem -> 0c19e31f.0
link P1.pem -> 98ab66c2.0
link P2.pem -> 786af600.0
link P2.pem -> 722e178a.0
MP-SPDZ ready at /home/ubuntu/MP-SPDZ
warn: It looks like you have an existing rustup settings file at:
warn: /home/ubuntu/.rustup/settings.toml
warn: Rustup will install the default toolchain as specified in the settings file,
warn: instead of the one inferred from the default host triple.

  stable-aarch64-unknown-linux-gnu installed - rustc 1.98.0 (88d9e12ae 2026-08-18)


Rust is installed now. Great!

To get started you may need to restart your current shell.
This would reload your PATH environment variable to include
Cargo's bin directory ($HOME/.cargo/bin).

To configure your current shell, you need to source
the corresponding env file under $HOME/.cargo.

This is usually done by running one of the following (note the leading DOT):
. "$HOME/.cargo/env"            # For sh/bash/zsh/ash/dash/pdksh
source "$HOME/.cargo/env.fish"  # For fish
source "~/.cargo/env.nu"  # For nushell
source "$HOME/.cargo/env.tcsh"  # For tcsh
. "$HOME/.cargo/env.ps1"        # For pwsh
source "$HOME/.cargo/env.xsh"   # For xonsh
=== member 0 ready on :9001 ===
